{
  "type": "FeatureCollection",
  "generator": "merged from export files",
  "copyright": "The data included in this document is from www.openstreetmap.org. The data is made available under ODbL.",
  "timestamp": "2026-02-03T05:28:21Z",
  "features": [
    
    {
      "type": "Feature",
      "properties": {
        "@id": "way/206420904",
        "addr:city": "San Luis Obispo",
        "addr:postcode": "93407",
        "addr:street": "Grand",
        "building": "university",
        "name": "Recreation Center",
        "ref": "43"
      },
      "geometry": {
        "type": "Polygon",
        "coordinates": [
          [
            [
              -120.6593072,
              35.2980865
            ],
            [
              -120.6591774,
              35.2979044
            ],
            [
              -120.659349,
              35.2978238
            ],
            [
              -120.6593737,
              35.2978573
            ],
            [
              -120.6594433,
              35.2978253
            ],
            [
              -120.6594538,
              35.2978402
            ],
            [
              -120.659545,
              35.2978233
            ],
            [
              -120.6592986,
              35.2974688
            ],
            [
              -120.6588723,
              35.2976691
            ],
            [
              -120.6589347,
              35.2977576
            ],
            [
              -120.6588646,
              35.2977906
            ],
            [
              -120.6591314,
              35.2981694
            ],
            [
              -120.6590901,
              35.2981889
            ],
            [
              -120.6594978,
              35.2987751
            ],
            [
              -120.6596279,
              35.2987501
            ],
            [
              -120.6596124,
              35.2986992
            ],
            [
              -120.6598063,
              35.2986097
            ],
            [
              -120.6598398,
              35.2986597
            ],
            [
              -120.6599598,
              35.2986029
            ],
            [
              -120.6599283,
              35.2985571
            ],
            [
              -120.6599776,
              35.2985332
            ],
            [
              -120.6601885,
              35.2988338
            ],
            [
              -120.660221,
              35.2988631
            ],
            [
              -120.6602855,
              35.2988816
            ],
            [
              -120.6604888,
              35.2988448
            ],
            [
              -120.6604663,
              35.2987569
            ],
            [
              -120.6605167,
              35.2987462
            ],
            [
              -120.6605215,
              35.2987575
            ],
            [
              -120.6605699,
              35.2987488
            ],
            [
              -120.6605667,
              35.2987379
            ],
            [
              -120.660705,
              35.2987114
            ],
            [
              -120.6605795,
              35.2982572
            ],
            [
              -120.6606647,
              35.2982398
            ],
            [
              -120.6606103,
              35.2980465
            ],
            [
              -120.6605246,
              35.2980612
            ],
            [
              -120.6605236,
              35.2980551
            ],
            [
              -120.6603846,
              35.2980799
            ],
            [
              -120.6603814,
              35.2980668
            ],
            [
              -120.6602838,
              35.2980849
            ],
            [
              -120.6602866,
              35.2980974
            ],
            [
              -120.6601514,
              35.2981239
            ],
            [
              -120.6601423,
              35.298087
            ],
            [
              -120.6595646,
              35.2981945
            ],
            [
              -120.6594448,
              35.2980215
            ],
            [
              -120.6593072,
              35.2980865
            ]
          ]
        ]
      },
      "id": "way/206420904"
    },
    {
      "type": "Feature",
      "properties": {
        "@id": "way/45600400",
        "addr:city": "San Luis Obispo",
        "addr:postcode": "93407",
        "addr:street": "Grand",
        "building": "university",
        "name": "Facility Services/Receiving Warehouse",
        "ref": "70",
        "amenity": "academic"
      },
      "geometry": {
        "type": "Polygon",
        "coordinates": [
          [
            [
              -120.6598037,
              35.3042617
            ],
            [
              -120.6597931,
              35.3041496
            ],
            [
              -120.6598222,
              35.3041477
            ],
            [
              -120.6598063,
              35.3039794
            ],
            [
              -120.6597768,
              35.3039812
            ],
            [
              -120.6597618,
              35.3038224
            ],
            [
              -120.6597913,
              35.3038205
            ],
            [
              -120.6597752,
              35.3036502
            ],
            [
              -120.6597466,
              35.303652
            ],
            [
              -120.6597319,
              35.303496
            ],
            [
              -120.6594542,
              35.3035135
            ],
            [
              -120.6594809,
              35.3037963
            ],
            [
              -120.6594273,
              35.3037996
            ],
            [
              -120.6594368,
              35.3039
            ],
            [
              -120.6594918,
              35.3038965
            ],
            [
              -120.6595279,
              35.304279
            ],
            [
              -120.6598037,
              35.3042617
            ]
          ]
        ]
      },
      "id": "way/45600400"
    },
    {
      "type": "Feature",
      "properties": {
        "@id": "way/45637278",
        "building": "greenhouse",
        "name": "48- Environmental Horitcultural Science",
        "ref": "48"
      },
      "geometry": {
        "type": "Polygon",
        "coordinates": [
          [
            [
              -120.6632828,
              35.3092407
            ],
            [
              -120.6632341,
              35.3090713
            ],
            [
              -120.6630407,
              35.3091083
            ],
            [
              -120.6630894,
              35.3092777
            ],
            [
              -120.6632828,
              35.3092407
            ]
          ]
        ]
      },
      "id": "way/45637278"
    },
    {
      "type": "Feature",
      "properties": {
        "@id": "way/45637279",
        "building": "yes",
        "name": "48- Environmental Horitcultural Science",
        "ref": "48"
      },
      "geometry": {
        "type": "Polygon",
        "coordinates": [
          [
            [
              -120.6637407,
              35.3093802
            ],
            [
              -120.6636921,
              35.3092085
            ],
            [
              -120.6633258,
              35.3092775
            ],
            [
              -120.6633743,
              35.3094492
            ],
            [
              -120.6637407,
              35.3093802
            ]
          ]
        ]
      },
      "id": "way/45637279"
    },
  
    {
      "type": "Feature",
      "properties": {
        "@id": "way/45637285",
        "building": "yes",
        "name": "48- Environmental Horitcultural Science",
        "ref": "48"
      },
      "geometry": {
        "type": "Polygon",
        "coordinates": [
          [
            [
              -120.6636589,
              35.3091704
            ],
            [
              -120.6635945,
              35.3089457
            ],
            [
              -120.6634566,
              35.308972
            ],
            [
              -120.663463,
              35.3089945
            ],
            [
              -120.6634376,
              35.3089993
            ],
            [
              -120.6634466,
              35.3090305
            ],
            [
              -120.663251,
              35.3090678
            ],
            [
              -120.6633,
              35.3092389
            ],
            [
              -120.6636589,
              35.3091704
            ]
          ]
        ]
      },
      "id": "way/45637285"
    },
    {
      "type": "Feature",
      "properties": {
        "@id": "way/45637286",
        "building": "yes",
        "name": "32- Cal Poly Equine Center",
        "ref": "32"
      },
      "geometry": {
        "type": "Polygon",
        "coordinates": [
          [
            [
              -120.6644061,
              35.3092082
            ],
            [
              -120.6645617,
              35.3091455
            ],
            [
              -120.6643909,
              35.3088633
            ],
            [
              -120.6642353,
              35.308926
            ],
            [
              -120.6644061,
              35.3092082
            ]
          ]
        ]
      },
      "id": "way/45637286"
    },
   
    
  

    {
      "type": "Feature",
      "properties": {
        "@id": "way/865472918",
        "building": "greenhouse",
        "name": "48- Environmental Horitcultural Science",
        "ref": "48"
      },
      "geometry": {
        "type": "Polygon",
        "coordinates": [
          [
            [
              -120.663342,
              35.3094552
            ],
            [
              -120.6632969,
              35.3092865
            ],
            [
              -120.6631073,
              35.3093203
            ],
            [
              -120.6631525,
              35.309489
            ],
            [
              -120.663342,
              35.3094552
            ]
          ]
        ]
      },
      "id": "way/865472918"
    },
    
    {
      "type": "Feature",
      "properties": {
        "@id": "way/38899882",
        "addr:city": "San Luis Obispo",
        "addr:housenumber": "197",
        "addr:postcode": "93407",
        "addr:street": "Grand",
        "building": "university",
        "name": "Bonderson Projects Center",
        "ref": "197",
        "amenity": "academic"
      },
      "geometry": {
        "type": "Polygon",
        "coordinates": [
          [
            [
              -120.6644849,
              35.3023148
            ],
            [
              -120.6644348,
              35.3023245
            ],
            [
              -120.6644217,
              35.3022795
            ],
            [
              -120.6638899,
              35.3023824
            ],
            [
              -120.6639509,
              35.3025926
            ],
            [
              -120.6638504,
              35.3026121
            ],
            [
              -120.6638595,
              35.3026434
            ],
            [
              -120.6639453,
              35.3026268
            ],
            [
              -120.6639652,
              35.3026956
            ],
            [
              -120.6643644,
              35.3026184
            ],
            [
              -120.6643522,
              35.3025766
            ],
            [
              -120.6645499,
              35.3025384
            ],
            [
              -120.6644849,
              35.3023148
            ]
          ]
        ]
      },
      "id": "way/38899882"
    },
  
    {
      "type": "Feature",
      "properties": {
        "@id": "way/38939884",
        "addr:city": "San Luis Obispo",
        "addr:postcode": "93407",
        "addr:street": "Grand",
        "building": "university",
        "name": "Engineering West Addition",
        "ref": "13",
        "amenity": "engineering_building"
      },
      "geometry": {
        "type": "Polygon",
        "coordinates": [
          [
            [
              -120.6634899,
              35.2995546
            ],
            [
              -120.6631581,
              35.299614
            ],
            [
              -120.6631399,
              35.2996172
            ],
            [
              -120.6631238,
              35.2996201
            ],
            [
              -120.6626758,
              35.2997035
            ],
            [
              -120.6626689,
              35.2996675
            ],
            [
              -120.6625638,
              35.2996875
            ],
            [
              -120.662585,
              35.2997472
            ],
            [
              -120.6625569,
              35.2997527
            ],
            [
              -120.6626892,
              35.3002018
            ],
            [
              -120.6626947,
              35.3002208
            ],
            [
              -120.6627043,
              35.3002518
            ],
            [
              -120.6628692,
              35.3002212
            ],
            [
              -120.6628601,
              35.3001911
            ],
            [
              -120.6627545,
              35.2998329
            ],
            [
              -120.6632594,
              35.2997407
            ],
            [
              -120.6632739,
              35.2997886
            ],
            [
              -120.6634904,
              35.2997484
            ],
            [
              -120.6635092,
              35.2998183
            ],
            [
              -120.6634372,
              35.2998312
            ],
            [
              -120.6634403,
              35.2998426
            ],
            [
              -120.6633275,
              35.2998627
            ],
            [
              -120.6633627,
              35.2999824
            ],
            [
              -120.6635363,
              35.2999509
            ],
            [
              -120.6635592,
              35.3000363
            ],
            [
              -120.6637054,
              35.3000102
            ],
            [
              -120.6637022,
              35.2999982
            ],
            [
              -120.6639125,
              35.2999606
            ],
            [
              -120.6638782,
              35.2998329
            ],
            [
              -120.6637937,
              35.299851
            ],
            [
              -120.6638018,
              35.2998876
            ],
            [
              -120.6636739,
              35.2999085
            ],
            [
              -120.6635873,
              35.2996258
            ],
            [
              -120.663811,
              35.2995861
            ],
            [
              -120.6637722,
              35.299434
            ],
            [
              -120.6636057,
              35.2994682
            ],
            [
              -120.6636172,
              35.2994935
            ],
            [
              -120.6634838,
              35.2995183
            ],
            [
              -120.6634899,
              35.2995546
            ]
          ]
        ]
      },
      "id": "way/38939884"
    },
    {
      "type": "Feature",
      "properties": {
        "@id": "way/38939886",
        "addr:city": "San Luis Obispo",
        "addr:housenumber": "21",
        "addr:postcode": "93407",
        "addr:state": "CA",
        "addr:street": "North Poly View Drive",
        "building": "university",
        "building:levels": "2",
        "email": "arce@calpoly.edu",
        "fax": "+1 805-756-6054",
        "name": "Engineering West: Architectural Engineering",
        "phone": "+1 805-756-1314",
        "university-function": "academic school or college",
        "website": "https://arce.calpoly.edu/",
        "amenity": "engineering_building",
        "ref": "13"
      },
      "geometry": {
        "type": "Polygon",
        "coordinates": [
          [
            [
              -120.6631677,
              35.3001646
            ],
            [
              -120.6631037,
              35.3001764
            ],
            [
              -120.6630905,
              35.3001282
            ],
            [
              -120.6630113,
              35.3001452
            ],
            [
              -120.6630251,
              35.3001913
            ],
            [
              -120.6628692,
              35.3002212
            ],
            [
              -120.6627043,
              35.3002518
            ],
            [
              -120.6626388,
              35.3002663
            ],
            [
              -120.6626858,
              35.3004304
            ],
            [
              -120.6632192,
              35.300336
            ],
            [
              -120.6631873,
              35.3002328
            ],
            [
              -120.6631836,
              35.3002179
            ],
            [
              -120.6631785,
              35.3002026
            ],
            [
              -120.6631677,
              35.3001646
            ]
          ]
        ]
      },
      "id": "way/38939886"
    },
    {
      "type": "Feature",
      "properties": {
        "@id": "way/45599071",
        "addr:city": "San Luis Obispo",
        "addr:postcode": "93407",
        "addr:street": "Grand",
        "building": "university",
        "building:levels": "2",
        "name": "Davidson Music Center",
        "official_name": "H. P. Davidson Music Center",
        "ref": "45",
        "amenity": "performing_arts"
      },
      "geometry": {
        "type": "Polygon",
        "coordinates": [
          [
            [
              -120.6578997,
              35.2994835
            ],
            [
              -120.6578176,
              35.2995231
            ],
            [
              -120.6578798,
              35.299609
            ],
            [
              -120.6578568,
              35.2996201
            ],
            [
              -120.657896,
              35.2996743
            ],
            [
              -120.6580093,
              35.2996197
            ],
            [
              -120.6581322,
              35.2995605
            ],
            [
              -120.6583028,
              35.2994782
            ],
            [
              -120.657965,
              35.2990116
            ],
            [
              -120.6578659,
              35.2990594
            ],
            [
              -120.6578373,
              35.2990198
            ],
            [
              -120.6577507,
              35.2990616
            ],
            [
              -120.6577777,
              35.2990989
            ],
            [
              -120.6576618,
              35.2991548
            ],
            [
              -120.6578997,
              35.2994835
            ]
          ]
        ]
      },
      "id": "way/45599071"
    },
    {
      "type": "Feature",
      "properties": {
        "@id": "way/45599074",
        "addr:city": "San Luis Obispo",
        "addr:postcode": "93407",
        "addr:street": "Grand",
        "building": "university",
        "name": "Robert E. Mott Physical Education",
        "ref": "42",
        "amenity": "recreation"
      },
      "geometry": {
        "type": "Polygon",
        "coordinates": [
          [
            [
              -120.6585142,
              35.2992021
            ],
            [
              -120.6589459,
              35.298995
            ],
            [
              -120.6589789,
              35.2990415
            ],
            [
              -120.6591717,
              35.2989503
            ],
            [
              -120.6591333,
              35.2988963
            ],
            [
              -120.6594094,
              35.2987656
            ],
            [
              -120.6591123,
              35.2983472
            ],
            [
              -120.6588295,
              35.298481
            ],
            [
              -120.658811,
              35.298455
            ],
            [
              -120.6583848,
              35.2986567
            ],
            [
              -120.658404,
              35.2986837
            ],
            [
              -120.6582095,
              35.2987757
            ],
            [
              -120.6585142,
              35.2992021
            ]
          ]
        ]
      },
      "id": "way/45599074"
    },
   
    
    {
      "type": "Feature",
      "properties": {
        "@id": "way/45600370",
        "addr:city": "San Luis Obispo",
        "addr:housenumber": "21",
        "addr:postcode": "93407-0283",
        "addr:state": "CA",
        "addr:street": "North Poly View Drive",
        "building": "university",
        "building:levels": "2",
        "description": "Home of the glorious and world-renowned City and Regional Planning department under the College of Architecture and Environmental Design in Cal Poly.",
        "email": "crp@calpoly.edu",
        "fax": "+1 805-756-1340",
        "name": "Engineering West: City and Regional Planning",
        "phone": "+1 805-756-1315",
        "university-function": "academic school or college",
        "website": "https://planning.calpoly.edu/",
        "wheelchair": "yes",
        "amenity": "engineering_building",
        "ref": "13"
      },
      "geometry": {
        "type": "Polygon",
        "coordinates": [
          [
            [
              -120.6638778,
              35.3002101
            ],
            [
              -120.6638519,
              35.3001085
            ],
            [
              -120.6638977,
              35.3000994
            ],
            [
              -120.6638759,
              35.3000274
            ],
            [
              -120.6632938,
              35.3001302
            ],
            [
              -120.6633064,
              35.3001767
            ],
            [
              -120.6633115,
              35.3001927
            ],
            [
              -120.6633162,
              35.3002085
            ],
            [
              -120.6633464,
              35.3003067
            ],
            [
              -120.6638778,
              35.3002101
            ]
          ]
        ]
      },
      "id": "way/45600370"
    },
    
    {
      "type": "Feature",
      "properties": {
        "@id": "way/45600373",
        "addr:city": "San Luis Obispo",
        "addr:postcode": "93407",
        "addr:street": "Grand",
        "building": "university",
        "leisure": "sports_hall",
        "name": "Crandall Gymnasium",
        "ref": "46",
        "amenity": "recreation"
      },
      "geometry": {
        "type": "Polygon",
        "coordinates": [
          [
            [
              -120.6643854,
              35.2996253
            ],
            [
              -120.6643698,
              35.2995674
            ],
            [
              -120.6643246,
              35.2994
            ],
            [
              -120.6644105,
              35.2993846
            ],
            [
              -120.6643975,
              35.2993362
            ],
            [
              -120.6642247,
              35.2993671
            ],
            [
              -120.663925,
              35.299421
            ],
            [
              -120.6639328,
              35.29945
            ],
            [
              -120.6639197,
              35.2994524
            ],
            [
              -120.6639697,
              35.299638
            ],
            [
              -120.6639844,
              35.2996353
            ],
            [
              -120.6640003,
              35.2996945
            ],
            [
              -120.6643854,
              35.2996253
            ]
          ]
        ]
      },
      "id": "way/45600373"
    },
    
    
    {
      "type": "Feature",
      "properties": {
        "@id": "way/45600385",
        "building": "university",
        "name": "Research Development Center",
        "ref": "4",
        "amenity": "academic"
      },
      "geometry": {
        "type": "Polygon",
        "coordinates": [
          [
            [
              -120.6652027,
              35.3053703
            ],
            [
              -120.6648875,
              35.3051498
            ],
            [
              -120.6646699,
              35.305357
            ],
            [
              -120.6649851,
              35.3055775
            ],
            [
              -120.6652027,
              35.3053703
            ]
          ]
        ]
      },
      "id": "way/45600385"
    },
  
    {
      "type": "Feature",
      "properties": {
        "@id": "way/45600390",
        "addr:city": "San Luis Obispo",
        "addr:housenumber": "10",
        "addr:postcode": "93407",
        "addr:street": "Grand",
        "building": "university",
        "name": "Alan A. Erhart Agriculture",
        "university-function": "academic school or college",
        "amenity": "agriculture",
        "ref": "10"
      },
      "geometry": {
        "type": "Polygon",
        "coordinates": [
          [
            [
              -120.6617225,
              35.3024253
            ],
            [
              -120.6617011,
              35.3023327
            ],
            [
              -120.6614743,
              35.3015514
            ],
            [
              -120.6614015,
              35.3015671
            ],
            [
              -120.6613694,
              35.3015737
            ],
            [
              -120.6613014,
              35.3015874
            ],
            [
              -120.6614973,
              35.302286
            ],
            [
              -120.6610945,
              35.3023585
            ],
            [
              -120.661138,
              35.3025427
            ],
            [
              -120.6617225,
              35.3024253
            ]
          ]
        ]
      },
      "id": "way/45600390"
    },
   
    {
      "type": "Feature",
      "properties": {
        "@id": "way/45600394",
        "addr:city": "San Luis Obispo",
        "addr:postcode": "93407",
        "addr:street": "Grand",
        "building": "university",
        "building:levels": "1",
        "name": "Dining Complex",
        "ref": "19",
        "amenity": "dining"
      },
      "geometry": {
        "type": "Polygon",
        "coordinates": [
          [
            [
              -120.659673,
              35.2998671
            ],
            [
              -120.6601424,
              35.2997595
            ],
            [
              -120.6601222,
              35.2996897
            ],
            [
              -120.6602319,
              35.2996657
            ],
            [
              -120.6601292,
              35.2993615
            ],
            [
              -120.6601768,
              35.2993518
            ],
            [
              -120.6601472,
              35.2992609
            ],
            [
              -120.6600976,
              35.2992718
            ],
            [
              -120.6601019,
              35.2992868
            ],
            [
              -120.6598004,
              35.2993578
            ],
            [
              -120.6598082,
              35.2993761
            ],
            [
              -120.6595294,
              35.2994407
            ],
            [
              -120.6595047,
              35.2993814
            ],
            [
              -120.659162,
              35.2994583
            ],
            [
              -120.6591694,
              35.2994851
            ],
            [
              -120.6591101,
              35.2995009
            ],
            [
              -120.6591207,
              35.2995779
            ],
            [
              -120.6591474,
              35.2996433
            ],
            [
              -120.6591793,
              35.2996881
            ],
            [
              -120.6592422,
              35.2996734
            ],
            [
              -120.6592523,
              35.2996999
            ],
            [
              -120.6594529,
              35.2996553
            ],
            [
              -120.6594729,
              35.2997235
            ],
            [
              -120.6594418,
              35.2997322
            ],
            [
              -120.6594528,
              35.2997677
            ],
            [
              -120.6595727,
              35.2997949
            ],
            [
              -120.6596187,
              35.2998403
            ],
            [
              -120.6596637,
              35.2998328
            ],
            [
              -120.659673,
              35.2998671
            ]
          ]
        ]
      },
      "id": "way/45600394"
    },
    {
      "type": "Feature",
      "properties": {
        "@id": "way/45600397",
        "addr:city": "San Luis Obispo",
        "addr:postcode": "93407",
        "addr:street": "Grand",
        "building": "university",
        "name": "Transportation Services",
        "ref": "71",
        "amenity": "academic"
      },
      "geometry": {
        "type": "Polygon",
        "coordinates": [
          [
            [
              -120.6588169,
              35.3042597
            ],
            [
              -120.6587803,
              35.3038676
            ],
            [
              -120.6586396,
              35.3038763
            ],
            [
              -120.6586468,
              35.3039538
            ],
            [
              -120.6585989,
              35.3039568
            ],
            [
              -120.6586138,
              35.3041163
            ],
            [
              -120.6586631,
              35.3041133
            ],
            [
              -120.6586776,
              35.3042684
            ],
            [
              -120.6588169,
              35.3042597
            ]
          ]
        ]
      },
      "id": "way/45600397"
    },
    {
      "type": "Feature",
      "properties": {
        "@id": "way/45600398",
        "addr:city": "San Luis Obispo",
        "addr:housenumber": "8A",
        "addr:postcode": "93407",
        "addr:street": "Grand",
        "building": "university",
        "description": "By Cal Poly Irrigation Training and Research",
        "name": "Bioresource and Agricultural Engineering",
        "ref": "8",
        "amenity": "engineering_building"
      },
      "geometry": {
        "type": "Polygon",
        "coordinates": [
          [
            [
              -120.6625824,
              35.30401
            ],
            [
              -120.6622688,
              35.302892
            ],
            [
              -120.6620173,
              35.3029393
            ],
            [
              -120.6623306,
              35.3040602
            ],
            [
              -120.6625824,
              35.30401
            ]
          ]
        ]
      },
      "id": "way/45600398"
    },
    {
      "type": "Feature",
      "properties": {
        "@id": "way/45600400",
        "addr:city": "San Luis Obispo",
        "addr:postcode": "93407",
        "addr:street": "Grand",
        "building": "university",
        "name": "Facility Services/Receiving Warehouse",
        "ref": "70",
        "amenity": "academic"
      },
      "geometry": {
        "type": "Polygon",
        "coordinates": [
          [
            [
              -120.6598037,
              35.3042617
            ],
            [
              -120.6597931,
              35.3041496
            ],
            [
              -120.6598222,
              35.3041477
            ],
            [
              -120.6598063,
              35.3039794
            ],
            [
              -120.6597768,
              35.3039812
            ],
            [
              -120.6597618,
              35.3038224
            ],
            [
              -120.6597913,
              35.3038205
            ],
            [
              -120.6597752,
              35.3036502
            ],
            [
              -120.6597466,
              35.303652
            ],
            [
              -120.6597319,
              35.303496
            ],
            [
              -120.6594542,
              35.3035135
            ],
            [
              -120.6594809,
              35.3037963
            ],
            [
              -120.6594273,
              35.3037996
            ],
            [
              -120.6594368,
              35.3039
            ],
            [
              -120.6594918,
              35.3038965
            ],
            [
              -120.6595279,
              35.304279
            ],
            [
              -120.6598037,
              35.3042617
            ]
          ]
        ]
      },
      "id": "way/45600400"
    },
    {
      "type": "Feature",
      "properties": {
        "@id": "way/45600401",
        "addr:city": "San Luis Obispo",
        "addr:postcode": "93407",
        "addr:street": "Grand",
        "building": "university",
        "name": "Housing Warehouse/Risk Management",
        "ref": "80",
        "amenity": "academic"
      },
      "geometry": {
        "type": "Polygon",
        "coordinates": [
          [
            [
              -120.6609335,
              35.3036847
            ],
            [
              -120.6609135,
              35.3034729
            ],
            [
              -120.6608466,
              35.3034771
            ],
            [
              -120.6608401,
              35.3034086
            ],
            [
              -120.6606665,
              35.3034195
            ],
            [
              -120.660693,
              35.3036998
            ],
            [
              -120.6609335,
              35.3036847
            ]
          ]
        ]
      },
      "id": "way/45600401"
    },
    {
      "type": "Feature",
      "properties": {
        "@id": "way/45600403",
        "addr:city": "San Luis Obispo",
        "addr:postcode": "93407",
        "addr:street": "Grand",
        "building": "university",
        "name": "Corporation Administration",
        "ref": "1",
        "amenity": "administrative"
      },
      "geometry": {
        "type": "Polygon",
        "coordinates": [
          [
            [
              -120.6601449,
              35.3033324
            ],
            [
              -120.660655,
              35.3032988
            ],
            [
              -120.6606505,
              35.3032125
            ],
            [
              -120.6603867,
              35.3032303
            ],
            [
              -120.6603473,
              35.3030965
            ],
            [
              -120.6605614,
              35.3030553
            ],
            [
              -120.6605343,
              35.3029579
            ],
            [
              -120.6604532,
              35.3029742
            ],
            [
              -120.6604561,
              35.3029884
            ],
            [
              -120.6602251,
              35.303033
            ],
            [
              -120.6602071,
              35.3030337
            ],
            [
              -120.6602052,
              35.3029933
            ],
            [
              -120.6601525,
              35.3029945
            ],
            [
              -120.6601535,
              35.3030242
            ],
            [
              -120.6601138,
              35.3030254
            ],
            [
              -120.660115,
              35.3030468
            ],
            [
              -120.6600994,
              35.3030474
            ],
            [
              -120.660124,
              35.3033051
            ],
            [
              -120.6601426,
              35.3033034
            ],
            [
              -120.6601449,
              35.3033324
            ]
          ]
        ]
      },
      "id": "way/45600403"
    },
    {
      "type": "Feature",
      "properties": {
        "@id": "way/45600405",
        "addr:city": "San Luis Obispo",
        "amenity": "engineering_building",
        "building": "university",
        "description": "BRAE Department",
        "name": "Bioresource and Agricultural Engineering",
        "ref": "8",
        "wheelchair": "yes"
      },
      "geometry": {
        "type": "Polygon",
        "coordinates": [
          [
            [
              -120.6617827,
              35.3031881
            ],
            [
              -120.6617486,
              35.3030743
            ],
            [
              -120.6618314,
              35.3030535
            ],
            [
              -120.6617995,
              35.302939
            ],
            [
              -120.6614779,
              35.3029978
            ],
            [
              -120.6614958,
              35.3030654
            ],
            [
              -120.6614041,
              35.3030817
            ],
            [
              -120.661451,
              35.3032509
            ],
            [
              -120.6617827,
              35.3031881
            ]
          ]
        ]
      },
      "id": "way/45600405"
    },

    {
      "type": "Feature",
      "properties": {
        "@id": "way/45600407",
        "addr:city": "San Luis Obispo",
        "addr:housenumber": "22",
        "addr:postcode": "93407",
        "addr:street": "Grand",
        "building": "university",
        "name": "English",
        "university-function": "academic school or college",
        "amenity": "academic",
        "ref": "22"
      },
      "geometry": {
        "type": "Polygon",
        "coordinates": [
          [
            [
              -120.6609408,
              35.3025745
            ],
            [
              -120.6610141,
              35.3025607
            ],
            [
              -120.6610172,
              35.3025687
            ],
            [
              -120.6610532,
              35.3025613
            ],
            [
              -120.661138,
              35.3025427
            ],
            [
              -120.6610945,
              35.3023585
            ],
            [
              -120.6610834,
              35.3023615
            ],
            [
              -120.661067,
              35.3023678
            ],
            [
              -120.6609681,
              35.3020269
            ],
            [
              -120.6608694,
              35.3020456
            ],
            [
              -120.6607964,
              35.3020595
            ],
            [
              -120.660886,
              35.3023735
            ],
            [
              -120.6609408,
              35.3025745
            ]
          ]
        ]
      },
      "id": "way/45600407"
    },
   
    {
      "type": "Feature",
      "properties": {
        "@id": "way/45637755",
        "addr:housenumber": "41B",
        "building": "university",
        "name": "Reinhold Aerospace",
        "ref": "41B",
        "amenity": "academic"
      },
      "geometry": {
        "type": "Polygon",
        "coordinates": [
          [
            [
              -120.6660071,
              35.3023195
            ],
            [
              -120.6661333,
              35.3022925
            ],
            [
              -120.6661366,
              35.3022919
            ],
            [
              -120.6660272,
              35.3019143
            ],
            [
              -120.6660126,
              35.301917
            ],
            [
              -120.6659017,
              35.301938
            ],
            [
              -120.6660071,
              35.3023195
            ]
          ]
        ]
      },
      "id": "way/45637755"
    },
  
    {
      "type": "Feature",
      "properties": {
        "@id": "way/45638390",
        "addr:city": "San Luis Obispo",
        "addr:postcode": "93407",
        "addr:street": "Grand",
        "building": "university",
        "name": "Welding",
        "ref": "58",
        "amenity": "academic"
      },
      "geometry": {
        "type": "Polygon",
        "coordinates": [
          [
            [
              -120.6615588,
              35.3037741
            ],
            [
              -120.6615204,
              35.3033623
            ],
            [
              -120.6612582,
              35.3033786
            ],
            [
              -120.6612639,
              35.30344
            ],
            [
              -120.6612792,
              35.3034391
            ],
            [
              -120.661312,
              35.3037894
            ],
            [
              -120.6615588,
              35.3037741
            ]
          ]
        ]
      },
      "id": "way/45638390"
    },
    {
      "type": "Feature",
      "properties": {
        "@id": "way/45638391",
        "addr:city": "San Luis Obispo",
        "addr:housenumber": "11",
        "addr:postcode": "93407",
        "addr:street": "Grand",
        "building": "university",
        "name": "Agricultural Sciences",
        "ref": "11",
        "amenity": "science_building"
      },
      "geometry": {
        "type": "Polygon",
        "coordinates": [
          [
            [
              -120.6625278,
              35.3026861
            ],
            [
              -120.6625751,
              35.3028517
            ],
            [
              -120.6626082,
              35.3028535
            ],
            [
              -120.6626204,
              35.302875
            ],
            [
              -120.6627321,
              35.3028585
            ],
            [
              -120.6627603,
              35.3029384
            ],
            [
              -120.6628404,
              35.3029819
            ],
            [
              -120.6628855,
              35.3031189
            ],
            [
              -120.6628982,
              35.3031182
            ],
            [
              -120.6629154,
              35.3031745
            ],
            [
              -120.6631696,
              35.3031241
            ],
            [
              -120.6631534,
              35.3030706
            ],
            [
              -120.6631741,
              35.3030676
            ],
            [
              -120.6631513,
              35.3029878
            ],
            [
              -120.6631152,
              35.3029947
            ],
            [
              -120.66308,
              35.302924
            ],
            [
              -120.663107,
              35.3029169
            ],
            [
              -120.6630487,
              35.3027098
            ],
            [
              -120.663023,
              35.3027159
            ],
            [
              -120.6629893,
              35.3025982
            ],
            [
              -120.6625278,
              35.3026861
            ]
          ]
        ]
      },
      "id": "way/45638391"
    },
    {
      "type": "Feature",
      "properties": {
        "@id": "way/45638392",
        "addr:city": "San Luis Obispo",
        "addr:housenumber": "24",
        "addr:postcode": "93407",
        "addr:street": "Grand",
        "building": "university",
        "name": "Food Processing/Cal Poly Meats",
        "ref": "24",
        "amenity": "academic"
      },
      "geometry": {
        "type": "Polygon",
        "coordinates": [
          [
            [
              -120.6632985,
              35.303891
            ],
            [
              -120.6631418,
              35.3033292
            ],
            [
              -120.6627164,
              35.3034094
            ],
            [
              -120.6628731,
              35.3039724
            ],
            [
              -120.6632985,
              35.303891
            ]
          ]
        ]
      },
      "id": "way/45638392"
    },
   
    {
      "type": "Feature",
      "properties": {
        "@id": "way/45638394",
        "addr:city": "San Luis Obispo",
        "addr:street": "Grand",
        "building": "university",
        "name": "Faculty Offices North",
        "ref": "47",
        "amenity": "administrative"
      },
      "geometry": {
        "type": "Polygon",
        "coordinates": [
          [
            [
              -120.6601293,
              35.3023644
            ],
            [
              -120.6601959,
              35.3023517
            ],
            [
              -120.6601611,
              35.3022294
            ],
            [
              -120.6598581,
              35.3022869
            ],
            [
              -120.6598677,
              35.3023208
            ],
            [
              -120.6598527,
              35.3023237
            ],
            [
              -120.6598438,
              35.3022924
            ],
            [
              -120.6596921,
              35.3023211
            ],
            [
              -120.6597086,
              35.3023791
            ],
            [
              -120.65981,
              35.3023599
            ],
            [
              -120.6598166,
              35.3023832
            ],
            [
              -120.660084,
              35.3023325
            ],
            [
              -120.6600868,
              35.3023425
            ],
            [
              -120.6601213,
              35.302336
            ],
            [
              -120.6601293,
              35.3023644
            ]
          ]
        ]
      },
      "id": "way/45638394"
    },
    {
      "type": "Feature",
      "properties": {
        "@id": "way/45638402",
        "addr:city": "San Luis Obispo",
        "addr:postcode": "93407",
        "addr:street": "Grand",
        "building": "university",
        "name": "Administration",
        "ref": "1",
        "amenity": "administrative"
      },
      "geometry": {
        "type": "Polygon",
        "coordinates": [
          [
            [
              -120.6587514,
              35.3012137
            ],
            [
              -120.6588563,
              35.3008172
            ],
            [
              -120.6584338,
              35.3007427
            ],
            [
              -120.6583836,
              35.3009326
            ],
            [
              -120.6584165,
              35.3009384
            ],
            [
              -120.6583889,
              35.3010427
            ],
            [
              -120.6583148,
              35.3010297
            ],
            [
              -120.6582739,
              35.301184
            ],
            [
              -120.6586955,
              35.3012583
            ],
            [
              -120.6587093,
              35.3012063
            ],
            [
              -120.6587514,
              35.3012137
            ]
          ]
        ]
      },
      "id": "way/45638402"
    },
    {
      "type": "Feature",
      "properties": {
        "@id": "way/45638403",
        "addr:street": "Grand",
        "building": "university",
        "name": "Clyde P. Fisher Science",
        "ref": "33",
        "amenity": "science_building"
      },
      "geometry": {
        "type": "Polygon",
        "coordinates": [
          [
            [
              -120.6596335,
              35.3026056
            ],
            [
              -120.6595169,
              35.3022078
            ],
            [
              -120.6594653,
              35.3022162
            ],
            [
              -120.6594497,
              35.3021591
            ],
            [
              -120.6594432,
              35.3021351
            ],
            [
              -120.6594374,
              35.3021126
            ],
            [
              -120.659491,
              35.302099
            ],
            [
              -120.6594089,
              35.3018189
            ],
            [
              -120.6593968,
              35.3018209
            ],
            [
              -120.6593854,
              35.301779
            ],
            [
              -120.6593011,
              35.3017973
            ],
            [
              -120.6592889,
              35.3017503
            ],
            [
              -120.6592869,
              35.3017391
            ],
            [
              -120.6591551,
              35.3017666
            ],
            [
              -120.6592366,
              35.3020614
            ],
            [
              -120.659253,
              35.3021205
            ],
            [
              -120.6589785,
              35.3021755
            ],
            [
              -120.6590315,
              35.3023564
            ],
            [
              -120.6593081,
              35.3023054
            ],
            [
              -120.6593873,
              35.3025769
            ],
            [
              -120.6594835,
              35.3025587
            ],
            [
              -120.6595038,
              35.3026302
            ],
            [
              -120.6596335,
              35.3026056
            ]
          ]
        ]
      },
      "id": "way/45638403"
    },
    {
      "type": "Feature",
      "properties": {
        "@id": "way/45638408",
        "addr:city": "San Luis Obispo",
        "addr:housenumber": "5",
        "addr:postcode": "93407",
        "addr:street": "Grand",
        "building": "university",
        "name": "Architecture and Environmental Design",
        "ref": "05",
        "amenity": "architecture"
      },
      "geometry": {
        "type": "Polygon",
        "coordinates": [
          [
            [
              -120.6649016,
              35.3009311
            ],
            [
              -120.6648552,
              35.3007628
            ],
            [
              -120.6646523,
              35.3008001
            ],
            [
              -120.6646298,
              35.3007215
            ],
            [
              -120.6645258,
              35.3007392
            ],
            [
              -120.6645005,
              35.3006576
            ],
            [
              -120.6644082,
              35.3006736
            ],
            [
              -120.6643842,
              35.3005963
            ],
            [
              -120.6643643,
              35.3005988
            ],
            [
              -120.6643355,
              35.3005075
            ],
            [
              -120.664224,
              35.300528
            ],
            [
              -120.6642548,
              35.3006396
            ],
            [
              -120.6643005,
              35.3006308
            ],
            [
              -120.6643205,
              35.3006915
            ],
            [
              -120.6640325,
              35.3007464
            ],
            [
              -120.6640535,
              35.3008281
            ],
            [
              -120.664133,
              35.3008139
            ],
            [
              -120.6641619,
              35.3009013
            ],
            [
              -120.6642085,
              35.3010584
            ],
            [
              -120.6649016,
              35.3009311
            ]
          ]
        ]
      },
      "id": "way/45638408"
    },
    {
      "type": "Feature",
      "properties": {
        "@id": "way/45638410",
        "addr:housenumber": "7A",
        "building": "university"
      },
      "geometry": {
        "type": "Polygon",
        "coordinates": [
          [
            [
              -120.6657102,
              35.3020696
            ],
            [
              -120.665683,
              35.3019788
            ],
            [
              -120.6655269,
              35.3020098
            ],
            [
              -120.6655541,
              35.3021006
            ],
            [
              -120.6657102,
              35.3020696
            ]
          ]
        ]
      },
      "id": "way/45638410"
    },
    
    {
      "type": "Feature",
      "properties": {
        "@id": "way/45644100",
        "addr:city": "San Luis Obispo",
        "addr:postcode": "93407",
        "addr:street": "Grand",
        "building": "university",
        "min_level": "-1",
        "name": "Construction Innovations Center",
        "ref": "186",
        "amenity": "academic"
      },
      "geometry": {
        "type": "Polygon",
        "coordinates": [
          [
            [
              -120.6622743,
              35.2991484
            ],
            [
              -120.6623494,
              35.2994174
            ],
            [
              -120.6630228,
              35.2992913
            ],
            [
              -120.6630653,
              35.2994233
            ],
            [
              -120.6630842,
              35.2994188
            ],
            [
              -120.6631001,
              35.2994156
            ],
            [
              -120.6633277,
              35.2993724
            ],
            [
              -120.6633271,
              35.2993517
            ],
            [
              -120.6633731,
              35.2993425
            ],
            [
              -120.6633623,
              35.2992964
            ],
            [
              -120.6633274,
              35.2991588
            ],
            [
              -120.6631453,
              35.2991904
            ],
            [
              -120.6631521,
              35.2992204
            ],
            [
              -120.6630021,
              35.299247
            ],
            [
              -120.6629684,
              35.2991251
            ],
            [
              -120.662492,
              35.2992125
            ],
            [
              -120.6624884,
              35.2992017
            ],
            [
              -120.6624107,
              35.2992179
            ],
            [
              -120.6623832,
              35.2991278
            ],
            [
              -120.6622743,
              35.2991484
            ]
          ]
        ]
      },
      "id": "way/45644100"
    },
  
    {
      "type": "Feature",
      "properties": {
        "@id": "way/45644212",
        "addr:city": "San Luis Obispo",
        "addr:postcode": "93407",
        "addr:street": "Grand",
        "building": "dormitory",
        "name": "81 Hillcrest",
        "ref": "81"
      },
      "geometry": {
        "type": "Polygon",
        "coordinates": [
          [
            [
              -120.6579822,
              35.3020011
            ],
            [
              -120.6579819,
              35.3020857
            ],
            [
              -120.6580287,
              35.3020859
            ],
            [
              -120.6580287,
              35.3020914
            ],
            [
              -120.6581279,
              35.3020917
            ],
            [
              -120.6581278,
              35.3021126
            ],
            [
              -120.6582796,
              35.3021131
            ],
            [
              -120.6582798,
              35.3020744
            ],
            [
              -120.658302,
              35.3020745
            ],
            [
              -120.6583023,
              35.30201
            ],
            [
              -120.6582836,
              35.30201
            ],
            [
              -120.6582845,
              35.301968
            ],
            [
              -120.6581092,
              35.301967
            ],
            [
              -120.658105,
              35.3020078
            ],
            [
              -120.6580669,
              35.3020077
            ],
            [
              -120.6580669,
              35.3020013
            ],
            [
              -120.6579822,
              35.3020011
            ]
          ]
        ]
      },
      "id": "way/45644212"
    },
    {
      "type": "Feature",
      "properties": {
        "@id": "way/45644213",
        "addr:city": "San Luis Obispo",
        "addr:postcode": "93407",
        "addr:street": "Grand",
        "building": "university",
        "name": "31 Housing and Residential Life",
        "ref": "31",
        "amenity": "academic"
      },
      "geometry": {
        "type": "Polygon",
        "coordinates": [
          [
            [
              -120.657413,
              35.3019163
            ],
            [
              -120.6576324,
              35.3021403
            ],
            [
              -120.6577547,
              35.3020605
            ],
            [
              -120.6577614,
              35.3020561
            ],
            [
              -120.657638,
              35.3019301
            ],
            [
              -120.6576151,
              35.3019449
            ],
            [
              -120.6575103,
              35.3018421
            ],
            [
              -120.6574396,
              35.3018803
            ],
            [
              -120.6574508,
              35.3018916
            ],
            [
              -120.657413,
              35.3019163
            ]
          ]
        ]
      },
      "id": "way/45644213"
    },

    {
      "type": "Feature",
      "properties": {
        "@id": "way/45644222",
        "addr:city": "San Luis Obispo",
        "addr:housenumber": "41A",
        "addr:postcode": "93407",
        "addr:street": "Grand",
        "building": "university",
        "name": "Brown Engineering",
        "ref": "13",
        "amenity": "engineering_building"
      },
      "geometry": {
        "type": "Polygon",
        "coordinates": [
          [
            [
              -120.6655123,
              35.3025264
            ],
            [
              -120.6655798,
              35.3027634
            ],
            [
              -120.665623,
              35.3027509
            ],
            [
              -120.6656281,
              35.3027658
            ],
            [
              -120.6656061,
              35.3027748
            ],
            [
              -120.665625,
              35.3028049
            ],
            [
              -120.6657428,
              35.3027619
            ],
            [
              -120.6658689,
              35.3027215
            ],
            [
              -120.666024,
              35.3026826
            ],
            [
              -120.6661756,
              35.3026584
            ],
            [
              -120.6662779,
              35.3026513
            ],
            [
              -120.6662751,
              35.3026204
            ],
            [
              -120.6662129,
              35.302625
            ],
            [
              -120.6662126,
              35.302609
            ],
            [
              -120.6663144,
              35.3026043
            ],
            [
              -120.6663309,
              35.3025616
            ],
            [
              -120.666326,
              35.3025314
            ],
            [
              -120.6662745,
              35.3024493
            ],
            [
              -120.6661846,
              35.3024659
            ],
            [
              -120.6661647,
              35.3024011
            ],
            [
              -120.6655123,
              35.3025264
            ]
          ]
        ]
      },
      "id": "way/45644222"
    },
    

   
    {
      "type": "Feature",
      "properties": {
        "@id": "way/160415341",
        "addr:city": "San Luis Obispo",
        "addr:postcode": "93407",
        "addr:street": "Grand",
        "building": "university",
        "building:colour": "beige",
        "building:levels": "3",
        "building:levels:underground": "1",
        "building:material": "plaster",
        "building:use": "education",
        "max_level": "2",
        "min_level": "-1",
        "name": "Cotchett Education Building",
        "ref": "2",
        "amenity": "academic"
      },
      "geometry": {
        "type": "Polygon",
        "coordinates": [
          [
            [
              -120.6646151,
              35.3004563
            ],
            [
              -120.6648572,
              35.3004112
            ],
            [
              -120.6648175,
              35.3002694
            ],
            [
              -120.66458,
              35.3003136
            ],
            [
              -120.6645574,
              35.3002337
            ],
            [
              -120.6645545,
              35.3002226
            ],
            [
              -120.6645539,
              35.3002205
            ],
            [
              -120.6645512,
              35.3002101
            ],
            [
              -120.6645356,
              35.3001586
            ],
            [
              -120.6644762,
              35.2999496
            ],
            [
              -120.6645829,
              35.2999261
            ],
            [
              -120.6645675,
              35.2998652
            ],
            [
              -120.6644552,
              35.2998849
            ],
            [
              -120.6642539,
              35.2999253
            ],
            [
              -120.6643465,
              35.300265
            ],
            [
              -120.6644255,
              35.3005552
            ],
            [
              -120.6644882,
              35.3005456
            ],
            [
              -120.6644935,
              35.3005701
            ],
            [
              -120.6645209,
              35.3005655
            ],
            [
              -120.6645495,
              35.3005608
            ],
            [
              -120.6645463,
              35.3005427
            ],
            [
              -120.6645971,
              35.3005324
            ],
            [
              -120.6645832,
              35.3004763
            ],
            [
              -120.6646185,
              35.3004684
            ],
            [
              -120.6646151,
              35.3004563
            ]
          ]
        ]
      },
      "id": "way/160415341"
    },
    {
      "type": "Feature",
      "properties": {
        "@id": "way/160415342",
        "addr:city": "San Luis Obispo",
        "addr:housenumber": "3",
        "addr:postcode": "93407",
        "addr:state": "CA",
        "addr:street": "Grand",
        "building": "university",
        "building:levels": "3",
        "email": "cobadvis@calpoly.edu",
        "fax": "+1-805-756-5452",
        "name": "Orfalea College Of Business Building",
        "phone": "+1-805-756-2705",
        "ref": "3",
        "website": "https://www.cob.calpoly.edu/",
        "amenity": "business"
      },
      "geometry": {
        "type": "Polygon",
        "coordinates": [
          [
            [
              -120.6646127,
              35.3002752
            ],
            [
              -120.6648373,
              35.3002363
            ],
            [
              -120.6649218,
              35.3002225
            ],
            [
              -120.6650147,
              35.3002035
            ],
            [
              -120.6650934,
              35.3001892
            ],
            [
              -120.6652927,
              35.3001515
            ],
            [
              -120.665323,
              35.3001386
            ],
            [
              -120.6653426,
              35.3001247
            ],
            [
              -120.6653489,
              35.3001126
            ],
            [
              -120.6653513,
              35.3001016
            ],
            [
              -120.6653521,
              35.3000855
            ],
            [
              -120.6653462,
              35.3000712
            ],
            [
              -120.6653294,
              35.3000497
            ],
            [
              -120.6653126,
              35.3000412
            ],
            [
              -120.6652894,
              35.3000359
            ],
            [
              -120.6652653,
              35.3000382
            ],
            [
              -120.6652118,
              35.3000453
            ],
            [
              -120.6652039,
              35.3000177
            ],
            [
              -120.6651821,
              35.2999628
            ],
            [
              -120.6651355,
              35.2998919
            ],
            [
              -120.6650894,
              35.2998417
            ],
            [
              -120.6650413,
              35.2997949
            ],
            [
              -120.6649775,
              35.2997559
            ],
            [
              -120.6649117,
              35.2997246
            ],
            [
              -120.6648423,
              35.2996973
            ],
            [
              -120.6647667,
              35.2996829
            ],
            [
              -120.6646848,
              35.2996736
            ],
            [
              -120.6646015,
              35.2996773
            ],
            [
              -120.664505,
              35.2996899
            ],
            [
              -120.6645675,
              35.2998652
            ],
            [
              -120.6645829,
              35.2999261
            ],
            [
              -120.664635,
              35.2999181
            ],
            [
              -120.6646824,
              35.2999167
            ],
            [
              -120.6647296,
              35.299922
            ],
            [
              -120.6647824,
              35.2999389
            ],
            [
              -120.6648214,
              35.2999588
            ],
            [
              -120.6648645,
              35.29999
            ],
            [
              -120.6648974,
              35.3000312
            ],
            [
              -120.6649183,
              35.300074
            ],
            [
              -120.6649243,
              35.300103
            ],
            [
              -120.6645859,
              35.3001682
            ],
            [
              -120.6645945,
              35.3002027
            ],
            [
              -120.6645978,
              35.3002155
            ],
            [
              -120.6646007,
              35.3002269
            ],
            [
              -120.6646127,
              35.3002752
            ]
          ]
        ]
      },
      "id": "way/160415342"
    },
    {
      "type": "Feature",
      "properties": {
        "@id": "way/205407029",
        "addr:housenumber": "187",
        "building": "university",
        "name": "Materials Demonstration Lab",
        "university-function": "academic school or college",
        "amenity": "academic",
        "ref": "187"
      },
      "geometry": {
        "type": "Polygon",
        "coordinates": [
          [
            [
              -120.662793,
              35.2993569
            ],
            [
              -120.6623711,
              35.2994387
            ],
            [
              -120.6624036,
              35.2995521
            ],
            [
              -120.6628268,
              35.2994732
            ],
            [
              -120.662793,
              35.2993569
            ]
          ]
        ]
      },
      "id": "way/205407029"
    },
   
  
    {
      "type": "Feature",
      "properties": {
        "@id": "way/323359887",
        "addr:city": "San Luis Obispo",
        "addr:street": "Grand",
        "building": "university",
        "name": "Faculty Offices North",
        "ref": "47",
        "amenity": "administrative"
      },
      "geometry": {
        "type": "Polygon",
        "coordinates": [
          [
            [
              -120.6605878,
              35.3026507
            ],
            [
              -120.6605553,
              35.3025382
            ],
            [
              -120.6604552,
              35.3025575
            ],
            [
              -120.6604468,
              35.3025285
            ],
            [
              -120.6602433,
              35.3025677
            ],
            [
              -120.6602536,
              35.3026031
            ],
            [
              -120.6602387,
              35.3026059
            ],
            [
              -120.6602297,
              35.3025747
            ],
            [
              -120.6601871,
              35.3025829
            ],
            [
              -120.660182,
              35.3025655
            ],
            [
              -120.660151,
              35.3025715
            ],
            [
              -120.6601425,
              35.3025419
            ],
            [
              -120.659943,
              35.3025803
            ],
            [
              -120.659953,
              35.3026152
            ],
            [
              -120.6599374,
              35.3026182
            ],
            [
              -120.6599283,
              35.3025866
            ],
            [
              -120.6598411,
              35.3026034
            ],
            [
              -120.6598266,
              35.3025533
            ],
            [
              -120.6597562,
              35.3025668
            ],
            [
              -120.6597519,
              35.302552
            ],
            [
              -120.6596722,
              35.3025673
            ],
            [
              -120.6596917,
              35.3026347
            ],
            [
              -120.659708,
              35.3026316
            ],
            [
              -120.6597248,
              35.3026896
            ],
            [
              -120.6598488,
              35.3026658
            ],
            [
              -120.6598445,
              35.3026507
            ],
            [
              -120.6598564,
              35.3026484
            ],
            [
              -120.6598749,
              35.3027126
            ],
            [
              -120.65991,
              35.3027059
            ],
            [
              -120.6599022,
              35.3026791
            ],
            [
              -120.6601671,
              35.3026281
            ],
            [
              -120.6601838,
              35.3026857
            ],
            [
              -120.660189,
              35.3027037
            ],
            [
              -120.6602177,
              35.3026982
            ],
            [
              -120.6602154,
              35.3026901
            ],
            [
              -120.660208,
              35.3026645
            ],
            [
              -120.6604686,
              35.3026143
            ],
            [
              -120.6604762,
              35.3026406
            ],
            [
              -120.6605094,
              35.3026342
            ],
            [
              -120.660518,
              35.3026642
            ],
            [
              -120.6605878,
              35.3026507
            ]
          ]
        ]
      },
      "id": "way/323359887"
    },
    {
      "type": "Feature",
      "properties": {
        "@id": "way/323359888",
        "addr:city": "San Luis Obispo",
        "addr:street": "Grand",
        "building": "university",
        "name": "Faculty Offices North",
        "ref": "47",
        "amenity": "administrative"
      },
      "geometry": {
        "type": "Polygon",
        "coordinates": [
          [
            [
              -120.6596547,
              35.3024395
            ],
            [
              -120.6596829,
              35.3025409
            ],
            [
              -120.6597462,
              35.3025292
            ],
            [
              -120.6597416,
              35.3025128
            ],
            [
              -120.6598141,
              35.3024993
            ],
            [
              -120.6598169,
              35.3025097
            ],
            [
              -120.6598495,
              35.3025036
            ],
            [
              -120.6598573,
              35.3025314
            ],
            [
              -120.6601248,
              35.3024818
            ],
            [
              -120.6601272,
              35.3024903
            ],
            [
              -120.6601505,
              35.302486
            ],
            [
              -120.6601587,
              35.3025155
            ],
            [
              -120.660427,
              35.3024658
            ],
            [
              -120.6604304,
              35.3024779
            ],
            [
              -120.6604614,
              35.3024722
            ],
            [
              -120.6604704,
              35.3025047
            ],
            [
              -120.6606124,
              35.3024784
            ],
            [
              -120.6605829,
              35.3023724
            ],
            [
              -120.6605106,
              35.3023858
            ],
            [
              -120.6605146,
              35.3024003
            ],
            [
              -120.6604467,
              35.3024129
            ],
            [
              -120.6604373,
              35.3023791
            ],
            [
              -120.6601495,
              35.3024324
            ],
            [
              -120.6601445,
              35.3024144
            ],
            [
              -120.660111,
              35.3024206
            ],
            [
              -120.6601041,
              35.3023958
            ],
            [
              -120.6599009,
              35.3024334
            ],
            [
              -120.6599101,
              35.3024666
            ],
            [
              -120.6598946,
              35.3024695
            ],
            [
              -120.6598864,
              35.30244
            ],
            [
              -120.6598355,
              35.3024494
            ],
            [
              -120.6598241,
              35.3024081
            ],
            [
              -120.6596547,
              35.3024395
            ]
          ]
        ]
      },
      "id": "way/323359888"
    },
    
    {
      "type": "Feature",
      "properties": {
        "@id": "way/486219813",
        "addr:city": "San Luis Obispo",
        "addr:postcode": "93407",
        "addr:street": "Grand",
        "air_conditioning": "yes",
        "building": "university",
        "building:levels": "4",
        "name": "Christopher Cohan Performing Arts Center",
        "ref": "6",
        "smoking": "no",
        "start_date": "1996",
        "website": "https://www.pacslo.org/",
        "wheelchair": "yes",
        "amenity": "performing_arts"
      },
      "geometry": {
        "type": "Polygon",
        "coordinates": [
          [
            [
              -120.6575679,
              35.2994286
            ],
            [
              -120.6575853,
              35.2994557
            ],
            [
              -120.6575466,
              35.2994734
            ],
            [
              -120.6573901,
              35.2992462
            ],
            [
              -120.6574628,
              35.2992122
            ],
            [
              -120.6573526,
              35.2990529
            ],
            [
              -120.6573273,
              35.2990645
            ],
            [
              -120.6573035,
              35.2990758
            ],
            [
              -120.6572808,
              35.2990868
            ],
            [
              -120.6572466,
              35.2991013
            ],
            [
              -120.6572201,
              35.2991125
            ],
            [
              -120.6571815,
              35.2991232
            ],
            [
              -120.6571483,
              35.2991262
            ],
            [
              -120.6571078,
              35.2991273
            ],
            [
              -120.6570776,
              35.2991314
            ],
            [
              -120.6570417,
              35.2991459
            ],
            [
              -120.657023,
              35.2991598
            ],
            [
              -120.6570075,
              35.299176
            ],
            [
              -120.6569797,
              35.2992118
            ],
            [
              -120.6569593,
              35.2992408
            ],
            [
              -120.6569311,
              35.2992827
            ],
            [
              -120.6568919,
              35.299336
            ],
            [
              -120.6568503,
              35.2993971
            ],
            [
              -120.6568269,
              35.2994314
            ],
            [
              -120.6568198,
              35.2994418
            ],
            [
              -120.6569297,
              35.2995942
            ],
            [
              -120.6569495,
              35.2995849
            ],
            [
              -120.6571292,
              35.2998453
            ],
            [
              -120.657154,
              35.2998338
            ],
            [
              -120.65726,
              35.2999821
            ],
            [
              -120.6573693,
              35.2999306
            ],
            [
              -120.6573961,
              35.299964
            ],
            [
              -120.6576187,
              35.2998628
            ],
            [
              -120.6574906,
              35.29968
            ],
            [
              -120.6575617,
              35.2996465
            ],
            [
              -120.6577381,
              35.2995614
            ],
            [
              -120.657714,
              35.2995292
            ],
            [
              -120.6576912,
              35.2995399
            ],
            [
              -120.6576197,
              35.2994397
            ],
            [
              -120.6576128,
              35.2994429
            ],
            [
              -120.6575947,
              35.299415
            ],
            [
              -120.6576101,
              35.2994088
            ],
            [
              -120.6574882,
              35.2992333
            ],
            [
              -120.6574198,
              35.2992641
            ],
            [
              -120.6575416,
              35.29944
            ],
            [
              -120.6575679,
              35.2994286
            ]
          ]
        ]
      },
      "id": "way/486219813"
    },
    {
      "type": "Feature",
      "properties": {
        "@id": "way/672441026",
        "amenity": "fast_food",
        "building": "yes",
        "fast_food": "cafeteria",
        "internet_access": "wlan",
        "internet_access:fee": "customers",
        "name": "112 Vista Grande Dining Complex",
        "outdoor_seating": "yes",
        "smoking": "no",
        "wheelchair": "yes",
        "ref": "112"
      },
      "geometry": {
        "type": "Polygon",
        "coordinates": [
          [
            [
              -120.6562343,
              35.2992385
            ],
            [
              -120.6558512,
              35.2990229
            ],
            [
              -120.6558671,
              35.299004
            ],
            [
              -120.655791,
              35.2989615
            ],
            [
              -120.6556457,
              35.2991349
            ],
            [
              -120.6556332,
              35.2991279
            ],
            [
              -120.6555824,
              35.2991885
            ],
            [
              -120.655657,
              35.2992301
            ],
            [
              -120.6554876,
              35.2994321
            ],
            [
              -120.6556834,
              35.2995414
            ],
            [
              -120.6557017,
              35.2995195
            ],
            [
              -120.6557664,
              35.2995556
            ],
            [
              -120.6557773,
              35.2995425
            ],
            [
              -120.6558663,
              35.2995922
            ],
            [
              -120.6559081,
              35.2995423
            ],
            [
              -120.655924,
              35.2995512
            ],
            [
              -120.6559856,
              35.2994777
            ],
            [
              -120.6560226,
              35.2994983
            ],
            [
              -120.6562343,
              35.2992385
            ]
          ]
        ]
      },
      "id": "way/672441026"
    },
    
    {
      "type": "Feature",
      "properties": {
        "@id": "way/960271028",
        "building": "greenhouse",
        "name": "Cal Poly Plant Conservatory",
        "ref": "72"
      },
      "geometry": {
        "type": "Polygon",
        "coordinates": [
          [
            [
              -120.6587203,
              35.3046043
            ],
            [
              -120.6586408,
              35.304789
            ],
            [
              -120.6590988,
              35.3049075
            ],
            [
              -120.6591409,
              35.3048066
            ],
            [
              -120.659029,
              35.3047767
            ],
            [
              -120.6590587,
              35.3046998
            ],
            [
              -120.6587203,
              35.3046043
            ]
          ]
        ]
      },
      "id": "way/960271028"
    },
  
    {
      "type": "Feature",
      "properties": {
        "@id": "way/1115832121",
        "building": "university",
        "building:levels": "1",
        "name": "Building 072 Offices",
        "amenity": "administrative"
      },
      "geometry": {
        "type": "Polygon",
        "coordinates": [
          [
            [
              -120.6590988,
              35.3049075
            ],
            [
              -120.6591409,
              35.3048066
            ],
            [
              -120.659029,
              35.3047767
            ],
            [
              -120.6589885,
              35.3048776
            ],
            [
              -120.6590988,
              35.3049075
            ]
          ]
        ]
      },
      "id": "way/1115832121"
    },
    {
      "type": "Feature",
      "properties": {
        "@id": "way/1135803678",
        "access": "yes",
        "building": "yes",
        "man_made": "observatory",
        "name": "Cal Poly Observatory (52B)",
        "operator": "California Polytechnic State University",
        "start_date": "1966",
        "website": "https://sites.google.com/view/calpolyobservatory/home"
      },
      "geometry": {
        "type": "Polygon",
        "coordinates": [
          [
            [
              -120.6599939,
              35.3005066
            ],
            [
              -120.6599936,
              35.3004968
            ],
            [
              -120.6599855,
              35.3004874
            ],
            [
              -120.6599739,
              35.3004851
            ],
            [
              -120.6599638,
              35.3004848
            ],
            [
              -120.6599543,
              35.3004891
            ],
            [
              -120.6599501,
              35.3004966
            ],
            [
              -120.659954,
              35.3005089
            ],
            [
              -120.6599617,
              35.3005149
            ],
            [
              -120.6599743,
              35.3005172
            ],
            [
              -120.6599859,
              35.3005143
            ],
            [
              -120.6599939,
              35.3005066
            ]
          ]
        ]
      },
      "id": "way/1135803678"
    },
  
    {
      "type": "Feature",
      "properties": {
        "@id": "way/1274247194",
        "addr:city": "San Luis Obispo",
        "addr:postcode": "93407",
        "addr:street": "Grand",
        "building": "university",
        "building:levels": "1",
        "name": "Pavilion",
        "ref": "19A",
        "amenity": "academic"
      },
      "geometry": {
        "type": "Polygon",
        "coordinates": [
          [
            [
              -120.6601578,
              35.2998089
            ],
            [
              -120.6597426,
              35.2999069
            ],
            [
              -120.6597653,
              35.2999819
            ],
            [
              -120.6599079,
              35.2999836
            ],
            [
              -120.6598982,
              35.2999552
            ],
            [
              -120.6601862,
              35.2998872
            ],
            [
              -120.6601578,
              35.2998089
            ]
          ]
        ]
      },
      "id": "way/1274247194"
    },
   
    {
      "type": "Feature",
      "properties": {
        "@id": "way/45599071",
        "addr:city": "San Luis Obispo",
        "addr:postcode": "93407",
        "addr:street": "Grand",
        "building": "university",
        "building:levels": "2",
        "name": "Davidson Music Center",
        "official_name": "H. P. Davidson Music Center",
        "ref": "45",
        "amenity": "performing_arts"
      },
      "geometry": {
        "type": "Polygon",
        "coordinates": [
          [
            [
              -120.6578997,
              35.2994835
            ],
            [
              -120.6578176,
              35.2995231
            ],
            [
              -120.6578798,
              35.299609
            ],
            [
              -120.6578568,
              35.2996201
            ],
            [
              -120.657896,
              35.2996743
            ],
            [
              -120.6580093,
              35.2996197
            ],
            [
              -120.6581322,
              35.2995605
            ],
            [
              -120.6583028,
              35.2994782
            ],
            [
              -120.657965,
              35.2990116
            ],
            [
              -120.6578659,
              35.2990594
            ],
            [
              -120.6578373,
              35.2990198
            ],
            [
              -120.6577507,
              35.2990616
            ],
            [
              -120.6577777,
              35.2990989
            ],
            [
              -120.6576618,
              35.2991548
            ],
            [
              -120.6578997,
              35.2994835
            ]
          ]
        ]
      },
      "id": "way/45599071"
    },
    {
      "type": "Feature",
      "properties": {
        "@id": "way/45599074",
        "addr:city": "San Luis Obispo",
        "addr:postcode": "93407",
        "addr:street": "Grand",
        "building": "university",
        "name": "Robert E. Mott Physical Education",
        "ref": "42",
        "amenity": "recreation"
      },
      "geometry": {
        "type": "Polygon",
        "coordinates": [
          [
            [
              -120.6585142,
              35.2992021
            ],
            [
              -120.6589459,
              35.298995
            ],
            [
              -120.6589789,
              35.2990415
            ],
            [
              -120.6591717,
              35.2989503
            ],
            [
              -120.6591333,
              35.2988963
            ],
            [
              -120.6594094,
              35.2987656
            ],
            [
              -120.6591123,
              35.2983472
            ],
            [
              -120.6588295,
              35.298481
            ],
            [
              -120.658811,
              35.298455
            ],
            [
              -120.6583848,
              35.2986567
            ],
            [
              -120.658404,
              35.2986837
            ],
            [
              -120.6582095,
              35.2987757
            ],
            [
              -120.6585142,
              35.2992021
            ]
          ]
        ]
      },
      "id": "way/45599074"
    },
  
    
    {
      "type": "Feature",
      "properties": {
        "@id": "way/45600395",
        "addr:city": "San Luis Obispo",
        "addr:postcode": "93407",
        "addr:street": "Grand",
        "amenity": "theatre",
        "building": "university",
        "building:levels": "2",
        "building:levels:underground": "1",
        "name": "Spanos Theatre",
        "official_name": "Alex and Faye Spanos Theater",
        "ref": "44",
        "start_date": "1960",
        "website": "https://spanostheatre.calpoly.edu/"
      },
      "geometry": {
        "type": "Polygon",
        "coordinates": [
          [
            [
              -120.657896,
              35.2996743
            ],
            [
              -120.6578568,
              35.2996201
            ],
            [
              -120.6578798,
              35.299609
            ],
            [
              -120.6578176,
              35.2995231
            ],
            [
              -120.6577381,
              35.2995614
            ],
            [
              -120.6575617,
              35.2996465
            ],
            [
              -120.6576239,
              35.2997324
            ],
            [
              -120.6576511,
              35.2997193
            ],
            [
              -120.657699,
              35.2997855
            ],
            [
              -120.6577416,
              35.2998444
            ],
            [
              -120.6578228,
              35.2999566
            ],
            [
              -120.6580286,
              35.2998574
            ],
            [
              -120.657896,
              35.2996743
            ]
          ]
        ]
      },
      "id": "way/45600395"
    },

    {
      "type": "Feature",
      "properties": {
        "@id": "way/486219813",
        "addr:city": "San Luis Obispo",
        "addr:postcode": "93407",
        "addr:street": "Grand",
        "air_conditioning": "yes",
        "building": "university",
        "building:levels": "4",
        "name": "Christopher Cohan Performing Arts Center",
        "ref": "6",
        "smoking": "no",
        "start_date": "1996",
        "website": "https://www.pacslo.org/",
        "wheelchair": "yes",
        "amenity": "performing_arts"
      },
      "geometry": {
        "type": "Polygon",
        "coordinates": [
          [
            [
              -120.6575679,
              35.2994286
            ],
            [
              -120.6575853,
              35.2994557
            ],
            [
              -120.6575466,
              35.2994734
            ],
            [
              -120.6573901,
              35.2992462
            ],
            [
              -120.6574628,
              35.2992122
            ],
            [
              -120.6573526,
              35.2990529
            ],
            [
              -120.6573273,
              35.2990645
            ],
            [
              -120.6573035,
              35.2990758
            ],
            [
              -120.6572808,
              35.2990868
            ],
            [
              -120.6572466,
              35.2991013
            ],
            [
              -120.6572201,
              35.2991125
            ],
            [
              -120.6571815,
              35.2991232
            ],
            [
              -120.6571483,
              35.2991262
            ],
            [
              -120.6571078,
              35.2991273
            ],
            [
              -120.6570776,
              35.2991314
            ],
            [
              -120.6570417,
              35.2991459
            ],
            [
              -120.657023,
              35.2991598
            ],
            [
              -120.6570075,
              35.299176
            ],
            [
              -120.6569797,
              35.2992118
            ],
            [
              -120.6569593,
              35.2992408
            ],
            [
              -120.6569311,
              35.2992827
            ],
            [
              -120.6568919,
              35.299336
            ],
            [
              -120.6568503,
              35.2993971
            ],
            [
              -120.6568269,
              35.2994314
            ],
            [
              -120.6568198,
              35.2994418
            ],
            [
              -120.6569297,
              35.2995942
            ],
            [
              -120.6569495,
              35.2995849
            ],
            [
              -120.6571292,
              35.2998453
            ],
            [
              -120.657154,
              35.2998338
            ],
            [
              -120.65726,
              35.2999821
            ],
            [
              -120.6573693,
              35.2999306
            ],
            [
              -120.6573961,
              35.299964
            ],
            [
              -120.6576187,
              35.2998628
            ],
            [
              -120.6574906,
              35.29968
            ],
            [
              -120.6575617,
              35.2996465
            ],
            [
              -120.6577381,
              35.2995614
            ],
            [
              -120.657714,
              35.2995292
            ],
            [
              -120.6576912,
              35.2995399
            ],
            [
              -120.6576197,
              35.2994397
            ],
            [
              -120.6576128,
              35.2994429
            ],
            [
              -120.6575947,
              35.299415
            ],
            [
              -120.6576101,
              35.2994088
            ],
            [
              -120.6574882,
              35.2992333
            ],
            [
              -120.6574198,
              35.2992641
            ],
            [
              -120.6575416,
              35.29944
            ],
            [
              -120.6575679,
              35.2994286
            ]
          ]
        ]
      },
      "id": "way/486219813"
    },
   
    {
      "type": "Feature",
      "properties": {
        "@id": "way/672441026",
        "amenity": "fast_food",
        "building": "yes",
        "fast_food": "cafeteria",
        "internet_access": "wlan",
        "internet_access:fee": "customers",
        "name": "112 Vista Grande Dining Complex",
        "outdoor_seating": "yes",
        "smoking": "no",
        "wheelchair": "yes",
        "ref": "112"
      },
      "geometry": {
        "type": "Polygon",
        "coordinates": [
          [
            [
              -120.6562343,
              35.2992385
            ],
            [
              -120.6558512,
              35.2990229
            ],
            [
              -120.6558671,
              35.299004
            ],
            [
              -120.655791,
              35.2989615
            ],
            [
              -120.6556457,
              35.2991349
            ],
            [
              -120.6556332,
              35.2991279
            ],
            [
              -120.6555824,
              35.2991885
            ],
            [
              -120.655657,
              35.2992301
            ],
            [
              -120.6554876,
              35.2994321
            ],
            [
              -120.6556834,
              35.2995414
            ],
            [
              -120.6557017,
              35.2995195
            ],
            [
              -120.6557664,
              35.2995556
            ],
            [
              -120.6557773,
              35.2995425
            ],
            [
              -120.6558663,
              35.2995922
            ],
            [
              -120.6559081,
              35.2995423
            ],
            [
              -120.655924,
              35.2995512
            ],
            [
              -120.6559856,
              35.2994777
            ],
            [
              -120.6560226,
              35.2994983
            ],
            [
              -120.6562343,
              35.2992385
            ]
          ]
        ]
      },
      "id": "way/672441026"
    },
    
    {
      "type": "Feature",
      "properties": {
        "@id": "relation/2806804",
        "addr:city": "San Luis Obispo",
        "addr:housenumber": "35",
        "addr:postcode": "93407",
        "addr:state": "CA",
        "addr:street": "Grand Avenue",
        "air_conditioning": "no",
        "amenity": "library",
        "building": "university",
        "building:levels": "5",
        "email": "library@calpoly.edu",
        "internet_access": "wlan",
        "internet_access:fee": "no",
        "internet_access:ssid": "CalPolyGuest",
        "name": "Robert E. Kennedy Library",
        "opening_hours": "Closed for renovation",
        "operator": "California Polytechnic State University, San Luis Obispo",
        "operator:type": "university",
        "phone": "+1-805-756-5760",
        "type": "multipolygon",
        "university-function": "academic school or college",
        "website": "https://lib.calpoly.edu/",
        "wheelchair": "yes",
        "wikidata": "Q7343808",
        "ref": "35"
      },
      "geometry": {
        "type": "Polygon",
        "coordinates": [
          [
            [
              -120.6642971,
              35.3020428
            ],
            [
              -120.6642871,
              35.3020076
            ],
            [
              -120.6643371,
              35.3019984
            ],
            [
              -120.6642501,
              35.3016827
            ],
            [
              -120.6642011,
              35.3016916
            ],
            [
              -120.6641439,
              35.3014962
            ],
            [
              -120.6635253,
              35.3016135
            ],
            [
              -120.6635179,
              35.3015911
            ],
            [
              -120.6634422,
              35.3016056
            ],
            [
              -120.6634477,
              35.3016326
            ],
            [
              -120.6632456,
              35.3016699
            ],
            [
              -120.6633049,
              35.3018836
            ],
            [
              -120.66333,
              35.3019701
            ],
            [
              -120.6634146,
              35.3019571
            ],
            [
              -120.6634584,
              35.3021136
            ],
            [
              -120.6634477,
              35.3021445
            ],
            [
              -120.6634661,
              35.302198
            ],
            [
              -120.6636251,
              35.3021688
            ],
            [
              -120.6636141,
              35.3021315
            ],
            [
              -120.6636781,
              35.3021199
            ],
            [
              -120.6636881,
              35.3021573
            ],
            [
              -120.6640801,
              35.3020851
            ],
            [
              -120.6640701,
              35.3020474
            ],
            [
              -120.6641201,
              35.3020382
            ],
            [
              -120.6641301,
              35.3020736
            ],
            [
              -120.6642971,
              35.3020428
            ]
          ],
          [
            [
              -120.6638841,
              35.3016628
            ],
            [
              -120.6639351,
              35.301844
            ],
            [
              -120.6635361,
              35.3019196
            ],
            [
              -120.6634851,
              35.3017384
            ],
            [
              -120.6638841,
              35.3016628
            ]
          ]
        ]
      },
      "id": "relation/2806804"
    },
    {
      "type": "Feature",
      "properties": {
        "@id": "relation/4504112",
        "addr:city": "San Luis Obispo",
        "addr:housenumber": "13",
        "addr:postcode": "93407",
        "addr:street": "Grand",
        "building": "university",
        "amenity": "engineering_building",
        "name": "Engineering",
        "ref": "13",
        "type": "multipolygon",
        "university-function": "academic school or college",
        "wheelchair": "yes"
      },
      "geometry": {
        "type": "Polygon",
        "coordinates": [
          [
            [
              -120.6646653,
              35.3013283
            ],
            [
              -120.6647167,
              35.3015512
            ],
            [
              -120.6648015,
              35.3015342
            ],
            [
              -120.6648503,
              35.3017087
            ],
            [
              -120.6648178,
              35.3017173
            ],
            [
              -120.6648673,
              35.3018959
            ],
            [
              -120.6653496,
              35.3018057
            ],
            [
              -120.6653223,
              35.3017185
            ],
            [
              -120.6657491,
              35.3016391
            ],
            [
              -120.6656735,
              35.3013687
            ],
            [
              -120.6652946,
              35.301441
            ],
            [
              -120.6652287,
              35.3012226
            ],
            [
              -120.6646653,
              35.3013283
            ]
          ],
          [
            [
              -120.6649069,
              35.3015219
            ],
            [
              -120.6651592,
              35.3014776
            ],
            [
              -120.6651912,
              35.3015989
            ],
            [
              -120.6649388,
              35.3016432
            ],
            [
              -120.6649069,
              35.3015219
            ]
          ]
        ]
      },
      "id": "relation/4504112"
    },
    {
      "type": "Feature",
      "properties": {
        "@id": "way/43738057",
        "addr:city": "San Luis Obispo",
        "addr:postcode": "93407",
        "addr:street": "Grand",
        "building": "university",
        "name": "Health and Counseling Services",
        "ref": "27"
      },
      "geometry": {
        "type": "Polygon",
        "coordinates": [
          [
            [
              -120.6608021,
              35.2978382
            ],
            [
              -120.6608596,
              35.298084
            ],
            [
              -120.6608438,
              35.2980874
            ],
            [
              -120.6608707,
              35.2981932
            ],
            [
              -120.6608878,
              35.2981909
            ],
            [
              -120.6609007,
              35.2982493
            ],
            [
              -120.6610019,
              35.2982346
            ],
            [
              -120.66102,
              35.2983132
            ],
            [
              -120.6611552,
              35.2982932
            ],
            [
              -120.6610754,
              35.2979685
            ],
            [
              -120.6611214,
              35.2979613
            ],
            [
              -120.6611716,
              35.2979535
            ],
            [
              -120.6611859,
              35.2979821
            ],
            [
              -120.6612555,
              35.2979596
            ],
            [
              -120.661251,
              35.2979492
            ],
            [
              -120.6615353,
              35.2978585
            ],
            [
              -120.6615402,
              35.2978699
            ],
            [
              -120.6617157,
              35.2978155
            ],
            [
              -120.6617078,
              35.2977964
            ],
            [
              -120.6618838,
              35.2977411
            ],
            [
              -120.6618372,
              35.2976424
            ],
            [
              -120.6616735,
              35.2976942
            ],
            [
              -120.6616321,
              35.2976133
            ],
            [
              -120.6612059,
              35.297749
            ],
            [
              -120.6612011,
              35.2977407
            ],
            [
              -120.6610864,
              35.2977753
            ],
            [
              -120.6611069,
              35.2978194
            ],
            [
              -120.6610414,
              35.2978302
            ],
            [
              -120.6610357,
              35.2978034
            ],
            [
              -120.6610158,
              35.2978059
            ],
            [
              -120.6610135,
              35.2977924
            ],
            [
              -120.6609315,
              35.2978046
            ],
            [
              -120.6609355,
              35.2978201
            ],
            [
              -120.6608021,
              35.2978382
            ]
          ]
        ]
      },
      "id": "way/43738057"
    }
  ]
}