{
  "type": "FeatureCollection",
  "generator": "merged from export files",
  "copyright": "The data included in this document is from www.openstreetmap.org. The data is made available under ODbL.",
  "timestamp": "2026-02-03T05:28:21Z",
  "features": [
    {
      "type": "Feature",
      "properties": {
        "@id": "way/31560773",
        "addr:city": "San Luis Obispo",
        "addr:postcode": "93407",
        "addr:street": "Grand",
        "building": "university",
        "name": "Old Power House",
        "ref": "76",
        "amenity": "miscellaneous"
      },
      "geometry": {
        "type": "Polygon",
        "coordinates": [
          [
            [
              -120.6636243,
              35.2989329
            ],
            [
              -120.6634791,
              35.2989607
            ],
            [
              -120.6635035,
              35.2990455
            ],
            [
              -120.6633761,
              35.2990699
            ],
            [
              -120.6634011,
              35.2991568
            ],
            [
              -120.6635199,
              35.299134
            ],
            [
              -120.6635323,
              35.2991771
            ],
            [
              -120.6636861,
              35.2991476
            ],
            [
              -120.6636243,
              35.2989329
            ]
          ]
        ]
      },
      "id": "way/31560773"
    },
    {
      "type": "Feature",
      "properties": {
        "@id": "way/43738023",
        "addr:city": "San Luis Obispo",
        "addr:postcode": "93407",
        "addr:street": "Grand",
        "building": "university",
        "name": "Orfalea Family and ASI Children's Center",
        "ref": "133"
      },
      "geometry": {
        "type": "Polygon",
        "coordinates": [
          [
            [
              -120.662943,
              35.297194
            ],
            [
              -120.6625259,
              35.2973281
            ],
            [
              -120.6625316,
              35.2973401
            ],
            [
              -120.6624967,
              35.2973513
            ],
            [
              -120.6625199,
              35.2973994
            ],
            [
              -120.6625362,
              35.2973941
            ],
            [
              -120.6625595,
              35.2974425
            ],
            [
              -120.6625098,
              35.2974585
            ],
            [
              -120.6625239,
              35.2974879
            ],
            [
              -120.6625091,
              35.2974926
            ],
            [
              -120.662529,
              35.297534
            ],
            [
              -120.6625447,
              35.2975289
            ],
            [
              -120.6625523,
              35.2975447
            ],
            [
              -120.6626464,
              35.2975145
            ],
            [
              -120.6626515,
              35.2975251
            ],
            [
              -120.6627844,
              35.2974824
            ],
            [
              -120.6627796,
              35.2974723
            ],
            [
              -120.6628703,
              35.2974432
            ],
            [
              -120.6628751,
              35.2974533
            ],
            [
              -120.6629693,
              35.297423
            ],
            [
              -120.6629641,
              35.2974121
            ],
            [
              -120.6630739,
              35.2973768
            ],
            [
              -120.6630314,
              35.2972887
            ],
            [
              -120.6629944,
              35.2973006
            ],
            [
              -120.662943,
              35.297194
            ]
          ]
        ]
      },
      "id": "way/43738023"
    },
    {
      "type": "Feature",
      "properties": {
        "@id": "way/43738040",
        "addr:city": "San Luis Obispo",
        "addr:postcode": "93407",
        "addr:state": "CA",
        "addr:street": "Grand",
        "building": "university",
        "building:levels": "2",
        "ele": "86",
        "gnis:feature_id": "1872458",
        "name": "Chase Hall",
        "ref": "115",
        "source": "USGS Geonames"
      },
      "geometry": {
        "type": "Polygon",
        "coordinates": [
          [
            [
              -120.663759,
              35.2977557
            ],
            [
              -120.6637169,
              35.2977628
            ],
            [
              -120.6637109,
              35.2977379
            ],
            [
              -120.6636459,
              35.2977488
            ],
            [
              -120.6637329,
              35.2980977
            ],
            [
              -120.6638409,
              35.2980798
            ],
            [
              -120.663759,
              35.2977557
            ]
          ]
        ]
      },
      "id": "way/43738040"
    },
    {
      "type": "Feature",
      "properties": {
        "@id": "way/45599729",
        "addr:city": "San Luis Obispo",
        "addr:postcode": "93407",
        "addr:street": "Grand",
        "building": "university",
        "name": "Jespersen Hall",
        "ref": "116"
      },
      "geometry": {
        "type": "Polygon",
        "coordinates": [
          [
            [
              -120.6645603,
              35.297913
            ],
            [
              -120.6645579,
              35.2979052
            ],
            [
              -120.6644767,
              35.2975963
            ],
            [
              -120.6643662,
              35.2976137
            ],
            [
              -120.6644531,
              35.2979294
            ],
            [
              -120.6645472,
              35.297915
            ],
            [
              -120.6645603,
              35.297913
            ]
          ]
        ]
      },
      "id": "way/45599729"
    },
    {
      "type": "Feature",
      "properties": {
        "@id": "way/45599746",
        "addr:city": "San Luis Obispo",
        "addr:postcode": "93407",
        "addr:street": "Grand",
        "building": "university",
        "name": "Heron Hall",
        "ref": "117"
      },
      "geometry": {
        "type": "Polygon",
        "coordinates": [
          [
            [
              -120.66442,
              35.2973954
            ],
            [
              -120.6643293,
              35.2970728
            ],
            [
              -120.6642269,
              35.2970945
            ],
            [
              -120.6643199,
              35.2974134
            ],
            [
              -120.66442,
              35.2973954
            ]
          ]
        ]
      },
      "id": "way/45599746"
    },
    {
      "type": "Feature",
      "properties": {
        "@id": "way/45599752",
        "addr:city": "San Luis Obispo",
        "addr:postcode": "93407",
        "addr:street": "Grand",
        "building": "university",
        "building:levels": "2",
        "name": "Student Services",
        "ref": "124"
      },
      "geometry": {
        "type": "Polygon",
        "coordinates": [
          [
            [
              -120.6637822,
              35.2987116
            ],
            [
              -120.663787,
              35.29873
            ],
            [
              -120.6640604,
              35.298682
            ],
            [
              -120.6640658,
              35.2987025
            ],
            [
              -120.6641981,
              35.2986793
            ],
            [
              -120.6641909,
              35.2986519
            ],
            [
              -120.6641664,
              35.2985587
            ],
            [
              -120.6641487,
              35.2985618
            ],
            [
              -120.6640814,
              35.2983063
            ],
            [
              -120.6640722,
              35.2983079
            ],
            [
              -120.6640608,
              35.2982648
            ],
            [
              -120.6640167,
              35.2982725
            ],
            [
              -120.6640194,
              35.2982831
            ],
            [
              -120.6639899,
              35.2982883
            ],
            [
              -120.6639426,
              35.2982965
            ],
            [
              -120.6640024,
              35.2985233
            ],
            [
              -120.664029,
              35.2985186
            ],
            [
              -120.6640404,
              35.2985621
            ],
            [
              -120.6640074,
              35.2985679
            ],
            [
              -120.6639669,
              35.298575
            ],
            [
              -120.6639652,
              35.2985686
            ],
            [
              -120.6637299,
              35.2986099
            ],
            [
              -120.6637431,
              35.29866
            ],
            [
              -120.6637161,
              35.2986647
            ],
            [
              -120.6637308,
              35.2987206
            ],
            [
              -120.6637822,
              35.2987116
            ]
          ]
        ]
      },
      "id": "way/45599752"
    },
    {
      "type": "Feature",
      "properties": {
        "@id": "way/45637320",
        "addr:city": "San Luis Obispo",
        "addr:postcode": "93407",
        "addr:street": "Grand",
        "building": "stadium",
        "name": "Cal Poly Athletic Ticket Office (61)",
        "ref": "61"
      },
      "geometry": {
        "type": "Polygon",
        "coordinates": [
          [
            [
              -120.6647988,
              35.2988684
            ],
            [
              -120.6645707,
              35.2981549
            ],
            [
              -120.664308,
              35.2982172
            ],
            [
              -120.6645377,
              35.2989255
            ],
            [
              -120.6647988,
              35.2988684
            ]
          ]
        ]
      },
      "id": "way/45637320"
    },
    {
      "type": "Feature",
      "properties": {
        "@id": "way/45644100",
        "addr:city": "San Luis Obispo",
        "addr:postcode": "93407",
        "addr:street": "Grand",
        "building": "university",
        "min_level": "-1",
        "name": "Construction Innovations Center",
        "ref": "186",
        "amenity": "academic"
      },
      "geometry": {
        "type": "Polygon",
        "coordinates": [
          [
            [
              -120.6622743,
              35.2991484
            ],
            [
              -120.6623494,
              35.2994174
            ],
            [
              -120.6630228,
              35.2992913
            ],
            [
              -120.6630653,
              35.2994233
            ],
            [
              -120.6630842,
              35.2994188
            ],
            [
              -120.6631001,
              35.2994156
            ],
            [
              -120.6633277,
              35.2993724
            ],
            [
              -120.6633271,
              35.2993517
            ],
            [
              -120.6633731,
              35.2993425
            ],
            [
              -120.6633623,
              35.2992964
            ],
            [
              -120.6633274,
              35.2991588
            ],
            [
              -120.6631453,
              35.2991904
            ],
            [
              -120.6631521,
              35.2992204
            ],
            [
              -120.6630021,
              35.299247
            ],
            [
              -120.6629684,
              35.2991251
            ],
            [
              -120.662492,
              35.2992125
            ],
            [
              -120.6624884,
              35.2992017
            ],
            [
              -120.6624107,
              35.2992179
            ],
            [
              -120.6623832,
              35.2991278
            ],
            [
              -120.6622743,
              35.2991484
            ]
          ]
        ]
      },
      "id": "way/45644100"
    },
    {
      "type": "Feature",
      "properties": {
        "@id": "way/205411389",
        "addr:city": "San Luis Obispo",
        "addr:postcode": "93407",
        "addr:street": "Grand",
        "building": "university",
        "name": "Natatorium Faculty Office",
        "ref": "46T",
        "amenity": "administrative"
      },
      "geometry": {
        "type": "Polygon",
        "coordinates": [
          [
            [
              -120.6643963,
              35.2993331
            ],
            [
              -120.6643289,
              35.2990971
            ],
            [
              -120.6642852,
              35.2991055
            ],
            [
              -120.6642115,
              35.2988477
            ],
            [
              -120.6640269,
              35.2988828
            ],
            [
              -120.6640991,
              35.2991356
            ],
            [
              -120.6639214,
              35.2991694
            ],
            [
              -120.6639801,
              35.2993747
            ],
            [
              -120.6640631,
              35.2993589
            ],
            [
              -120.6640684,
              35.2993833
            ],
            [
              -120.6642226,
              35.2993576
            ],
            [
              -120.6642247,
              35.2993671
            ],
            [
              -120.6643963,
              35.2993331
            ]
          ]
        ]
      },
      "id": "way/205411389"
    },
    {
      "type": "Feature",
      "properties": {
        "@id": "way/205411394",
        "building": "university"
      },
      "geometry": {
        "type": "Polygon",
        "coordinates": [
          [
            [
              -120.663995,
              35.2988933
            ],
            [
              -120.6638015,
              35.2989302
            ],
            [
              -120.6638315,
              35.299035
            ],
            [
              -120.6640249,
              35.2989982
            ],
            [
              -120.663995,
              35.2988933
            ]
          ]
        ]
      },
      "id": "way/205411394"
    },
    {
      "type": "Feature",
      "properties": {
        "@id": "way/617546664",
        "building": "yes"
      },
      "geometry": {
        "type": "Polygon",
        "coordinates": [
          [
            [
              -120.6646636,
              35.2979565
            ],
            [
              -120.6651055,
              35.2978587
            ],
            [
              -120.6650729,
              35.2977606
            ],
            [
              -120.6650077,
              35.297775
            ],
            [
              -120.6649999,
              35.2977515
            ],
            [
              -120.6646799,
              35.2978224
            ],
            [
              -120.6646875,
              35.2978452
            ],
            [
              -120.6646307,
              35.2978577
            ],
            [
              -120.6646636,
              35.2979565
            ]
          ]
        ]
      },
      "id": "way/617546664"
    },
    {
      "type": "Feature",
      "properties": {
        "@id": "way/617546665",
        "building": "stadium",
        "name": "61D- Spanos Stadium West Bleachers",
        "wheelchair": "yes"
      },
      "geometry": {
        "type": "Polygon",
        "coordinates": [
          [
            [
              -120.6655708,
              35.298837
            ],
            [
              -120.665675,
              35.2988161
            ],
            [
              -120.6657211,
              35.2988069
            ],
            [
              -120.665407,
              35.2978363
            ],
            [
              -120.6653684,
              35.2978445
            ],
            [
              -120.6652632,
              35.2978668
            ],
            [
              -120.6655708,
              35.298837
            ]
          ]
        ]
      },
      "id": "way/617546665"
    },
    {
      "type": "Feature",
      "properties": {
        "@id": "node/8925823392",
        "amenity": "bicycle_parking"
      },
      "geometry": {
        "type": "Point",
        "coordinates": [
          -120.6640045,
          35.2988703
        ]
      },
      "id": "node/8925823392"
    },
    {
      "type": "Feature",
      "properties": {
        "@id": "node/9661208004",
        "amenity": "post_box",
        "brand": "UPS",
        "brand:wikidata": "Q155026",
        "covered": "no",
        "drive_through": "no",
        "indoor": "no",
        "official_name": "United Parcel Service",
        "operator": "UPS",
        "operator:type": "private",
        "operator:wikidata": "Q155026",
        "operator:wikipedia": "en:United Parcel Service"
      },
      "geometry": {
        "type": "Point",
        "coordinates": [
          -120.663502,
          35.2988066
        ]
      },
      "id": "node/9661208004"
    },
    {
      "type": "Feature",
      "properties": {
        "@id": "node/9662164656",
        "amenity": "bench",
        "backrest": "no"
      },
      "geometry": {
        "type": "Point",
        "coordinates": [
          -120.6644741,
          35.2980291
        ]
      },
      "id": "node/9662164656"
    },
    {
      "type": "Feature",
      "properties": {
        "@id": "way/42335852",
        "addr:city": "San Luis Obispo",
        "addr:postcode": "93407",
        "addr:street": "Grand",
        "building": "university",
        "name": "Kinesiology",
        "ref": "43A"
      },
      "geometry": {
        "type": "Polygon",
        "coordinates": [
          [
            [
              -120.6600199,
              35.2988544
            ],
            [
              -120.6598938,
              35.2986733
            ],
            [
              -120.6598058,
              35.2987141
            ],
            [
              -120.6597706,
              35.2986637
            ],
            [
              -120.6596902,
              35.298701
            ],
            [
              -120.6597414,
              35.2987745
            ],
            [
              -120.6596737,
              35.2988059
            ],
            [
              -120.6596796,
              35.2988144
            ],
            [
              -120.6596395,
              35.298833
            ],
            [
              -120.6597437,
              35.2989825
            ],
            [
              -120.6600199,
              35.2988544
            ]
          ]
        ]
      },
      "id": "way/42335852"
    },
    {
      "type": "Feature",
      "properties": {
        "@id": "way/43738057",
        "addr:city": "San Luis Obispo",
        "addr:postcode": "93407",
        "addr:street": "Grand",
        "building": "university",
        "name": "Health and Counseling Services",
        "ref": "27"
      },
      "geometry": {
        "type": "Polygon",
        "coordinates": [
          [
            [
              -120.6608021,
              35.2978382
            ],
            [
              -120.6608596,
              35.298084
            ],
            [
              -120.6608438,
              35.2980874
            ],
            [
              -120.6608707,
              35.2981932
            ],
            [
              -120.6608878,
              35.2981909
            ],
            [
              -120.6609007,
              35.2982493
            ],
            [
              -120.6610019,
              35.2982346
            ],
            [
              -120.66102,
              35.2983132
            ],
            [
              -120.6611552,
              35.2982932
            ],
            [
              -120.6610754,
              35.2979685
            ],
            [
              -120.6611214,
              35.2979613
            ],
            [
              -120.6611716,
              35.2979535
            ],
            [
              -120.6611859,
              35.2979821
            ],
            [
              -120.6612555,
              35.2979596
            ],
            [
              -120.661251,
              35.2979492
            ],
            [
              -120.6615353,
              35.2978585
            ],
            [
              -120.6615402,
              35.2978699
            ],
            [
              -120.6617157,
              35.2978155
            ],
            [
              -120.6617078,
              35.2977964
            ],
            [
              -120.6618838,
              35.2977411
            ],
            [
              -120.6618372,
              35.2976424
            ],
            [
              -120.6616735,
              35.2976942
            ],
            [
              -120.6616321,
              35.2976133
            ],
            [
              -120.6612059,
              35.297749
            ],
            [
              -120.6612011,
              35.2977407
            ],
            [
              -120.6610864,
              35.2977753
            ],
            [
              -120.6611069,
              35.2978194
            ],
            [
              -120.6610414,
              35.2978302
            ],
            [
              -120.6610357,
              35.2978034
            ],
            [
              -120.6610158,
              35.2978059
            ],
            [
              -120.6610135,
              35.2977924
            ],
            [
              -120.6609315,
              35.2978046
            ],
            [
              -120.6609355,
              35.2978201
            ],
            [
              -120.6608021,
              35.2978382
            ]
          ]
        ]
      },
      "id": "way/43738057"
    },
    {
      "type": "Feature",
      "properties": {
        "@id": "way/45600281",
        "building": "yes"
      },
      "geometry": {
        "type": "Polygon",
        "coordinates": [
          [
            [
              -120.6602454,
              35.2979539
            ],
            [
              -120.6602121,
              35.2978321
            ],
            [
              -120.6602168,
              35.2978259
            ],
            [
              -120.6602055,
              35.2977814
            ],
            [
              -120.6601331,
              35.2977287
            ],
            [
              -120.6600904,
              35.2977355
            ],
            [
              -120.6601585,
              35.29797
            ],
            [
              -120.6602454,
              35.2979539
            ]
          ]
        ]
      },
      "id": "way/45600281"
    },
    {
      "type": "Feature",
      "properties": {
        "@id": "way/206420904",
        "addr:city": "San Luis Obispo",
        "addr:postcode": "93407",
        "addr:street": "Grand",
        "building": "university",
        "name": "Recreation Center",
        "ref": "43"
      },
      "geometry": {
        "type": "Polygon",
        "coordinates": [
          [
            [
              -120.6593072,
              35.2980865
            ],
            [
              -120.6591774,
              35.2979044
            ],
            [
              -120.659349,
              35.2978238
            ],
            [
              -120.6593737,
              35.2978573
            ],
            [
              -120.6594433,
              35.2978253
            ],
            [
              -120.6594538,
              35.2978402
            ],
            [
              -120.659545,
              35.2978233
            ],
            [
              -120.6592986,
              35.2974688
            ],
            [
              -120.6588723,
              35.2976691
            ],
            [
              -120.6589347,
              35.2977576
            ],
            [
              -120.6588646,
              35.2977906
            ],
            [
              -120.6591314,
              35.2981694
            ],
            [
              -120.6590901,
              35.2981889
            ],
            [
              -120.6594978,
              35.2987751
            ],
            [
              -120.6596279,
              35.2987501
            ],
            [
              -120.6596124,
              35.2986992
            ],
            [
              -120.6598063,
              35.2986097
            ],
            [
              -120.6598398,
              35.2986597
            ],
            [
              -120.6599598,
              35.2986029
            ],
            [
              -120.6599283,
              35.2985571
            ],
            [
              -120.6599776,
              35.2985332
            ],
            [
              -120.6601885,
              35.2988338
            ],
            [
              -120.660221,
              35.2988631
            ],
            [
              -120.6602855,
              35.2988816
            ],
            [
              -120.6604888,
              35.2988448
            ],
            [
              -120.6604663,
              35.2987569
            ],
            [
              -120.6605167,
              35.2987462
            ],
            [
              -120.6605215,
              35.2987575
            ],
            [
              -120.6605699,
              35.2987488
            ],
            [
              -120.6605667,
              35.2987379
            ],
            [
              -120.660705,
              35.2987114
            ],
            [
              -120.6605795,
              35.2982572
            ],
            [
              -120.6606647,
              35.2982398
            ],
            [
              -120.6606103,
              35.2980465
            ],
            [
              -120.6605246,
              35.2980612
            ],
            [
              -120.6605236,
              35.2980551
            ],
            [
              -120.6603846,
              35.2980799
            ],
            [
              -120.6603814,
              35.2980668
            ],
            [
              -120.6602838,
              35.2980849
            ],
            [
              -120.6602866,
              35.2980974
            ],
            [
              -120.6601514,
              35.2981239
            ],
            [
              -120.6601423,
              35.298087
            ],
            [
              -120.6595646,
              35.2981945
            ],
            [
              -120.6594448,
              35.2980215
            ],
            [
              -120.6593072,
              35.2980865
            ]
          ]
        ]
      },
      "id": "way/206420904"
    },
    {
      "type": "Feature",
      "properties": {
        "@id": "node/10205351968",
        "amenity": "bench",
        "backrest": "yes",
        "material": "concrete"
      },
      "geometry": {
        "type": "Point",
        "coordinates": [
          -120.6607684,
          35.2985369
        ]
      },
      "id": "node/10205351968"
    },
    {
      "type": "Feature",
      "properties": {
        "@id": "node/10205351969",
        "amenity": "bench",
        "backrest": "yes",
        "material": "concrete"
      },
      "geometry": {
        "type": "Point",
        "coordinates": [
          -120.660806,
          35.2985146
        ]
      },
      "id": "node/10205351969"
    },
    {
      "type": "Feature",
      "properties": {
        "@id": "node/10205351970",
        "amenity": "bench",
        "backrest": "yes",
        "material": "concrete"
      },
      "geometry": {
        "type": "Point",
        "coordinates": [
          -120.6608537,
          35.2985146
        ]
      },
      "id": "node/10205351970"
    },
    {
      "type": "Feature",
      "properties": {
        "@id": "node/10205351971",
        "amenity": "bench",
        "backrest": "yes",
        "material": "metal"
      },
      "geometry": {
        "type": "Point",
        "coordinates": [
          -120.6608942,
          35.2986848
        ]
      },
      "id": "node/10205351971"
    },
    {
      "type": "Feature",
      "properties": {
        "@id": "node/10205351972",
        "amenity": "bench",
        "backrest": "yes",
        "material": "metal"
      },
      "geometry": {
        "type": "Point",
        "coordinates": [
          -120.660887,
          35.2987256
        ]
      },
      "id": "node/10205351972"
    },
    {
      "type": "Feature",
      "properties": {
        "@id": "node/10205351973",
        "amenity": "bench",
        "backrest": "yes",
        "material": "metal"
      },
      "geometry": {
        "type": "Point",
        "coordinates": [
          -120.6608584,
          35.2987509
        ]
      },
      "id": "node/10205351973"
    },
    {
      "type": "Feature",
      "properties": {
        "@id": "node/10205351974",
        "amenity": "bench",
        "backrest": "yes",
        "material": "metal"
      },
      "geometry": {
        "type": "Point",
        "coordinates": [
          -120.6607822,
          35.298749
        ]
      },
      "id": "node/10205351974"
    },
    {
      "type": "Feature",
      "properties": {
        "@id": "way/35152829",
        "addr:city": "San Luis Obispo",
        "addr:postcode": "93407",
        "addr:street": "Grand",
        "building": "university",
        "name": "Farm Shop",
        "ref": "9",
        "amenity": "agriculture"
      },
      "geometry": {
        "type": "Polygon",
        "coordinates": [
          [
            [
              -120.6626759,
              35.3046327
            ],
            [
              -120.6625398,
              35.3041561
            ],
            [
              -120.6619413,
              35.30427
            ],
            [
              -120.6620325,
              35.3045894
            ],
            [
              -120.6623675,
              35.3045257
            ],
            [
              -120.6623828,
              35.3045793
            ],
            [
              -120.6624454,
              35.3045673
            ],
            [
              -120.662475,
              35.3046709
            ],
            [
              -120.6626759,
              35.3046327
            ]
          ]
        ]
      },
      "id": "way/35152829"
    },
    {
      "type": "Feature",
      "properties": {
        "@id": "way/45600374",
        "building": "yes",
        "name": "32C- Equine Center Breeding Barn"
      },
      "geometry": {
        "type": "Polygon",
        "coordinates": [
          [
            [
              -120.6647492,
              35.3098292
            ],
            [
              -120.6646933,
              35.309734
            ],
            [
              -120.6646353,
              35.3097525
            ],
            [
              -120.664612,
              35.3097583
            ],
            [
              -120.6644454,
              35.3098272
            ],
            [
              -120.6645063,
              35.3099257
            ],
            [
              -120.6647492,
              35.3098292
            ]
          ]
        ]
      },
      "id": "way/45600374"
    },
    {
      "type": "Feature",
      "properties": {
        "@id": "way/45600375",
        "building": "yes"
      },
      "geometry": {
        "type": "Polygon",
        "coordinates": [
          [
            [
              -120.6631219,
              35.30949
            ],
            [
              -120.6630716,
              35.3093177
            ],
            [
              -120.6629362,
              35.309344
            ],
            [
              -120.6629865,
              35.3095163
            ],
            [
              -120.6631219,
              35.30949
            ]
          ]
        ]
      },
      "id": "way/45600375"
    },
    {
      "type": "Feature",
      "properties": {
        "@id": "way/45600376",
        "building": "greenhouse",
        "name": "48F- EHS Solar Greenhouse"
      },
      "geometry": {
        "type": "Polygon",
        "coordinates": [
          [
            [
              -120.6630643,
              35.3092859
            ],
            [
              -120.6630165,
              35.3091172
            ],
            [
              -120.6628763,
              35.3091437
            ],
            [
              -120.6629241,
              35.3093124
            ],
            [
              -120.6630643,
              35.3092859
            ]
          ]
        ]
      },
      "id": "way/45600376"
    },
    {
      "type": "Feature",
      "properties": {
        "@id": "way/45600377",
        "building": "yes",
        "name": "Horticulture Dorm"
      },
      "geometry": {
        "type": "Polygon",
        "coordinates": [
          [
            [
              -120.6639054,
              35.3090571
            ],
            [
              -120.6638808,
              35.3089751
            ],
            [
              -120.6638132,
              35.3089886
            ],
            [
              -120.6638176,
              35.309003
            ],
            [
              -120.663724,
              35.3090217
            ],
            [
              -120.6637155,
              35.3090234
            ],
            [
              -120.6637358,
              35.309091
            ],
            [
              -120.6639054,
              35.3090571
            ]
          ]
        ]
      },
      "id": "way/45600377"
    },
    {
      "type": "Feature",
      "properties": {
        "@id": "way/45600382",
        "addr:city": "San Luis Obispo",
        "addr:postcode": "93407",
        "addr:street": "Grand",
        "building": "university",
        "name": "Aero Hanger",
        "ref": "04A",
        "amenity": "academic"
      },
      "geometry": {
        "type": "Polygon",
        "coordinates": [
          [
            [
              -120.6649723,
              35.3056017
            ],
            [
              -120.6646467,
              35.3053751
            ],
            [
              -120.6644248,
              35.3055899
            ],
            [
              -120.6647461,
              35.3058122
            ],
            [
              -120.6649723,
              35.3056017
            ]
          ]
        ]
      },
      "id": "way/45600382"
    },
    {
      "type": "Feature",
      "properties": {
        "@id": "way/45600383",
        "building": "yes",
        "name": "04E- Aero Hazardous Material Storage"
      },
      "geometry": {
        "type": "Polygon",
        "coordinates": [
          [
            [
              -120.6653255,
              35.3055719
            ],
            [
              -120.6653685,
              35.3055399
            ],
            [
              -120.6653285,
              35.3055089
            ],
            [
              -120.6652844,
              35.30554
            ],
            [
              -120.6653255,
              35.3055719
            ]
          ]
        ]
      },
      "id": "way/45600383"
    },
    {
      "type": "Feature",
      "properties": {
        "@id": "way/45600385",
        "building": "university",
        "name": "Research Development Center",
        "ref": "4",
        "amenity": "academic"
      },
      "geometry": {
        "type": "Polygon",
        "coordinates": [
          [
            [
              -120.6652027,
              35.3053703
            ],
            [
              -120.6648875,
              35.3051498
            ],
            [
              -120.6646699,
              35.305357
            ],
            [
              -120.6649851,
              35.3055775
            ],
            [
              -120.6652027,
              35.3053703
            ]
          ]
        ]
      },
      "id": "way/45600385"
    },
    {
      "type": "Feature",
      "properties": {
        "@id": "way/45600386",
        "building": "yes",
        "name": "Public Safety Lab",
        "ref": "04C",
        "amenity": "police"
      },
      "geometry": {
        "type": "Polygon",
        "coordinates": [
          [
            [
              -120.664418,
              35.3054287
            ],
            [
              -120.664483,
              35.3054728
            ],
            [
              -120.6645663,
              35.3053911
            ],
            [
              -120.6645016,
              35.3053471
            ],
            [
              -120.6644807,
              35.3053676
            ],
            [
              -120.6644498,
              35.3053466
            ],
            [
              -120.664419,
              35.3053768
            ],
            [
              -120.6644497,
              35.3053976
            ],
            [
              -120.664418,
              35.3054287
            ]
          ]
        ]
      },
      "id": "way/45600386"
    },
    {
      "type": "Feature",
      "properties": {
        "@id": "way/45600387",
        "building": "yes",
        "name": "Aero Storage",
        "ref": "04R"
      },
      "geometry": {
        "type": "Polygon",
        "coordinates": [
          [
            [
              -120.6644156,
              35.3055798
            ],
            [
              -120.664483,
              35.3055117
            ],
            [
              -120.6644546,
              35.305493
            ],
            [
              -120.6644687,
              35.3054788
            ],
            [
              -120.6644158,
              35.3054439
            ],
            [
              -120.6643879,
              35.3054721
            ],
            [
              -120.6643532,
              35.3054492
            ],
            [
              -120.6642996,
              35.3055033
            ],
            [
              -120.6644156,
              35.3055798
            ]
          ]
        ]
      },
      "id": "way/45600387"
    },
    {
      "type": "Feature",
      "properties": {
        "@id": "way/45600396",
        "building": "university"
      },
      "geometry": {
        "type": "Polygon",
        "coordinates": [
          [
            [
              -120.6598268,
              35.30453
            ],
            [
              -120.6598138,
              35.3043598
            ],
            [
              -120.6595322,
              35.3043742
            ],
            [
              -120.6595328,
              35.3043816
            ],
            [
              -120.6594087,
              35.3043879
            ],
            [
              -120.6594199,
              35.304486
            ],
            [
              -120.6594606,
              35.3045132
            ],
            [
              -120.6595464,
              35.3045099
            ],
            [
              -120.6595552,
              35.3045458
            ],
            [
              -120.6598268,
              35.30453
            ]
          ]
        ]
      },
      "id": "way/45600396"
    },
    {
      "type": "Feature",
      "properties": {
        "@id": "way/45600397",
        "addr:city": "San Luis Obispo",
        "addr:postcode": "93407",
        "addr:street": "Grand",
        "building": "university",
        "name": "Transportation Services",
        "ref": "71",
        "amenity": "academic"
      },
      "geometry": {
        "type": "Polygon",
        "coordinates": [
          [
            [
              -120.6588169,
              35.3042597
            ],
            [
              -120.6587803,
              35.3038676
            ],
            [
              -120.6586396,
              35.3038763
            ],
            [
              -120.6586468,
              35.3039538
            ],
            [
              -120.6585989,
              35.3039568
            ],
            [
              -120.6586138,
              35.3041163
            ],
            [
              -120.6586631,
              35.3041133
            ],
            [
              -120.6586776,
              35.3042684
            ],
            [
              -120.6588169,
              35.3042597
            ]
          ]
        ]
      },
      "id": "way/45600397"
    },
    {
      "type": "Feature",
      "properties": {
        "@id": "way/45600400",
        "addr:city": "San Luis Obispo",
        "addr:postcode": "93407",
        "addr:street": "Grand",
        "building": "university",
        "name": "Facility Services/Receiving Warehouse",
        "ref": "70",
        "amenity": "academic"
      },
      "geometry": {
        "type": "Polygon",
        "coordinates": [
          [
            [
              -120.6598037,
              35.3042617
            ],
            [
              -120.6597931,
              35.3041496
            ],
            [
              -120.6598222,
              35.3041477
            ],
            [
              -120.6598063,
              35.3039794
            ],
            [
              -120.6597768,
              35.3039812
            ],
            [
              -120.6597618,
              35.3038224
            ],
            [
              -120.6597913,
              35.3038205
            ],
            [
              -120.6597752,
              35.3036502
            ],
            [
              -120.6597466,
              35.303652
            ],
            [
              -120.6597319,
              35.303496
            ],
            [
              -120.6594542,
              35.3035135
            ],
            [
              -120.6594809,
              35.3037963
            ],
            [
              -120.6594273,
              35.3037996
            ],
            [
              -120.6594368,
              35.3039
            ],
            [
              -120.6594918,
              35.3038965
            ],
            [
              -120.6595279,
              35.304279
            ],
            [
              -120.6598037,
              35.3042617
            ]
          ]
        ]
      },
      "id": "way/45600400"
    },
    {
      "type": "Feature",
      "properties": {
        "@id": "way/45637272",
        "building": "university",
        "name": "Beef Unit",
        "amenity": "academic",
        "ref": "16"
      },
      "geometry": {
        "type": "Polygon",
        "coordinates": [
          [
            [
              -120.6633105,
              35.3070397
            ],
            [
              -120.6632735,
              35.3069015
            ],
            [
              -120.6629335,
              35.3069621
            ],
            [
              -120.6629705,
              35.3071003
            ],
            [
              -120.6633105,
              35.3070397
            ]
          ]
        ]
      },
      "id": "way/45637272"
    },
    {
      "type": "Feature",
      "properties": {
        "@id": "way/45637273",
        "building": "yes",
        "name": "Herdsman Hall"
      },
      "geometry": {
        "type": "Polygon",
        "coordinates": [
          [
            [
              -120.6634175,
              35.3072948
            ],
            [
              -120.6633809,
              35.3071571
            ],
            [
              -120.6632683,
              35.3071771
            ],
            [
              -120.663305,
              35.3073147
            ],
            [
              -120.6634175,
              35.3072948
            ]
          ]
        ]
      },
      "id": "way/45637273"
    },
    {
      "type": "Feature",
      "properties": {
        "@id": "way/45637278",
        "building": "greenhouse",
        "name": "48- Environmental Horitcultural Science",
        "ref": "48"
      },
      "geometry": {
        "type": "Polygon",
        "coordinates": [
          [
            [
              -120.6632828,
              35.3092407
            ],
            [
              -120.6632341,
              35.3090713
            ],
            [
              -120.6630407,
              35.3091083
            ],
            [
              -120.6630894,
              35.3092777
            ],
            [
              -120.6632828,
              35.3092407
            ]
          ]
        ]
      },
      "id": "way/45637278"
    },
    {
      "type": "Feature",
      "properties": {
        "@id": "way/45637279",
        "building": "yes",
        "name": "48- Environmental Horitcultural Science",
        "ref": "48"
      },
      "geometry": {
        "type": "Polygon",
        "coordinates": [
          [
            [
              -120.6637407,
              35.3093802
            ],
            [
              -120.6636921,
              35.3092085
            ],
            [
              -120.6633258,
              35.3092775
            ],
            [
              -120.6633743,
              35.3094492
            ],
            [
              -120.6637407,
              35.3093802
            ]
          ]
        ]
      },
      "id": "way/45637279"
    },
    {
      "type": "Feature",
      "properties": {
        "@id": "way/45637280",
        "building": "yes",
        "name": "48K- EHS Greenhouse"
      },
      "geometry": {
        "type": "Polygon",
        "coordinates": [
          [
            [
              -120.6627476,
              35.3089207
            ],
            [
              -120.6627363,
              35.3088776
            ],
            [
              -120.6626453,
              35.3088934
            ],
            [
              -120.6626223,
              35.3088975
            ],
            [
              -120.6626336,
              35.3089406
            ],
            [
              -120.6627476,
              35.3089207
            ]
          ]
        ]
      },
      "id": "way/45637280"
    },
    {
      "type": "Feature",
      "properties": {
        "@id": "way/45637281",
        "building": "greenhouse",
        "name": "Hoop House"
      },
      "geometry": {
        "type": "Polygon",
        "coordinates": [
          [
            [
              -120.6629048,
              35.3093154
            ],
            [
              -120.6628561,
              35.30915
            ],
            [
              -120.6627648,
              35.3091679
            ],
            [
              -120.6628135,
              35.3093333
            ],
            [
              -120.6629048,
              35.3093154
            ]
          ]
        ]
      },
      "id": "way/45637281"
    },
    {
      "type": "Feature",
      "properties": {
        "@id": "way/45637282",
        "building": "yes",
        "name": "48M- EHS Pesticide Storage"
      },
      "geometry": {
        "type": "Polygon",
        "coordinates": [
          [
            [
              -120.6622538,
              35.308804
            ],
            [
              -120.6624038,
              35.3087741
            ],
            [
              -120.6623998,
              35.3087493
            ],
            [
              -120.6624434,
              35.3087418
            ],
            [
              -120.6624204,
              35.3086501
            ],
            [
              -120.6623354,
              35.3086669
            ],
            [
              -120.6623216,
              35.3086648
            ],
            [
              -120.6622215,
              35.3086834
            ],
            [
              -120.6622538,
              35.308804
            ]
          ]
        ]
      },
      "id": "way/45637282"
    },
    {
      "type": "Feature",
      "properties": {
        "@id": "way/45637283",
        "building": "yes",
        "name": "48N- EHS Bug House"
      },
      "geometry": {
        "type": "Polygon",
        "coordinates": [
          [
            [
              -120.6620752,
              35.3088441
            ],
            [
              -120.6622121,
              35.3088166
            ],
            [
              -120.6621863,
              35.3087312
            ],
            [
              -120.6620494,
              35.3087588
            ],
            [
              -120.6620752,
              35.3088441
            ]
          ]
        ]
      },
      "id": "way/45637283"
    },
    {
      "type": "Feature",
      "properties": {
        "@id": "way/45637284",
        "building": "yes",
        "name": "48I- EHS Shade House"
      },
      "geometry": {
        "type": "Polygon",
        "coordinates": [
          [
            [
              -120.663034,
              35.3090367
            ],
            [
              -120.6629977,
              35.3089115
            ],
            [
              -120.6626874,
              35.3089714
            ],
            [
              -120.6627237,
              35.3090966
            ],
            [
              -120.663034,
              35.3090367
            ]
          ]
        ]
      },
      "id": "way/45637284"
    },
    {
      "type": "Feature",
      "properties": {
        "@id": "way/45637285",
        "building": "yes",
        "name": "48- Environmental Horitcultural Science",
        "ref": "48"
      },
      "geometry": {
        "type": "Polygon",
        "coordinates": [
          [
            [
              -120.6636589,
              35.3091704
            ],
            [
              -120.6635945,
              35.3089457
            ],
            [
              -120.6634566,
              35.308972
            ],
            [
              -120.663463,
              35.3089945
            ],
            [
              -120.6634376,
              35.3089993
            ],
            [
              -120.6634466,
              35.3090305
            ],
            [
              -120.663251,
              35.3090678
            ],
            [
              -120.6633,
              35.3092389
            ],
            [
              -120.6636589,
              35.3091704
            ]
          ]
        ]
      },
      "id": "way/45637285"
    },
    {
      "type": "Feature",
      "properties": {
        "@id": "way/45637286",
        "building": "yes",
        "name": "32- Cal Poly Equine Center",
        "ref": "32"
      },
      "geometry": {
        "type": "Polygon",
        "coordinates": [
          [
            [
              -120.6644061,
              35.3092082
            ],
            [
              -120.6645617,
              35.3091455
            ],
            [
              -120.6643909,
              35.3088633
            ],
            [
              -120.6642353,
              35.308926
            ],
            [
              -120.6644061,
              35.3092082
            ]
          ]
        ]
      },
      "id": "way/45637286"
    },
    {
      "type": "Feature",
      "properties": {
        "@id": "way/45637288",
        "building": "yes"
      },
      "geometry": {
        "type": "Polygon",
        "coordinates": [
          [
            [
              -120.6642478,
              35.3098631
            ],
            [
              -120.6642004,
              35.3097781
            ],
            [
              -120.6642155,
              35.3097725
            ],
            [
              -120.6641867,
              35.3097208
            ],
            [
              -120.664169,
              35.3097274
            ],
            [
              -120.664124,
              35.3096468
            ],
            [
              -120.663951,
              35.3097112
            ],
            [
              -120.6639997,
              35.3097983
            ],
            [
              -120.6639841,
              35.3098041
            ],
            [
              -120.6640117,
              35.3098536
            ],
            [
              -120.6640279,
              35.3098475
            ],
            [
              -120.6640729,
              35.3099281
            ],
            [
              -120.6642478,
              35.3098631
            ]
          ]
        ]
      },
      "id": "way/45637288"
    },
    {
      "type": "Feature",
      "properties": {
        "@id": "way/45637289",
        "building": "yes"
      },
      "geometry": {
        "type": "Polygon",
        "coordinates": [
          [
            [
              -120.6649648,
              35.3092065
            ],
            [
              -120.6649235,
              35.3091365
            ],
            [
              -120.6648658,
              35.3091637
            ],
            [
              -120.6649088,
              35.3092282
            ],
            [
              -120.6649648,
              35.3092065
            ]
          ]
        ]
      },
      "id": "way/45637289"
    },
    {
      "type": "Feature",
      "properties": {
        "@id": "way/45637290",
        "building": "yes"
      },
      "geometry": {
        "type": "Polygon",
        "coordinates": [
          [
            [
              -120.6626886,
              35.3093595
            ],
            [
              -120.662633,
              35.3091609
            ],
            [
              -120.6624974,
              35.3091862
            ],
            [
              -120.662506,
              35.3092168
            ],
            [
              -120.6623734,
              35.3092415
            ],
            [
              -120.6624205,
              35.3094095
            ],
            [
              -120.6626886,
              35.3093595
            ]
          ]
        ]
      },
      "id": "way/45637290"
    },
    {
      "type": "Feature",
      "properties": {
        "@id": "way/45637291",
        "building": "yes",
        "name": "48J- EHS Lath House (AL)"
      },
      "geometry": {
        "type": "Polygon",
        "coordinates": [
          [
            [
              -120.6632748,
              35.309004
            ],
            [
              -120.6632433,
              35.3088943
            ],
            [
              -120.6630465,
              35.3089319
            ],
            [
              -120.663078,
              35.3090416
            ],
            [
              -120.6632748,
              35.309004
            ]
          ]
        ]
      },
      "id": "way/45637291"
    },
    {
      "type": "Feature",
      "properties": {
        "@id": "way/45637292",
        "building": "yes",
        "name": "48D- EHS Tractor Barn"
      },
      "geometry": {
        "type": "Polygon",
        "coordinates": [
          [
            [
              -120.6632044,
              35.3097601
            ],
            [
              -120.6631889,
              35.3096956
            ],
            [
              -120.6629798,
              35.3097291
            ],
            [
              -120.6629953,
              35.3097936
            ],
            [
              -120.6632044,
              35.3097601
            ]
          ]
        ]
      },
      "id": "way/45637292"
    },
    {
      "type": "Feature",
      "properties": {
        "@id": "way/45637293",
        "building": "yes",
        "name": "48E- EHS Garcia Barn"
      },
      "geometry": {
        "type": "Polygon",
        "coordinates": [
          [
            [
              -120.6631934,
              35.3096253
            ],
            [
              -120.6631622,
              35.3095162
            ],
            [
              -120.6630108,
              35.3095451
            ],
            [
              -120.6630425,
              35.3096554
            ],
            [
              -120.6630959,
              35.3096452
            ],
            [
              -120.6631037,
              35.3096724
            ],
            [
              -120.6631812,
              35.3096576
            ],
            [
              -120.663173,
              35.3096292
            ],
            [
              -120.6631934,
              35.3096253
            ]
          ]
        ]
      },
      "id": "way/45637293"
    },
    {
      "type": "Feature",
      "properties": {
        "@id": "way/45637299",
        "building": "yes",
        "name": "32J- Equine Center Mare Barn"
      },
      "geometry": {
        "type": "Polygon",
        "coordinates": [
          [
            [
              -120.6647203,
              35.3097199
            ],
            [
              -120.6644814,
              35.3093153
            ],
            [
              -120.6644265,
              35.30934
            ],
            [
              -120.6646613,
              35.3097392
            ],
            [
              -120.6647203,
              35.3097199
            ]
          ]
        ]
      },
      "id": "way/45637299"
    },
    {
      "type": "Feature",
      "properties": {
        "@id": "way/45637454",
        "addr:city": "San Luis Obispo",
        "addr:postcode": "93407",
        "addr:street": "Grand",
        "building": "residential",
        "name": "Islay",
        "operator": "California Polytechnic State University",
        "ref": "170F",
        "residential": "university"
      },
      "geometry": {
        "type": "Polygon",
        "coordinates": [
          [
            [
              -120.6566886,
              35.3051531
            ],
            [
              -120.656681,
              35.3051396
            ],
            [
              -120.6566334,
              35.3051569
            ],
            [
              -120.6566015,
              35.3050989
            ],
            [
              -120.6566834,
              35.3050707
            ],
            [
              -120.6566742,
              35.3050548
            ],
            [
              -120.6567121,
              35.3050411
            ],
            [
              -120.6566347,
              35.3048968
            ],
            [
              -120.6565963,
              35.3049109
            ],
            [
              -120.6565702,
              35.3048724
            ],
            [
              -120.6565983,
              35.3048505
            ],
            [
              -120.6565413,
              35.304797
            ],
            [
              -120.6565112,
              35.3048176
            ],
            [
              -120.6564984,
              35.304806
            ],
            [
              -120.6565281,
              35.3047841
            ],
            [
              -120.6564705,
              35.3047307
            ],
            [
              -120.6564408,
              35.3047523
            ],
            [
              -120.6564253,
              35.3047386
            ],
            [
              -120.6563593,
              35.304786
            ],
            [
              -120.6562499,
              35.3046839
            ],
            [
              -120.6563211,
              35.3046313
            ],
            [
              -120.6563037,
              35.3046133
            ],
            [
              -120.6562924,
              35.3046016
            ],
            [
              -120.6563045,
              35.3045924
            ],
            [
              -120.6562362,
              35.3045274
            ],
            [
              -120.6562192,
              35.3045405
            ],
            [
              -120.6561938,
              35.3045155
            ],
            [
              -120.6561266,
              35.3045612
            ],
            [
              -120.6561539,
              35.304586
            ],
            [
              -120.6560602,
              35.304652
            ],
            [
              -120.6560736,
              35.3046647
            ],
            [
              -120.6560446,
              35.3046871
            ],
            [
              -120.6563097,
              35.3049374
            ],
            [
              -120.6563428,
              35.304915
            ],
            [
              -120.6563564,
              35.3049281
            ],
            [
              -120.6564223,
              35.3048837
            ],
            [
              -120.6564845,
              35.3049421
            ],
            [
              -120.6565211,
              35.305011
            ],
            [
              -120.6564384,
              35.3050385
            ],
            [
              -120.6564478,
              35.3050548
            ],
            [
              -120.6564105,
              35.3050679
            ],
            [
              -120.6564878,
              35.305213
            ],
            [
              -120.6565248,
              35.3052007
            ],
            [
              -120.656528,
              35.3052065
            ],
            [
              -120.6566886,
              35.3051531
            ]
          ]
        ]
      },
      "id": "way/45637454"
    },
    {
      "type": "Feature",
      "properties": {
        "@id": "way/45637455",
        "addr:city": "San Luis Obispo",
        "addr:postcode": "93407",
        "addr:street": "Grand",
        "building": "residential",
        "name": "Bishop",
        "operator": "California Polytechnic State University",
        "ref": "50",
        "residential": "university",
        "amenity": "maintenance"
      },
      "geometry": {
        "type": "Polygon",
        "coordinates": [
          [
            [
              -120.6570516,
              35.3058421
            ],
            [
              -120.6570439,
              35.3057569
            ],
            [
              -120.657016,
              35.3057592
            ],
            [
              -120.6570148,
              35.3057444
            ],
            [
              -120.6569975,
              35.3057449
            ],
            [
              -120.6569965,
              35.3057279
            ],
            [
              -120.6569822,
              35.3057287
            ],
            [
              -120.6568854,
              35.3057338
            ],
            [
              -120.6568878,
              35.3057578
            ],
            [
              -120.6568225,
              35.3057604
            ],
            [
              -120.6568022,
              35.305599
            ],
            [
              -120.6568893,
              35.3055944
            ],
            [
              -120.6568887,
              35.3055754
            ],
            [
              -120.6569266,
              35.3055729
            ],
            [
              -120.6569107,
              35.3054163
            ],
            [
              -120.6568657,
              35.3054173
            ],
            [
              -120.6568617,
              35.3053729
            ],
            [
              -120.6568915,
              35.3053625
            ],
            [
              -120.6568156,
              35.3052164
            ],
            [
              -120.6567778,
              35.3052297
            ],
            [
              -120.6567685,
              35.3052128
            ],
            [
              -120.6566876,
              35.3052416
            ],
            [
              -120.656658,
              35.3051856
            ],
            [
              -120.6567067,
              35.3051678
            ],
            [
              -120.6566993,
              35.3051539
            ],
            [
              -120.6565406,
              35.3052078
            ],
            [
              -120.656543,
              35.3052132
            ],
            [
              -120.6565061,
              35.3052269
            ],
            [
              -120.6565834,
              35.3053722
            ],
            [
              -120.6566208,
              35.3053594
            ],
            [
              -120.6566302,
              35.3053752
            ],
            [
              -120.6567102,
              35.3053484
            ],
            [
              -120.6567501,
              35.305421
            ],
            [
              -120.6567576,
              35.3054962
            ],
            [
              -120.6566704,
              35.3055016
            ],
            [
              -120.6566711,
              35.3055195
            ],
            [
              -120.656632,
              35.3055214
            ],
            [
              -120.6566729,
              35.3058542
            ],
            [
              -120.6567136,
              35.3058527
            ],
            [
              -120.6567146,
              35.3058698
            ],
            [
              -120.6568384,
              35.3058629
            ],
            [
              -120.6568426,
              35.3058917
            ],
            [
              -120.6569303,
              35.3058863
            ],
            [
              -120.6569266,
              35.3058526
            ],
            [
              -120.6569464,
              35.3058517
            ],
            [
              -120.6569496,
              35.305882
            ],
            [
              -120.6570353,
              35.3058765
            ],
            [
              -120.657032,
              35.3058427
            ],
            [
              -120.6570516,
              35.3058421
            ]
          ]
        ]
      },
      "id": "way/45637455"
    },
    {
      "type": "Feature",
      "properties": {
        "@id": "way/45637456",
        "addr:city": "San Luis Obispo",
        "addr:postcode": "93407",
        "addr:street": "Grand",
        "apartments": "residential",
        "building": "apartments",
        "name": "San Luis (170G)",
        "operator": "California Polytechnic State University",
        "residential": "university",
        "ref": "170G"
      },
      "geometry": {
        "type": "Polygon",
        "coordinates": [
          [
            [
              -120.6572594,
              35.3042142
            ],
            [
              -120.657413,
              35.3041427
            ],
            [
              -120.6574693,
              35.3041138
            ],
            [
              -120.6574109,
              35.3040324
            ],
            [
              -120.6573919,
              35.3040415
            ],
            [
              -120.6573764,
              35.3040199
            ],
            [
              -120.6573522,
              35.3039861
            ],
            [
              -120.6573894,
              35.3039683
            ],
            [
              -120.6573433,
              35.3039042
            ],
            [
              -120.6570939,
              35.3040235
            ],
            [
              -120.6571424,
              35.304091
            ],
            [
              -120.65718,
              35.3040731
            ],
            [
              -120.6571958,
              35.3040951
            ],
            [
              -120.6572101,
              35.304115
            ],
            [
              -120.6571938,
              35.3041228
            ],
            [
              -120.6572594,
              35.3042142
            ]
          ]
        ]
      },
      "id": "way/45637456"
    },
    {
      "type": "Feature",
      "properties": {
        "@id": "way/45637457",
        "addr:city": "San Luis Obispo",
        "addr:postcode": "93407",
        "addr:street": "Grand",
        "building": "residential",
        "name": "Morro",
        "operator": "California Polytechnic State University",
        "ref": "170A",
        "residential": "university"
      },
      "geometry": {
        "type": "Polygon",
        "coordinates": [
          [
            [
              -120.6570886,
              35.3041741
            ],
            [
              -120.6570657,
              35.3041545
            ],
            [
              -120.6570781,
              35.3041453
            ],
            [
              -120.6570009,
              35.3040727
            ],
            [
              -120.6569903,
              35.3040823
            ],
            [
              -120.6569681,
              35.3040593
            ],
            [
              -120.6568688,
              35.304128
            ],
            [
              -120.6568782,
              35.3041365
            ],
            [
              -120.6568524,
              35.3041539
            ],
            [
              -120.6568665,
              35.3041665
            ],
            [
              -120.6568215,
              35.3041947
            ],
            [
              -120.6567934,
              35.3041687
            ],
            [
              -120.6565749,
              35.3043221
            ],
            [
              -120.6565954,
              35.3043417
            ],
            [
              -120.656561,
              35.3043675
            ],
            [
              -120.6565384,
              35.304348
            ],
            [
              -120.6564358,
              35.3044214
            ],
            [
              -120.6564639,
              35.304448
            ],
            [
              -120.6564502,
              35.3044585
            ],
            [
              -120.6564947,
              35.3044986
            ],
            [
              -120.656508,
              35.3044904
            ],
            [
              -120.6565173,
              35.304499
            ],
            [
              -120.656605,
              35.3044356
            ],
            [
              -120.6566145,
              35.304444
            ],
            [
              -120.6565477,
              35.3044924
            ],
            [
              -120.656561,
              35.3045051
            ],
            [
              -120.6565317,
              35.3045272
            ],
            [
              -120.6567287,
              35.3047137
            ],
            [
              -120.6567592,
              35.3046917
            ],
            [
              -120.6567747,
              35.3047042
            ],
            [
              -120.6568655,
              35.3046421
            ],
            [
              -120.6567846,
              35.3045654
            ],
            [
              -120.6566299,
              35.3044188
            ],
            [
              -120.6566416,
              35.3044104
            ],
            [
              -120.6566731,
              35.3044398
            ],
            [
              -120.6566868,
              35.304429
            ],
            [
              -120.6567173,
              35.3044567
            ],
            [
              -120.6569372,
              35.3043012
            ],
            [
              -120.6569071,
              35.3042737
            ],
            [
              -120.6569191,
              35.3042646
            ],
            [
              -120.6569486,
              35.3042423
            ],
            [
              -120.6569637,
              35.3042517
            ],
            [
              -120.6569825,
              35.3042371
            ],
            [
              -120.6569925,
              35.3042455
            ],
            [
              -120.6570886,
              35.3041741
            ]
          ]
        ]
      },
      "id": "way/45637457"
    },
    {
      "type": "Feature",
      "properties": {
        "@id": "way/45637466",
        "addr:city": "San Luis Obispo",
        "addr:postcode": "93407",
        "addr:street": "Grand",
        "building": "residential",
        "name": "Romauldo",
        "operator": "California Polytechnic State University",
        "ref": "170D",
        "residential": "university"
      },
      "geometry": {
        "type": "Polygon",
        "coordinates": [
          [
            [
              -120.6576262,
              35.3052153
            ],
            [
              -120.6576051,
              35.3051254
            ],
            [
              -120.6575898,
              35.3051277
            ],
            [
              -120.6575826,
              35.3050987
            ],
            [
              -120.6574569,
              35.305117
            ],
            [
              -120.657459,
              35.3051292
            ],
            [
              -120.6574272,
              35.3051334
            ],
            [
              -120.6574305,
              35.3051493
            ],
            [
              -120.6573869,
              35.3051542
            ],
            [
              -120.6573706,
              35.3051561
            ],
            [
              -120.6573664,
              35.3051212
            ],
            [
              -120.657228,
              35.305141
            ],
            [
              -120.6572362,
              35.3051758
            ],
            [
              -120.6572185,
              35.3051784
            ],
            [
              -120.6572284,
              35.3052215
            ],
            [
              -120.6571767,
              35.3052323
            ],
            [
              -120.6571828,
              35.3052607
            ],
            [
              -120.6571052,
              35.3052713
            ],
            [
              -120.6571089,
              35.3052897
            ],
            [
              -120.6570682,
              35.3052945
            ],
            [
              -120.6571265,
              35.3055384
            ],
            [
              -120.657167,
              35.3055325
            ],
            [
              -120.6571713,
              35.3055482
            ],
            [
              -120.6572574,
              35.3055358
            ],
            [
              -120.6572609,
              35.3055485
            ],
            [
              -120.6571397,
              35.3055712
            ],
            [
              -120.6571211,
              35.3055855
            ],
            [
              -120.6571352,
              35.3056348
            ],
            [
              -120.6571554,
              35.3056319
            ],
            [
              -120.6571627,
              35.3056665
            ],
            [
              -120.6572978,
              35.3056472
            ],
            [
              -120.6572914,
              35.305621
            ],
            [
              -120.6573519,
              35.3056127
            ],
            [
              -120.6573545,
              35.3056241
            ],
            [
              -120.6574799,
              35.3056045
            ],
            [
              -120.6574737,
              35.3055748
            ],
            [
              -120.6574874,
              35.3055723
            ],
            [
              -120.657467,
              35.3054804
            ],
            [
              -120.6574504,
              35.3054828
            ],
            [
              -120.6574447,
              35.3054539
            ],
            [
              -120.6573181,
              35.3054709
            ],
            [
              -120.6573207,
              35.305483
            ],
            [
              -120.6572967,
              35.3054864
            ],
            [
              -120.6572785,
              35.305489
            ],
            [
              -120.6572302,
              35.3052846
            ],
            [
              -120.6572614,
              35.3052811
            ],
            [
              -120.6572685,
              35.3053146
            ],
            [
              -120.6574008,
              35.305295
            ],
            [
              -120.6573935,
              35.3052628
            ],
            [
              -120.657409,
              35.3052567
            ],
            [
              -120.6574534,
              35.3052507
            ],
            [
              -120.657456,
              35.3052626
            ],
            [
              -120.6574903,
              35.3052572
            ],
            [
              -120.6574928,
              35.3052681
            ],
            [
              -120.6576187,
              35.3052492
            ],
            [
              -120.6576103,
              35.3052179
            ],
            [
              -120.6576262,
              35.3052153
            ]
          ]
        ]
      },
      "id": "way/45637466"
    },
    {
      "type": "Feature",
      "properties": {
        "@id": "way/45637468",
        "addr:city": "San Luis Obispo",
        "addr:postcode": "93407",
        "addr:street": "Grand",
        "building": "residential",
        "name": "Cabrillo",
        "operator": "California Polytechnic State University",
        "ref": "170B",
        "residential": "university"
      },
      "geometry": {
        "type": "Polygon",
        "coordinates": [
          [
            [
              -120.6575618,
              35.304377
            ],
            [
              -120.6575053,
              35.3042985
            ],
            [
              -120.6574931,
              35.3043027
            ],
            [
              -120.6574717,
              35.3042776
            ],
            [
              -120.6573667,
              35.3043317
            ],
            [
              -120.657371,
              35.3043409
            ],
            [
              -120.6573247,
              35.3043753
            ],
            [
              -120.657301,
              35.3043872
            ],
            [
              -120.6572784,
              35.304361
            ],
            [
              -120.6571657,
              35.3044166
            ],
            [
              -120.6571846,
              35.3044488
            ],
            [
              -120.6571462,
              35.304464
            ],
            [
              -120.6571227,
              35.3044802
            ],
            [
              -120.657098,
              35.3044513
            ],
            [
              -120.656842,
              35.30457
            ],
            [
              -120.656865,
              35.3046009
            ],
            [
              -120.6568464,
              35.3046078
            ],
            [
              -120.6568749,
              35.3046453
            ],
            [
              -120.6568298,
              35.3046671
            ],
            [
              -120.6568489,
              35.3046956
            ],
            [
              -120.6567807,
              35.3047283
            ],
            [
              -120.6567925,
              35.3047434
            ],
            [
              -120.6567562,
              35.3047603
            ],
            [
              -120.656913,
              35.3049715
            ],
            [
              -120.6569477,
              35.3049557
            ],
            [
              -120.6569584,
              35.3049701
            ],
            [
              -120.6570611,
              35.3049205
            ],
            [
              -120.6569896,
              35.3048219
            ],
            [
              -120.6570363,
              35.3048002
            ],
            [
              -120.6570168,
              35.3047716
            ],
            [
              -120.6569689,
              35.3047938
            ],
            [
              -120.6569036,
              35.3047047
            ],
            [
              -120.6569311,
              35.3046913
            ],
            [
              -120.6569544,
              35.3047209
            ],
            [
              -120.6571996,
              35.3046014
            ],
            [
              -120.6571771,
              35.3045717
            ],
            [
              -120.6571959,
              35.3045633
            ],
            [
              -120.6571738,
              35.3045341
            ],
            [
              -120.657189,
              35.3045268
            ],
            [
              -120.657207,
              35.3045181
            ],
            [
              -120.6572267,
              35.3045451
            ],
            [
              -120.6572433,
              35.3045368
            ],
            [
              -120.6572649,
              35.3045685
            ],
            [
              -120.6573896,
              35.3045095
            ],
            [
              -120.6573681,
              35.3044796
            ],
            [
              -120.657379,
              35.304477
            ],
            [
              -120.6573853,
              35.3044711
            ],
            [
              -120.6573739,
              35.3044567
            ],
            [
              -120.6574081,
              35.3044414
            ],
            [
              -120.6574268,
              35.3044646
            ],
            [
              -120.6574551,
              35.3044522
            ],
            [
              -120.6574639,
              35.3044595
            ],
            [
              -120.6575677,
              35.3044091
            ],
            [
              -120.6575491,
              35.3043827
            ],
            [
              -120.6575618,
              35.304377
            ]
          ]
        ]
      },
      "id": "way/45637468"
    },
    {
      "type": "Feature",
      "properties": {
        "@id": "way/45637469",
        "addr:city": "San Luis Obispo",
        "addr:postcode": "93407",
        "addr:street": "Grand",
        "building": "residential",
        "name": "Hollister",
        "operator": "California Polytechnic State University",
        "ref": "170C",
        "residential": "university"
      },
      "geometry": {
        "type": "Polygon",
        "coordinates": [
          [
            [
              -120.6578109,
              35.3047539
            ],
            [
              -120.657776,
              35.3046652
            ],
            [
              -120.6577603,
              35.3046697
            ],
            [
              -120.6577462,
              35.304642
            ],
            [
              -120.6576253,
              35.3046789
            ],
            [
              -120.6576293,
              35.3046885
            ],
            [
              -120.6575681,
              35.304707
            ],
            [
              -120.657544,
              35.3047142
            ],
            [
              -120.657536,
              35.3046941
            ],
            [
              -120.657407,
              35.3047334
            ],
            [
              -120.6574235,
              35.3047676
            ],
            [
              -120.6573925,
              35.3047766
            ],
            [
              -120.6573534,
              35.3047879
            ],
            [
              -120.657339,
              35.3047598
            ],
            [
              -120.6570672,
              35.3048412
            ],
            [
              -120.6570833,
              35.3048754
            ],
            [
              -120.6570644,
              35.3048804
            ],
            [
              -120.6570826,
              35.3049203
            ],
            [
              -120.6570345,
              35.3049362
            ],
            [
              -120.6570486,
              35.3049643
            ],
            [
              -120.6569723,
              35.3049872
            ],
            [
              -120.6569809,
              35.3050039
            ],
            [
              -120.6569421,
              35.3050161
            ],
            [
              -120.6570503,
              35.3052468
            ],
            [
              -120.657089,
              35.3052349
            ],
            [
              -120.6570964,
              35.3052498
            ],
            [
              -120.6572101,
              35.3052174
            ],
            [
              -120.6571678,
              35.3051264
            ],
            [
              -120.6571608,
              35.3051113
            ],
            [
              -120.6572132,
              35.3050942
            ],
            [
              -120.657198,
              35.3050624
            ],
            [
              -120.6571444,
              35.3050801
            ],
            [
              -120.6571013,
              35.3049838
            ],
            [
              -120.6571301,
              35.3049742
            ],
            [
              -120.6571467,
              35.3050082
            ],
            [
              -120.6574183,
              35.304925
            ],
            [
              -120.6574012,
              35.3048907
            ],
            [
              -120.657419,
              35.304886
            ],
            [
              -120.6574042,
              35.3048537
            ],
            [
              -120.657421,
              35.3048485
            ],
            [
              -120.6574376,
              35.3048433
            ],
            [
              -120.6574516,
              35.3048736
            ],
            [
              -120.6574698,
              35.3048671
            ],
            [
              -120.6574865,
              35.3049005
            ],
            [
              -120.657616,
              35.3048615
            ],
            [
              -120.6575979,
              35.3048278
            ],
            [
              -120.6576217,
              35.3048211
            ],
            [
              -120.6576529,
              35.3048122
            ],
            [
              -120.6576569,
              35.3048209
            ],
            [
              -120.6576869,
              35.3048121
            ],
            [
              -120.6576912,
              35.3048221
            ],
            [
              -120.6578118,
              35.304786
            ],
            [
              -120.6578,
              35.3047574
            ],
            [
              -120.6578109,
              35.3047539
            ]
          ]
        ]
      },
      "id": "way/45637469"
    },
    {
      "type": "Feature",
      "properties": {
        "@id": "way/45637548",
        "building": "yes",
        "name": "48Q- EHS Environmental Horticultural Science D&P",
        "ref": "48"
      },
      "geometry": {
        "type": "Polygon",
        "coordinates": [
          [
            [
              -120.6625568,
              35.3087281
            ],
            [
              -120.6625256,
              35.3086154
            ],
            [
              -120.6624381,
              35.3086315
            ],
            [
              -120.6624692,
              35.3087443
            ],
            [
              -120.6625568,
              35.3087281
            ]
          ]
        ]
      },
      "id": "way/45637548"
    },
    {
      "type": "Feature",
      "properties": {
        "@id": "way/45638383",
        "building": "university"
      },
      "geometry": {
        "type": "Polygon",
        "coordinates": [
          [
            [
              -120.6608619,
              35.3042299
            ],
            [
              -120.660836,
              35.3039762
            ],
            [
              -120.6607086,
              35.3039849
            ],
            [
              -120.6607294,
              35.3041895
            ],
            [
              -120.6607418,
              35.3041887
            ],
            [
              -120.6607468,
              35.3042377
            ],
            [
              -120.6608619,
              35.3042299
            ]
          ]
        ]
      },
      "id": "way/45638383"
    },
    {
      "type": "Feature",
      "properties": {
        "@id": "way/45638385",
        "building": "university"
      },
      "geometry": {
        "type": "Polygon",
        "coordinates": [
          [
            [
              -120.6602219,
              35.3044794
            ],
            [
              -120.6602118,
              35.3043881
            ],
            [
              -120.6600399,
              35.3044008
            ],
            [
              -120.6600477,
              35.3044708
            ],
            [
              -120.660078,
              35.3044685
            ],
            [
              -120.6600803,
              35.3044899
            ],
            [
              -120.6602219,
              35.3044794
            ]
          ]
        ]
      },
      "id": "way/45638385"
    },
    {
      "type": "Feature",
      "properties": {
        "@id": "way/45638386",
        "building": "university"
      },
      "geometry": {
        "type": "Polygon",
        "coordinates": [
          [
            [
              -120.6605306,
              35.3042748
            ],
            [
              -120.6605426,
              35.3039617
            ],
            [
              -120.6604728,
              35.3039599
            ],
            [
              -120.6604608,
              35.304273
            ],
            [
              -120.6605306,
              35.3042748
            ]
          ]
        ]
      },
      "id": "way/45638386"
    },
    {
      "type": "Feature",
      "properties": {
        "@id": "way/45638387",
        "building": "yes"
      },
      "geometry": {
        "type": "Polygon",
        "coordinates": [
          [
            [
              -120.6592711,
              35.3042898
            ],
            [
              -120.6592687,
              35.3042536
            ],
            [
              -120.6592943,
              35.3042525
            ],
            [
              -120.6592899,
              35.3041871
            ],
            [
              -120.6591651,
              35.3041927
            ],
            [
              -120.6591697,
              35.3042605
            ],
            [
              -120.6591965,
              35.3042593
            ],
            [
              -120.6591988,
              35.304293
            ],
            [
              -120.6592711,
              35.3042898
            ]
          ]
        ]
      },
      "id": "way/45638387"
    },
    {
      "type": "Feature",
      "properties": {
        "@id": "way/45638395",
        "building": "university"
      },
      "geometry": {
        "type": "Polygon",
        "coordinates": [
          [
            [
              -120.6611434,
              35.3043986
            ],
            [
              -120.6611265,
              35.3042478
            ],
            [
              -120.6610903,
              35.3042505
            ],
            [
              -120.6610818,
              35.3041741
            ],
            [
              -120.6609697,
              35.3041824
            ],
            [
              -120.6609951,
              35.3044096
            ],
            [
              -120.6611434,
              35.3043986
            ]
          ]
        ]
      },
      "id": "way/45638395"
    },
    {
      "type": "Feature",
      "properties": {
        "@id": "way/45638396",
        "building": "university"
      },
      "geometry": {
        "type": "Polygon",
        "coordinates": [
          [
            [
              -120.66091,
              35.304498
            ],
            [
              -120.6608985,
              35.3043745
            ],
            [
              -120.6607586,
              35.3043833
            ],
            [
              -120.6607702,
              35.3045068
            ],
            [
              -120.66091,
              35.304498
            ]
          ]
        ]
      },
      "id": "way/45638396"
    },
    {
      "type": "Feature",
      "properties": {
        "@id": "way/45638398",
        "building": "university"
      },
      "geometry": {
        "type": "Polygon",
        "coordinates": [
          [
            [
              -120.6620062,
              35.3047219
            ],
            [
              -120.6619953,
              35.3046643
            ],
            [
              -120.6619535,
              35.3046713
            ],
            [
              -120.6619456,
              35.3046374
            ],
            [
              -120.6616568,
              35.3046831
            ],
            [
              -120.6613488,
              35.3047783
            ],
            [
              -120.6613456,
              35.3047717
            ],
            [
              -120.6612768,
              35.3047921
            ],
            [
              -120.6613197,
              35.3048868
            ],
            [
              -120.6616901,
              35.3047743
            ],
            [
              -120.6620062,
              35.3047219
            ]
          ]
        ]
      },
      "id": "way/45638398"
    },
    {
      "type": "Feature",
      "properties": {
        "@id": "way/45644092",
        "building": "yes"
      },
      "geometry": {
        "type": "Polygon",
        "coordinates": [
          [
            [
              -120.6652079,
              35.311003
            ],
            [
              -120.6645552,
              35.3105777
            ],
            [
              -120.6644588,
              35.3106762
            ],
            [
              -120.6651115,
              35.3111015
            ],
            [
              -120.6652079,
              35.311003
            ]
          ]
        ]
      },
      "id": "way/45644092"
    },
    {
      "type": "Feature",
      "properties": {
        "@id": "way/45644093",
        "building": "greenhouse",
        "name": "Temporary Plant Conservatory",
        "ref": "72"
      },
      "geometry": {
        "type": "Polygon",
        "coordinates": [
          [
            [
              -120.6634427,
              35.3101124
            ],
            [
              -120.6636435,
              35.3100573
            ],
            [
              -120.6635476,
              35.3098246
            ],
            [
              -120.6634465,
              35.3098524
            ],
            [
              -120.6635136,
              35.3100152
            ],
            [
              -120.6634139,
              35.3100426
            ],
            [
              -120.6634427,
              35.3101124
            ]
          ]
        ]
      },
      "id": "way/45644093"
    },
    {
      "type": "Feature",
      "properties": {
        "@id": "way/45644103",
        "building": "university"
      },
      "geometry": {
        "type": "Polygon",
        "coordinates": [
          [
            [
              -120.6619636,
              35.3070165
            ],
            [
              -120.6621711,
              35.3069783
            ],
            [
              -120.6621665,
              35.3069617
            ],
            [
              -120.6623997,
              35.3069187
            ],
            [
              -120.6623779,
              35.3068399
            ],
            [
              -120.6623666,
              35.306842
            ],
            [
              -120.6622844,
              35.3065447
            ],
            [
              -120.6622136,
              35.3065578
            ],
            [
              -120.6622964,
              35.3068573
            ],
            [
              -120.6622034,
              35.3068744
            ],
            [
              -120.6621208,
              35.3065755
            ],
            [
              -120.6620478,
              35.3065889
            ],
            [
              -120.6621304,
              35.3068877
            ],
            [
              -120.6619378,
              35.3069231
            ],
            [
              -120.6619636,
              35.3070165
            ]
          ]
        ]
      },
      "id": "way/45644103"
    },
    {
      "type": "Feature",
      "properties": {
        "@id": "way/45644158",
        "access": "permissive",
        "addr:city": "San Luis Obispo",
        "addr:postcode": "93407",
        "addr:state": "CA",
        "addr:street": "Grand",
        "amenity": "parking",
        "building": "parking",
        "capacity": "937",
        "fee": "yes",
        "maxstay": "1.5 hours",
        "name": "Village Drive Parking Structure (271)",
        "operator": "Cal Poly Transportation and Parking Services",
        "park_ride": "no",
        "parking": "multi-storey",
        "supervised": "yes",
        "surface": "paved",
        "website": "https://afd.calpoly.edu/parking/parkingoncampus/parkinglots/#r3lot",
        "ref": "271"
      },
      "geometry": {
        "type": "Polygon",
        "coordinates": [
          [
            [
              -120.6597374,
              35.3066086
            ],
            [
              -120.6598192,
              35.3065714
            ],
            [
              -120.6606497,
              35.3061779
            ],
            [
              -120.6606152,
              35.3061291
            ],
            [
              -120.6606604,
              35.3061078
            ],
            [
              -120.6604063,
              35.3057495
            ],
            [
              -120.6603767,
              35.3057635
            ],
            [
              -120.6603543,
              35.3057319
            ],
            [
              -120.6594511,
              35.3061583
            ],
            [
              -120.6594753,
              35.3061925
            ],
            [
              -120.6593479,
              35.3062621
            ],
            [
              -120.6594568,
              35.3064303
            ],
            [
              -120.6595432,
              35.3063866
            ],
            [
              -120.659687,
              35.3065894
            ],
            [
              -120.6597145,
              35.3065763
            ],
            [
              -120.6597374,
              35.3066086
            ]
          ]
        ]
      },
      "id": "way/45644158"
    },
    {
      "type": "Feature",
      "properties": {
        "@id": "way/45644160",
        "addr:city": "San Luis Obispo",
        "addr:postcode": "93407",
        "addr:state": "CA",
        "addr:street": "Grand",
        "building": "dormitory",
        "building:levels": "5",
        "name": "Foxen (171F)",
        "residential": "university",
        "smoking": "no",
        "wheelchair": "yes",
        "ref": "171F"
      },
      "geometry": {
        "type": "Polygon",
        "coordinates": [
          [
            [
              -120.6581705,
              35.3088463
            ],
            [
              -120.6582206,
              35.3088561
            ],
            [
              -120.6582096,
              35.3088932
            ],
            [
              -120.658312,
              35.3089134
            ],
            [
              -120.658315,
              35.3089031
            ],
            [
              -120.6583545,
              35.3089108
            ],
            [
              -120.6583636,
              35.30888
            ],
            [
              -120.6583987,
              35.3088869
            ],
            [
              -120.6584042,
              35.3088682
            ],
            [
              -120.658455,
              35.3088782
            ],
            [
              -120.6585211,
              35.3086546
            ],
            [
              -120.6584776,
              35.308646
            ],
            [
              -120.6584829,
              35.308628
            ],
            [
              -120.6585193,
              35.3086352
            ],
            [
              -120.6585414,
              35.3085608
            ],
            [
              -120.6585148,
              35.3085556
            ],
            [
              -120.6585262,
              35.3085167
            ],
            [
              -120.6584209,
              35.308496
            ],
            [
              -120.6584092,
              35.3085357
            ],
            [
              -120.6583812,
              35.3085302
            ],
            [
              -120.65837,
              35.3085681
            ],
            [
              -120.6583533,
              35.3085648
            ],
            [
              -120.6583436,
              35.3085976
            ],
            [
              -120.6583282,
              35.3085945
            ],
            [
              -120.6583034,
              35.3086784
            ],
            [
              -120.6583521,
              35.308688
            ],
            [
              -120.6583467,
              35.3087064
            ],
            [
              -120.6582972,
              35.3086966
            ],
            [
              -120.6582719,
              35.308782
            ],
            [
              -120.6582851,
              35.3087846
            ],
            [
              -120.6582792,
              35.3088044
            ],
            [
              -120.6582595,
              35.3088005
            ],
            [
              -120.6582627,
              35.3087896
            ],
            [
              -120.658198,
              35.3087768
            ],
            [
              -120.6582009,
              35.3087669
            ],
            [
              -120.6581894,
              35.3087646
            ],
            [
              -120.6581665,
              35.3087601
            ],
            [
              -120.6581911,
              35.308677
            ],
            [
              -120.658147,
              35.3086684
            ],
            [
              -120.6581529,
              35.3086487
            ],
            [
              -120.6581975,
              35.3086575
            ],
            [
              -120.6582228,
              35.3085721
            ],
            [
              -120.6582115,
              35.3085699
            ],
            [
              -120.65822,
              35.3085413
            ],
            [
              -120.6581998,
              35.3085373
            ],
            [
              -120.6582116,
              35.3084978
            ],
            [
              -120.6581833,
              35.3084922
            ],
            [
              -120.6581949,
              35.3084529
            ],
            [
              -120.6580885,
              35.3084319
            ],
            [
              -120.6580769,
              35.308471
            ],
            [
              -120.6580489,
              35.3084655
            ],
            [
              -120.658035,
              35.3085125
            ],
            [
              -120.6580549,
              35.3085164
            ],
            [
              -120.6580478,
              35.3085403
            ],
            [
              -120.6580694,
              35.3085446
            ],
            [
              -120.6580633,
              35.3085652
            ],
            [
              -120.6580155,
              35.3085558
            ],
            [
              -120.6579494,
              35.3087794
            ],
            [
              -120.658,
              35.3087894
            ],
            [
              -120.6579949,
              35.3088067
            ],
            [
              -120.6580303,
              35.3088137
            ],
            [
              -120.6580209,
              35.3088454
            ],
            [
              -120.6580587,
              35.3088529
            ],
            [
              -120.6580558,
              35.3088627
            ],
            [
              -120.6581596,
              35.3088832
            ],
            [
              -120.6581705,
              35.3088463
            ]
          ]
        ]
      },
      "id": "way/45644160"
    },
    {
      "type": "Feature",
      "properties": {
        "@id": "way/45644163",
        "access": "permissive",
        "addr:city": "San Luis Obispo",
        "addr:postcode": "93407",
        "addr:street": "Grand",
        "amenity": "parking",
        "building": "parking",
        "capacity": "958",
        "fee": "yes",
        "maxstay": "1.5 hours",
        "name": "Canyon Circle Parking Structure (371)",
        "operator": "Cal Poly Transportation and Parking Services",
        "parking": "multi-storey",
        "supervised": "yes",
        "surface": "paved",
        "website": "http://afd.calpoly.edu/parking/parkingoncampus/parkinglots/#r4lot",
        "ref": "371"
      },
      "geometry": {
        "type": "Polygon",
        "coordinates": [
          [
            [
              -120.6586487,
              35.3092235
            ],
            [
              -120.6585949,
              35.309514
            ],
            [
              -120.6586719,
              35.3095251
            ],
            [
              -120.6586722,
              35.3095309
            ],
            [
              -120.6587225,
              35.3095403
            ],
            [
              -120.6587155,
              35.3095778
            ],
            [
              -120.6599923,
              35.3097734
            ],
            [
              -120.6600059,
              35.3097273
            ],
            [
              -120.6600538,
              35.3097254
            ],
            [
              -120.6601173,
              35.3094349
            ],
            [
              -120.6599905,
              35.3094165
            ],
            [
              -120.6599176,
              35.309405
            ],
            [
              -120.6589546,
              35.3092631
            ],
            [
              -120.6588726,
              35.3092519
            ],
            [
              -120.6586487,
              35.3092235
            ]
          ]
        ]
      },
      "id": "way/45644163"
    },
    {
      "type": "Feature",
      "properties": {
        "@id": "way/45644181",
        "addr:city": "San Luis Obispo",
        "addr:postcode": "93407",
        "addr:state": "CA",
        "addr:street": "Grand",
        "building": "dormitory",
        "building:levels": "5",
        "name": "Gypsum (171G)",
        "residential": "university",
        "smoking": "no",
        "wheelchair": "yes",
        "ref": "171G"
      },
      "geometry": {
        "type": "Polygon",
        "coordinates": [
          [
            [
              -120.6573922,
              35.308207
            ],
            [
              -120.657328,
              35.3081631
            ],
            [
              -120.6573117,
              35.3081787
            ],
            [
              -120.6572564,
              35.3081424
            ],
            [
              -120.6571835,
              35.308217
            ],
            [
              -120.6572372,
              35.3082502
            ],
            [
              -120.6572214,
              35.3082678
            ],
            [
              -120.657266,
              35.3082985
            ],
            [
              -120.6573003,
              35.3082645
            ],
            [
              -120.6573173,
              35.3082762
            ],
            [
              -120.6572929,
              35.3083002
            ],
            [
              -120.6573059,
              35.3083088
            ],
            [
              -120.6572772,
              35.3083393
            ],
            [
              -120.6573822,
              35.30841
            ],
            [
              -120.6573902,
              35.3084015
            ],
            [
              -120.6574451,
              35.3084382
            ],
            [
              -120.6574355,
              35.3084465
            ],
            [
              -120.6575183,
              35.3085001
            ],
            [
              -120.6575509,
              35.3084694
            ],
            [
              -120.6575713,
              35.3084846
            ],
            [
              -120.6575715,
              35.308496
            ],
            [
              -120.6575223,
              35.3085005
            ],
            [
              -120.6575533,
              35.3087284
            ],
            [
              -120.6575987,
              35.3087248
            ],
            [
              -120.6576003,
              35.3087318
            ],
            [
              -120.6575641,
              35.3087346
            ],
            [
              -120.6575669,
              35.3087525
            ],
            [
              -120.6575473,
              35.3087539
            ],
            [
              -120.6575449,
              35.3087324
            ],
            [
              -120.6575035,
              35.3087356
            ],
            [
              -120.6575061,
              35.3087558
            ],
            [
              -120.6574713,
              35.3087595
            ],
            [
              -120.6574054,
              35.3087654
            ],
            [
              -120.6574215,
              35.3087443
            ],
            [
              -120.6574106,
              35.3087366
            ],
            [
              -120.6574414,
              35.3087063
            ],
            [
              -120.6570527,
              35.3084523
            ],
            [
              -120.6569998,
              35.3084177
            ],
            [
              -120.6569829,
              35.3084358
            ],
            [
              -120.6569308,
              35.3084021
            ],
            [
              -120.6568568,
              35.308477
            ],
            [
              -120.6569106,
              35.3085123
            ],
            [
              -120.656895,
              35.3085276
            ],
            [
              -120.6569399,
              35.3085569
            ],
            [
              -120.6569711,
              35.3085252
            ],
            [
              -120.6569894,
              35.308536
            ],
            [
              -120.656945,
              35.3085821
            ],
            [
              -120.6569758,
              35.3086018
            ],
            [
              -120.6569681,
              35.3086105
            ],
            [
              -120.6573169,
              35.3088349
            ],
            [
              -120.6573459,
              35.3088078
            ],
            [
              -120.6573882,
              35.3088341
            ],
            [
              -120.6574188,
              35.3088317
            ],
            [
              -120.6574224,
              35.3088677
            ],
            [
              -120.6574768,
              35.3088635
            ],
            [
              -120.6577021,
              35.3088431
            ],
            [
              -120.6576935,
              35.3088069
            ],
            [
              -120.6577102,
              35.3088066
            ],
            [
              -120.6577056,
              35.308771
            ],
            [
              -120.6577175,
              35.3087701
            ],
            [
              -120.6577116,
              35.3087152
            ],
            [
              -120.6577543,
              35.3087121
            ],
            [
              -120.6577274,
              35.3084833
            ],
            [
              -120.6576882,
              35.3084868
            ],
            [
              -120.657684,
              35.3084611
            ],
            [
              -120.6577119,
              35.3084332
            ],
            [
              -120.6576829,
              35.308413
            ],
            [
              -120.6576692,
              35.3084265
            ],
            [
              -120.6576381,
              35.3084045
            ],
            [
              -120.6576232,
              35.3083955
            ],
            [
              -120.6576533,
              35.3083647
            ],
            [
              -120.657573,
              35.308311
            ],
            [
              -120.6575629,
              35.3083196
            ],
            [
              -120.6575083,
              35.3082831
            ],
            [
              -120.6575173,
              35.308274
            ],
            [
              -120.6574132,
              35.3082034
            ],
            [
              -120.6573827,
              35.3082341
            ],
            [
              -120.657373,
              35.3082269
            ],
            [
              -120.6573922,
              35.308207
            ]
          ]
        ]
      },
      "id": "way/45644181"
    },
    {
      "type": "Feature",
      "properties": {
        "@id": "way/45644184",
        "addr:city": "San Luis Obispo",
        "addr:postcode": "93407",
        "addr:state": "CA",
        "addr:street": "Grand",
        "building": "dormitory",
        "building:levels": "5",
        "ele": "126",
        "name": "Dover (171D)",
        "residential": "university",
        "smoking": "no",
        "wheelchair": "yes",
        "ref": "171D"
      },
      "geometry": {
        "type": "Polygon",
        "coordinates": [
          [
            [
              -120.6598638,
              35.30871
            ],
            [
              -120.6599856,
              35.3088718
            ],
            [
              -120.6600328,
              35.3089345
            ],
            [
              -120.6600693,
              35.3089162
            ],
            [
              -120.6600787,
              35.3089287
            ],
            [
              -120.6601444,
              35.3088958
            ],
            [
              -120.6601477,
              35.3089002
            ],
            [
              -120.6602451,
              35.3088514
            ],
            [
              -120.6602204,
              35.3088187
            ],
            [
              -120.6602486,
              35.3088046
            ],
            [
              -120.6602631,
              35.3088239
            ],
            [
              -120.6602813,
              35.3088148
            ],
            [
              -120.6602882,
              35.308824
            ],
            [
              -120.6603427,
              35.3087966
            ],
            [
              -120.660332,
              35.3087824
            ],
            [
              -120.6603874,
              35.3087546
            ],
            [
              -120.6603225,
              35.3086683
            ],
            [
              -120.6602694,
              35.3086948
            ],
            [
              -120.6602578,
              35.3086793
            ],
            [
              -120.6602007,
              35.3087079
            ],
            [
              -120.6601846,
              35.3086865
            ],
            [
              -120.6600773,
              35.3087403
            ],
            [
              -120.6600694,
              35.3087297
            ],
            [
              -120.6600287,
              35.3087501
            ],
            [
              -120.6600132,
              35.3087223
            ],
            [
              -120.6599908,
              35.3086997
            ],
            [
              -120.6599962,
              35.3086971
            ],
            [
              -120.6599744,
              35.3086682
            ],
            [
              -120.6600201,
              35.3086453
            ],
            [
              -120.6600262,
              35.3086533
            ],
            [
              -120.6601229,
              35.3086049
            ],
            [
              -120.6601065,
              35.3085832
            ],
            [
              -120.660163,
              35.3085549
            ],
            [
              -120.6601529,
              35.3085415
            ],
            [
              -120.660209,
              35.3085134
            ],
            [
              -120.6601438,
              35.3084269
            ],
            [
              -120.6600891,
              35.3084543
            ],
            [
              -120.6600781,
              35.3084397
            ],
            [
              -120.6600219,
              35.3084679
            ],
            [
              -120.6600292,
              35.3084775
            ],
            [
              -120.6600081,
              35.3084881
            ],
            [
              -120.6600231,
              35.3085081
            ],
            [
              -120.6599982,
              35.3085205
            ],
            [
              -120.6599714,
              35.308485
            ],
            [
              -120.659871,
              35.3085353
            ],
            [
              -120.6598782,
              35.3085448
            ],
            [
              -120.6598473,
              35.3085603
            ],
            [
              -120.6598614,
              35.3085789
            ],
            [
              -120.6598316,
              35.3085939
            ],
            [
              -120.6598414,
              35.3086069
            ],
            [
              -120.6597991,
              35.3086281
            ],
            [
              -120.6598616,
              35.3087111
            ],
            [
              -120.6598638,
              35.30871
            ]
          ]
        ]
      },
      "id": "way/45644184"
    },
    {
      "type": "Feature",
      "properties": {
        "@id": "way/45644186",
        "addr:city": "San Luis Obispo",
        "addr:postcode": "93407",
        "addr:state": "CA",
        "addr:street": "Grand",
        "building": "dormitory",
        "building:levels": "6",
        "name": "Estrella (171E)",
        "residential": "university",
        "smoking": "no",
        "wheelchair": "yes",
        "ref": "171E"
      },
      "geometry": {
        "type": "Polygon",
        "coordinates": [
          [
            [
              -120.6595196,
              35.3088474
            ],
            [
              -120.6593102,
              35.3089521
            ],
            [
              -120.6593147,
              35.3089621
            ],
            [
              -120.659287,
              35.3089773
            ],
            [
              -120.6592924,
              35.3089946
            ],
            [
              -120.6592817,
              35.309001
            ],
            [
              -120.6592579,
              35.3089952
            ],
            [
              -120.6592022,
              35.3089823
            ],
            [
              -120.6592162,
              35.3089442
            ],
            [
              -120.659234,
              35.3089345
            ],
            [
              -120.659252,
              35.3088564
            ],
            [
              -120.6592073,
              35.3088483
            ],
            [
              -120.6592139,
              35.3088206
            ],
            [
              -120.6592297,
              35.3088233
            ],
            [
              -120.6592429,
              35.3087746
            ],
            [
              -120.6592289,
              35.3087721
            ],
            [
              -120.6592436,
              35.3087179
            ],
            [
              -120.6591189,
              35.3086942
            ],
            [
              -120.659108,
              35.3087471
            ],
            [
              -120.6590821,
              35.3087424
            ],
            [
              -120.6590717,
              35.3087911
            ],
            [
              -120.6590935,
              35.3087947
            ],
            [
              -120.6590916,
              35.3088272
            ],
            [
              -120.6590534,
              35.3088257
            ],
            [
              -120.659027,
              35.3089086
            ],
            [
              -120.6590358,
              35.3089101
            ],
            [
              -120.6590288,
              35.3089371
            ],
            [
              -120.6590456,
              35.3089398
            ],
            [
              -120.6590367,
              35.3089701
            ],
            [
              -120.658994,
              35.308963
            ],
            [
              -120.6589978,
              35.3089455
            ],
            [
              -120.6589777,
              35.3089408
            ],
            [
              -120.6588978,
              35.3089286
            ],
            [
              -120.6589016,
              35.3089123
            ],
            [
              -120.6589167,
              35.3089154
            ],
            [
              -120.6589518,
              35.3087982
            ],
            [
              -120.6589031,
              35.3087887
            ],
            [
              -120.6589054,
              35.3087808
            ],
            [
              -120.6589237,
              35.3087839
            ],
            [
              -120.6589383,
              35.3087349
            ],
            [
              -120.6589265,
              35.3087331
            ],
            [
              -120.6589339,
              35.3086792
            ],
            [
              -120.658814,
              35.308656
            ],
            [
              -120.6587976,
              35.3087256
            ],
            [
              -120.6587752,
              35.3087231
            ],
            [
              -120.6587683,
              35.3087542
            ],
            [
              -120.6587863,
              35.3087579
            ],
            [
              -120.6587826,
              35.3087777
            ],
            [
              -120.6587938,
              35.3087794
            ],
            [
              -120.6587873,
              35.3088092
            ],
            [
              -120.6587396,
              35.3087994
            ],
            [
              -120.6587106,
              35.3088921
            ],
            [
              -120.658724,
              35.3088948
            ],
            [
              -120.6587171,
              35.3089209
            ],
            [
              -120.6587397,
              35.3089242
            ],
            [
              -120.6587172,
              35.3089955
            ],
            [
              -120.6592949,
              35.3091095
            ],
            [
              -120.6593081,
              35.3090745
            ],
            [
              -120.6593429,
              35.3090785
            ],
            [
              -120.6594082,
              35.309047
            ],
            [
              -120.6594247,
              35.3090732
            ],
            [
              -120.6594599,
              35.3090591
            ],
            [
              -120.6594679,
              35.3090652
            ],
            [
              -120.6595962,
              35.3089996
            ],
            [
              -120.6596752,
              35.3089641
            ],
            [
              -120.6596667,
              35.3089539
            ],
            [
              -120.6597426,
              35.3089173
            ],
            [
              -120.6597287,
              35.3089013
            ],
            [
              -120.6597711,
              35.3088806
            ],
            [
              -120.6597062,
              35.3087985
            ],
            [
              -120.6596731,
              35.3088167
            ],
            [
              -120.6596604,
              35.3088024
            ],
            [
              -120.6595763,
              35.3088376
            ],
            [
              -120.6595271,
              35.3088561
            ],
            [
              -120.6595196,
              35.3088474
            ]
          ]
        ]
      },
      "id": "way/45644186"
    },
    {
      "type": "Feature",
      "properties": {
        "@id": "way/45644187",
        "addr:city": "San Luis Obispo",
        "addr:postcode": "93407",
        "addr:state": "CA",
        "addr:street": "Grand",
        "building": "dormitory",
        "building:levels": "5",
        "name": "Corralitos (171C)",
        "residential": "university",
        "smoking": "no",
        "ref": "171C"
      },
      "geometry": {
        "type": "Polygon",
        "coordinates": [
          [
            [
              -120.6590317,
              35.3084287
            ],
            [
              -120.6590431,
              35.3083904
            ],
            [
              -120.6591237,
              35.3084061
            ],
            [
              -120.659111,
              35.3084445
            ],
            [
              -120.6595198,
              35.3085222
            ],
            [
              -120.6595237,
              35.3085111
            ],
            [
              -120.6595598,
              35.3085184
            ],
            [
              -120.6595952,
              35.3084359
            ],
            [
              -120.659634,
              35.3084894
            ],
            [
              -120.6599026,
              35.3083543
            ],
            [
              -120.6598904,
              35.3083314
            ],
            [
              -120.659947,
              35.3083052
            ],
            [
              -120.6599382,
              35.3082913
            ],
            [
              -120.6599873,
              35.3082603
            ],
            [
              -120.659926,
              35.3081756
            ],
            [
              -120.6598731,
              35.308203
            ],
            [
              -120.6598576,
              35.3081848
            ],
            [
              -120.6598046,
              35.3082127
            ],
            [
              -120.659819,
              35.3082327
            ],
            [
              -120.6597788,
              35.3082525
            ],
            [
              -120.6597599,
              35.3082321
            ],
            [
              -120.6596643,
              35.3082805
            ],
            [
              -120.6596721,
              35.3082889
            ],
            [
              -120.6596159,
              35.3083165
            ],
            [
              -120.6596095,
              35.3083074
            ],
            [
              -120.6595009,
              35.3083627
            ],
            [
              -120.6595174,
              35.3083871
            ],
            [
              -120.6594987,
              35.3083841
            ],
            [
              -120.6594978,
              35.3083921
            ],
            [
              -120.6594763,
              35.3083926
            ],
            [
              -120.6594742,
              35.3084026
            ],
            [
              -120.6593882,
              35.3083854
            ],
            [
              -120.659374,
              35.308383
            ],
            [
              -120.6593783,
              35.3083711
            ],
            [
              -120.6593709,
              35.3083685
            ],
            [
              -120.6593766,
              35.308344
            ],
            [
              -120.6593872,
              35.3083456
            ],
            [
              -120.6594125,
              35.3082574
            ],
            [
              -120.6593658,
              35.3082488
            ],
            [
              -120.659371,
              35.3082342
            ],
            [
              -120.6594092,
              35.3082384
            ],
            [
              -120.6596301,
              35.3081263
            ],
            [
              -120.6597501,
              35.3080659
            ],
            [
              -120.6597382,
              35.3080507
            ],
            [
              -120.6597921,
              35.3080224
            ],
            [
              -120.6597307,
              35.3079342
            ],
            [
              -120.6596755,
              35.3079621
            ],
            [
              -120.6596614,
              35.3079456
            ],
            [
              -120.6596057,
              35.3079714
            ],
            [
              -120.6595917,
              35.3079531
            ],
            [
              -120.659317,
              35.3080898
            ],
            [
              -120.6593437,
              35.3081232
            ],
            [
              -120.659307,
              35.3081399
            ],
            [
              -120.6592988,
              35.3081272
            ],
            [
              -120.6592545,
              35.30815
            ],
            [
              -120.6592397,
              35.3081576
            ],
            [
              -120.6592638,
              35.3081938
            ],
            [
              -120.6592524,
              35.3082273
            ],
            [
              -120.6592084,
              35.30822
            ],
            [
              -120.6591713,
              35.3083448
            ],
            [
              -120.6590785,
              35.308327
            ],
            [
              -120.6590296,
              35.3083176
            ],
            [
              -120.6590892,
              35.308115
            ],
            [
              -120.6590763,
              35.3081122
            ],
            [
              -120.6590824,
              35.3080882
            ],
            [
              -120.6590675,
              35.3080847
            ],
            [
              -120.6590716,
              35.3080688
            ],
            [
              -120.6590978,
              35.3079841
            ],
            [
              -120.6590714,
              35.3079773
            ],
            [
              -120.6590762,
              35.3079573
            ],
            [
              -120.6589755,
              35.3079357
            ],
            [
              -120.658967,
              35.3079622
            ],
            [
              -120.6589262,
              35.3079574
            ],
            [
              -120.6588055,
              35.308366
            ],
            [
              -120.658849,
              35.308377
            ],
            [
              -120.6588476,
              35.3083926
            ],
            [
              -120.6590317,
              35.3084287
            ]
          ]
        ]
      },
      "id": "way/45644187"
    },
    {
      "type": "Feature",
      "properties": {
        "@id": "way/45644189",
        "addr:city": "San Luis Obispo",
        "addr:postcode": "93407",
        "addr:state": "CA",
        "addr:street": "Grand",
        "building": "dormitory",
        "building:levels": "5",
        "name": "Aliso (171A)",
        "residential": "university",
        "smoking": "no",
        "wheelchair": "yes",
        "ref": "171A"
      },
      "geometry": {
        "type": "Polygon",
        "coordinates": [
          [
            [
              -120.6589084,
              35.3070111
            ],
            [
              -120.6589504,
              35.3069905
            ],
            [
              -120.6589364,
              35.3069696
            ],
            [
              -120.6589961,
              35.3069299
            ],
            [
              -120.6590034,
              35.3069348
            ],
            [
              -120.6591854,
              35.3069754
            ],
            [
              -120.6591964,
              35.3069382
            ],
            [
              -120.6592654,
              35.3069529
            ],
            [
              -120.6592564,
              35.3069856
            ],
            [
              -120.6594804,
              35.3070296
            ],
            [
              -120.6595784,
              35.3067061
            ],
            [
              -120.6595524,
              35.3067023
            ],
            [
              -120.6595644,
              35.3066621
            ],
            [
              -120.6594444,
              35.3066395
            ],
            [
              -120.6594304,
              35.3066867
            ],
            [
              -120.6593964,
              35.3066798
            ],
            [
              -120.6593824,
              35.306729
            ],
            [
              -120.6593704,
              35.3067271
            ],
            [
              -120.6593244,
              35.3068936
            ],
            [
              -120.6591774,
              35.3068635
            ],
            [
              -120.6592674,
              35.3065634
            ],
            [
              -120.6592464,
              35.3065587
            ],
            [
              -120.6592554,
              35.3065298
            ],
            [
              -120.6591394,
              35.3065054
            ],
            [
              -120.6591314,
              35.3065313
            ],
            [
              -120.6591094,
              35.306527
            ],
            [
              -120.6590934,
              35.3065819
            ],
            [
              -120.6591124,
              35.3065857
            ],
            [
              -120.6591094,
              35.3065966
            ],
            [
              -120.6590654,
              35.3065894
            ],
            [
              -120.6589784,
              35.3068776
            ],
            [
              -120.6589609,
              35.3068838
            ],
            [
              -120.6588934,
              35.3069182
            ],
            [
              -120.6588204,
              35.306818
            ],
            [
              -120.6587974,
              35.3068296
            ],
            [
              -120.6587614,
              35.3067831
            ],
            [
              -120.6587494,
              35.3067906
            ],
            [
              -120.6587194,
              35.3067585
            ],
            [
              -120.6586114,
              35.3068125
            ],
            [
              -120.6586384,
              35.3068438
            ],
            [
              -120.6586204,
              35.3068519
            ],
            [
              -120.6586584,
              35.3069013
            ],
            [
              -120.6586744,
              35.3068929
            ],
            [
              -120.6586974,
              35.3069269
            ],
            [
              -120.6586814,
              35.3069344
            ],
            [
              -120.6587634,
              35.3070473
            ],
            [
              -120.6587974,
              35.3070327
            ],
            [
              -120.6588064,
              35.307042
            ],
            [
              -120.6588504,
              35.3070204
            ],
            [
              -120.6588474,
              35.3070138
            ],
            [
              -120.6588934,
              35.3069906
            ],
            [
              -120.6589084,
              35.3070111
            ]
          ]
        ]
      },
      "id": "way/45644189"
    },
    {
      "type": "Feature",
      "properties": {
        "@id": "way/45644197",
        "building": "yes"
      },
      "geometry": {
        "type": "Polygon",
        "coordinates": [
          [
            [
              -120.6646868,
              35.3114103
            ],
            [
              -120.6648031,
              35.3113014
            ],
            [
              -120.6643869,
              35.3110054
            ],
            [
              -120.6642706,
              35.3111143
            ],
            [
              -120.6646868,
              35.3114103
            ]
          ]
        ]
      },
      "id": "way/45644197"
    },
    {
      "type": "Feature",
      "properties": {
        "@id": "way/45644198",
        "building": "yes"
      },
      "geometry": {
        "type": "Polygon",
        "coordinates": [
          [
            [
              -120.6653273,
              35.3108752
            ],
            [
              -120.6654142,
              35.3107882
            ],
            [
              -120.6647653,
              35.3103569
            ],
            [
              -120.6646784,
              35.3104439
            ],
            [
              -120.6653273,
              35.3108752
            ]
          ]
        ]
      },
      "id": "way/45644198"
    },
    {
      "type": "Feature",
      "properties": {
        "@id": "way/45644208",
        "addr:city": "San Luis Obispo",
        "addr:postcode": "93407",
        "addr:street": "Grand",
        "building": "yes",
        "name": "160B- Baseball Stadium, Team Room"
      },
      "geometry": {
        "type": "Polygon",
        "coordinates": [
          [
            [
              -120.6658308,
              35.3067489
            ],
            [
              -120.6658104,
              35.3065634
            ],
            [
              -120.665738,
              35.3065687
            ],
            [
              -120.6657584,
              35.3067542
            ],
            [
              -120.6658308,
              35.3067489
            ]
          ]
        ]
      },
      "id": "way/45644208"
    },
    {
      "type": "Feature",
      "properties": {
        "@id": "way/45644210",
        "building": "yes",
        "name": "160D- Batting Cages 160 North"
      },
      "geometry": {
        "type": "Polygon",
        "coordinates": [
          [
            [
              -120.6646292,
              35.3072648
            ],
            [
              -120.6646617,
              35.3071489
            ],
            [
              -120.6642789,
              35.3070774
            ],
            [
              -120.6642464,
              35.3071933
            ],
            [
              -120.6646292,
              35.3072648
            ]
          ]
        ]
      },
      "id": "way/45644210"
    },
    {
      "type": "Feature",
      "properties": {
        "@id": "way/45644211",
        "addr:city": "San Luis Obispo",
        "addr:housenumber": "161",
        "addr:postcode": "93407",
        "addr:street": "Grand",
        "building": "yes",
        "name": "161A- Sports Complex Softball Stadium, Lockers",
        "ref": "160"
      },
      "geometry": {
        "type": "Polygon",
        "coordinates": [
          [
            [
              -120.6666493,
              35.3067575
            ],
            [
              -120.6666296,
              35.3068204
            ],
            [
              -120.6668633,
              35.3068692
            ],
            [
              -120.6668831,
              35.3068063
            ],
            [
              -120.6666493,
              35.3067575
            ]
          ]
        ]
      },
      "id": "way/45644211"
    },
    {
      "type": "Feature",
      "properties": {
        "@id": "way/45644220",
        "building": "yes"
      },
      "geometry": {
        "type": "Polygon",
        "coordinates": [
          [
            [
              -120.6583343,
              35.3071394
            ],
            [
              -120.6583044,
              35.307097
            ],
            [
              -120.6582611,
              35.3071173
            ],
            [
              -120.6582911,
              35.3071598
            ],
            [
              -120.6583343,
              35.3071394
            ]
          ]
        ]
      },
      "id": "way/45644220"
    },
    {
      "type": "Feature",
      "properties": {
        "@id": "way/45644221",
        "addr:city": "San Luis Obispo",
        "addr:postcode": "93407",
        "addr:state": "CA",
        "addr:street": "Grand",
        "building": "dormitory",
        "building:levels": "5",
        "name": "Huasna (171H)",
        "residential": "university",
        "smoking": "no",
        "wheelchair": "yes",
        "ref": "171H"
      },
      "geometry": {
        "type": "Polygon",
        "coordinates": [
          [
            [
              -120.6587239,
              35.3079061
            ],
            [
              -120.6586169,
              35.3078854
            ],
            [
              -120.6586069,
              35.3079255
            ],
            [
              -120.6585784,
              35.3079209
            ],
            [
              -120.6585713,
              35.3079595
            ],
            [
              -120.6585496,
              35.307955
            ],
            [
              -120.6585418,
              35.3079877
            ],
            [
              -120.658526,
              35.3079851
            ],
            [
              -120.658473,
              35.3081758
            ],
            [
              -120.6583976,
              35.308162
            ],
            [
              -120.6583457,
              35.3081525
            ],
            [
              -120.6583795,
              35.3080319
            ],
            [
              -120.6583362,
              35.3080242
            ],
            [
              -120.6583508,
              35.3079671
            ],
            [
              -120.658363,
              35.3079611
            ],
            [
              -120.6583476,
              35.3079405
            ],
            [
              -120.6583294,
              35.3079162
            ],
            [
              -120.6583522,
              35.3079035
            ],
            [
              -120.6582959,
              35.307831
            ],
            [
              -120.6582053,
              35.3077065
            ],
            [
              -120.6581783,
              35.3077203
            ],
            [
              -120.658127,
              35.3076522
            ],
            [
              -120.6581054,
              35.3076615
            ],
            [
              -120.6580697,
              35.3076146
            ],
            [
              -120.6579719,
              35.3076662
            ],
            [
              -120.6580079,
              35.3077111
            ],
            [
              -120.6579824,
              35.3077265
            ],
            [
              -120.6581707,
              35.3079892
            ],
            [
              -120.6581494,
              35.308038
            ],
            [
              -120.6581416,
              35.3080901
            ],
            [
              -120.6581138,
              35.3080863
            ],
            [
              -120.6581061,
              35.3081134
            ],
            [
              -120.6579863,
              35.3080916
            ],
            [
              -120.6580092,
              35.308078
            ],
            [
              -120.6580013,
              35.3080673
            ],
            [
              -120.6580395,
              35.3080466
            ],
            [
              -120.6579846,
              35.307971
            ],
            [
              -120.6578919,
              35.3078521
            ],
            [
              -120.6578572,
              35.3078696
            ],
            [
              -120.6578381,
              35.3078457
            ],
            [
              -120.6578674,
              35.3078293
            ],
            [
              -120.6578226,
              35.3077651
            ],
            [
              -120.6578023,
              35.3077741
            ],
            [
              -120.6577751,
              35.3077289
            ],
            [
              -120.6576677,
              35.3077805
            ],
            [
              -120.657702,
              35.3078255
            ],
            [
              -120.6576827,
              35.3078367
            ],
            [
              -120.657714,
              35.307878
            ],
            [
              -120.6577573,
              35.3078555
            ],
            [
              -120.6577664,
              35.3078682
            ],
            [
              -120.657735,
              35.3078839
            ],
            [
              -120.6577444,
              35.3078945
            ],
            [
              -120.6577037,
              35.3079174
            ],
            [
              -120.6578673,
              35.308134
            ],
            [
              -120.657906,
              35.3081143
            ],
            [
              -120.6579147,
              35.3081254
            ],
            [
              -120.657955,
              35.3081057
            ],
            [
              -120.657941,
              35.3081526
            ],
            [
              -120.6579593,
              35.3081551
            ],
            [
              -120.6579474,
              35.3081923
            ],
            [
              -120.6585193,
              35.3083051
            ],
            [
              -120.6585372,
              35.3082587
            ],
            [
              -120.6586077,
              35.3082727
            ],
            [
              -120.6586117,
              35.3082587
            ],
            [
              -120.6586543,
              35.3082678
            ],
            [
              -120.6587199,
              35.3080462
            ],
            [
              -120.6586751,
              35.3080378
            ],
            [
              -120.6586798,
              35.3080239
            ],
            [
              -120.658713,
              35.3080309
            ],
            [
              -120.6587414,
              35.3079526
            ],
            [
              -120.658712,
              35.3079483
            ],
            [
              -120.6587239,
              35.3079061
            ]
          ]
        ]
      },
      "id": "way/45644221"
    },
    {
      "type": "Feature",
      "properties": {
        "@id": "way/160281818",
        "building": "university"
      },
      "geometry": {
        "type": "Polygon",
        "coordinates": [
          [
            [
              -120.6603282,
              35.3042321
            ],
            [
              -120.6602986,
              35.3039563
            ],
            [
              -120.6600643,
              35.3039731
            ],
            [
              -120.660079,
              35.3041101
            ],
            [
              -120.6600127,
              35.3041149
            ],
            [
              -120.6600276,
              35.3042536
            ],
            [
              -120.6603282,
              35.3042321
            ]
          ]
        ]
      },
      "id": "way/160281818"
    },
    {
      "type": "Feature",
      "properties": {
        "@id": "way/160990137",
        "addr:city": "San Luis Obispo",
        "addr:postcode": "93407",
        "addr:street": "Grand",
        "building": "yes",
        "name": "171A"
      },
      "geometry": {
        "type": "Polygon",
        "coordinates": [
          [
            [
              -120.6592829,
              35.3073023
            ],
            [
              -120.659111,
              35.3074003
            ],
            [
              -120.6591446,
              35.3074413
            ],
            [
              -120.659324,
              35.3073397
            ],
            [
              -120.6592829,
              35.3073023
            ]
          ]
        ]
      },
      "id": "way/160990137"
    },
    {
      "type": "Feature",
      "properties": {
        "@id": "way/160990139",
        "addr:city": "San Luis Obispo",
        "addr:postcode": "93407",
        "addr:street": "Grand",
        "building": "apartments",
        "name": "171A"
      },
      "geometry": {
        "type": "Polygon",
        "coordinates": [
          [
            [
              -120.6594606,
              35.3074141
            ],
            [
              -120.6594959,
              35.3073853
            ],
            [
              -120.6594537,
              35.3073227
            ],
            [
              -120.6594913,
              35.3073032
            ],
            [
              -120.6595172,
              35.3072235
            ],
            [
              -120.6594397,
              35.3072068
            ],
            [
              -120.6594454,
              35.3071858
            ],
            [
              -120.6593697,
              35.3071708
            ],
            [
              -120.6593668,
              35.3071813
            ],
            [
              -120.6593251,
              35.3071745
            ],
            [
              -120.6593107,
              35.3072318
            ],
            [
              -120.6593407,
              35.3072388
            ],
            [
              -120.6593178,
              35.3072865
            ],
            [
              -120.6592829,
              35.3073023
            ],
            [
              -120.659324,
              35.3073397
            ],
            [
              -120.6593526,
              35.3073495
            ],
            [
              -120.6593636,
              35.3073637
            ],
            [
              -120.6594146,
              35.3073379
            ],
            [
              -120.6594606,
              35.3074141
            ]
          ]
        ]
      },
      "id": "way/160990139"
    },
    {
      "type": "Feature",
      "properties": {
        "@id": "way/160990143",
        "addr:city": "San Luis Obispo",
        "addr:postcode": "93407",
        "addr:street": "Grand",
        "building": "yes"
      },
      "geometry": {
        "type": "Polygon",
        "coordinates": [
          [
            [
              -120.6588755,
              35.3073821
            ],
            [
              -120.6587917,
              35.3072706
            ],
            [
              -120.6587569,
              35.3072881
            ],
            [
              -120.6587743,
              35.3073113
            ],
            [
              -120.6588407,
              35.3073995
            ],
            [
              -120.6588755,
              35.3073821
            ]
          ]
        ]
      },
      "id": "way/160990143"
    },
    {
      "type": "Feature",
      "properties": {
        "@id": "way/160990147",
        "addr:city": "San Luis Obispo",
        "addr:postcode": "93407",
        "addr:state": "CA",
        "addr:street": "Grand",
        "building": "dormitory",
        "building:levels": "5",
        "name": "Buena Vista (171B)",
        "residential": "university",
        "smoking": "no",
        "wheelchair": "yes",
        "ref": "171B"
      },
      "geometry": {
        "type": "Polygon",
        "coordinates": [
          [
            [
              -120.6596896,
              35.3076411
            ],
            [
              -120.6596246,
              35.3075551
            ],
            [
              -120.6595766,
              35.3075758
            ],
            [
              -120.6595656,
              35.3075642
            ],
            [
              -120.6595146,
              35.3075923
            ],
            [
              -120.6594996,
              35.3075741
            ],
            [
              -120.6592516,
              35.3076958
            ],
            [
              -120.6592716,
              35.3077263
            ],
            [
              -120.6592216,
              35.3077501
            ],
            [
              -120.6591976,
              35.3077458
            ],
            [
              -120.6591596,
              35.3077395
            ],
            [
              -120.6592026,
              35.3075857
            ],
            [
              -120.6593346,
              35.3075212
            ],
            [
              -120.6593266,
              35.3075091
            ],
            [
              -120.6593856,
              35.3074796
            ],
            [
              -120.6593796,
              35.3074724
            ],
            [
              -120.6594216,
              35.3074531
            ],
            [
              -120.6594106,
              35.3074381
            ],
            [
              -120.6594606,
              35.3074141
            ],
            [
              -120.6594146,
              35.3073379
            ],
            [
              -120.6593636,
              35.3073637
            ],
            [
              -120.6593526,
              35.3073495
            ],
            [
              -120.659324,
              35.3073397
            ],
            [
              -120.6591446,
              35.3074413
            ],
            [
              -120.6590316,
              35.3075
            ],
            [
              -120.6590516,
              35.3075259
            ],
            [
              -120.6590396,
              35.3075318
            ],
            [
              -120.6590576,
              35.3075616
            ],
            [
              -120.6590286,
              35.3075573
            ],
            [
              -120.6590276,
              35.3075649
            ],
            [
              -120.6590146,
              35.3075628
            ],
            [
              -120.6589486,
              35.3077798
            ],
            [
              -120.6589846,
              35.3077883
            ],
            [
              -120.6589816,
              35.3078029
            ],
            [
              -120.6591696,
              35.3078387
            ],
            [
              -120.6591766,
              35.3078126
            ],
            [
              -120.6592076,
              35.3078186
            ],
            [
              -120.6592616,
              35.3078293
            ],
            [
              -120.6592826,
              35.3078182
            ],
            [
              -120.6593036,
              35.3078469
            ],
            [
              -120.6596526,
              35.3076795
            ],
            [
              -120.6596416,
              35.3076651
            ],
            [
              -120.6596896,
              35.3076411
            ]
          ]
        ]
      },
      "id": "way/160990147"
    },
    {
      "type": "Feature",
      "properties": {
        "@id": "way/160990152",
        "addr:city": "San Luis Obispo",
        "addr:postcode": "93407",
        "addr:state": "CA",
        "addr:street": "Grand",
        "building": "dormitory",
        "building:levels": "5",
        "name": "Inyo (171I)",
        "residential": "university",
        "smoking": "no",
        "ref": "171I"
      },
      "geometry": {
        "type": "Polygon",
        "coordinates": [
          [
            [
              -120.6586223,
              35.3073334
            ],
            [
              -120.6586498,
              35.3073715
            ],
            [
              -120.6586261,
              35.307384
            ],
            [
              -120.6586762,
              35.3074532
            ],
            [
              -120.6586943,
              35.3074453
            ],
            [
              -120.6587181,
              35.3074757
            ],
            [
              -120.6586732,
              35.3076309
            ],
            [
              -120.6586291,
              35.3076229
            ],
            [
              -120.658604,
              35.3075876
            ],
            [
              -120.6585026,
              35.3074449
            ],
            [
              -120.6584862,
              35.3074538
            ],
            [
              -120.6584577,
              35.3074151
            ],
            [
              -120.6583501,
              35.3074671
            ],
            [
              -120.6583799,
              35.3075084
            ],
            [
              -120.6583601,
              35.3075179
            ],
            [
              -120.6584104,
              35.3075848
            ],
            [
              -120.6583891,
              35.3075955
            ],
            [
              -120.6584699,
              35.3077037
            ],
            [
              -120.6585014,
              35.3076858
            ],
            [
              -120.6585125,
              35.3076994
            ],
            [
              -120.6585897,
              35.3076597
            ],
            [
              -120.6586025,
              35.3076626
            ],
            [
              -120.6585969,
              35.3076854
            ],
            [
              -120.6586129,
              35.3076882
            ],
            [
              -120.6586044,
              35.3077214
            ],
            [
              -120.6587357,
              35.3077465
            ],
            [
              -120.6587324,
              35.3077554
            ],
            [
              -120.6587877,
              35.3077664
            ],
            [
              -120.6587911,
              35.3077517
            ],
            [
              -120.6588308,
              35.3077586
            ],
            [
              -120.6588995,
              35.3075273
            ],
            [
              -120.6588626,
              35.3075201
            ],
            [
              -120.6588641,
              35.3075077
            ],
            [
              -120.6588233,
              35.3074977
            ],
            [
              -120.6588527,
              35.3074822
            ],
            [
              -120.6588436,
              35.3074692
            ],
            [
              -120.6588777,
              35.3074527
            ],
            [
              -120.6588407,
              35.3073995
            ],
            [
              -120.6587743,
              35.3073113
            ],
            [
              -120.6587592,
              35.3073194
            ],
            [
              -120.6587289,
              35.3072802
            ],
            [
              -120.6586223,
              35.3073334
            ]
          ]
        ]
      },
      "id": "way/160990152"
    },
    {
      "type": "Feature",
      "properties": {
        "@id": "way/161617357",
        "addr:city": "San Luis Obispo",
        "addr:state": "CA",
        "building": "riding_hall",
        "name": "Equine Center Pavilion (032-A)",
        "sport": "equestrian"
      },
      "geometry": {
        "type": "Polygon",
        "coordinates": [
          [
            [
              -120.664253,
              35.3106217
            ],
            [
              -120.6638359,
              35.3103882
            ],
            [
              -120.6632041,
              35.3111398
            ],
            [
              -120.6636213,
              35.3113733
            ],
            [
              -120.664253,
              35.3106217
            ]
          ]
        ]
      },
      "id": "way/161617357"
    },
    {
      "type": "Feature",
      "properties": {
        "@id": "way/204428008",
        "building": "yes"
      },
      "geometry": {
        "type": "Polygon",
        "coordinates": [
          [
            [
              -120.6599522,
              35.3072616
            ],
            [
              -120.6601152,
              35.3072118
            ],
            [
              -120.6600132,
              35.3069897
            ],
            [
              -120.6598502,
              35.3070394
            ],
            [
              -120.6599522,
              35.3072616
            ]
          ]
        ]
      },
      "id": "way/204428008"
    },
    {
      "type": "Feature",
      "properties": {
        "@id": "way/205393245",
        "building": "yes"
      },
      "geometry": {
        "type": "Polygon",
        "coordinates": [
          [
            [
              -120.6624794,
              35.3094922
            ],
            [
              -120.6622487,
              35.309539
            ],
            [
              -120.6622672,
              35.3095997
            ],
            [
              -120.6623187,
              35.3095892
            ],
            [
              -120.6623154,
              35.3095784
            ],
            [
              -120.6623681,
              35.3095677
            ],
            [
              -120.6623647,
              35.3095568
            ],
            [
              -120.662417,
              35.3095462
            ],
            [
              -120.662414,
              35.3095363
            ],
            [
              -120.6624883,
              35.3095212
            ],
            [
              -120.6624794,
              35.3094922
            ]
          ]
        ]
      },
      "id": "way/205393245"
    },
    {
      "type": "Feature",
      "properties": {
        "@id": "way/205393246",
        "building": "yes",
        "name": "48L0 EHS Greenhouse"
      },
      "geometry": {
        "type": "Polygon",
        "coordinates": [
          [
            [
              -120.6624974,
              35.3088736
            ],
            [
              -120.662294,
              35.3089145
            ],
            [
              -120.6623237,
              35.3090127
            ],
            [
              -120.662527,
              35.3089719
            ],
            [
              -120.6624974,
              35.3088736
            ]
          ]
        ]
      },
      "id": "way/205393246"
    },
    {
      "type": "Feature",
      "properties": {
        "@id": "way/205393248",
        "building": "yes"
      },
      "geometry": {
        "type": "Polygon",
        "coordinates": [
          [
            [
              -120.6604507,
              35.3070655
            ],
            [
              -120.6603767,
              35.3070883
            ],
            [
              -120.6604107,
              35.3071613
            ],
            [
              -120.6604847,
              35.3071386
            ],
            [
              -120.6604507,
              35.3070655
            ]
          ]
        ]
      },
      "id": "way/205393248"
    },
    {
      "type": "Feature",
      "properties": {
        "@id": "way/205393249",
        "building": "yes"
      },
      "geometry": {
        "type": "Polygon",
        "coordinates": [
          [
            [
              -120.659749,
              35.3070053
            ],
            [
              -120.659697,
              35.3071159
            ],
            [
              -120.659757,
              35.3071345
            ],
            [
              -120.659809,
              35.3070239
            ],
            [
              -120.659749,
              35.3070053
            ]
          ]
        ]
      },
      "id": "way/205393249"
    },
    {
      "type": "Feature",
      "properties": {
        "@id": "way/205393251",
        "building": "yes"
      },
      "geometry": {
        "type": "Polygon",
        "coordinates": [
          [
            [
              -120.6582707,
              35.3072197
            ],
            [
              -120.6581721,
              35.3072694
            ],
            [
              -120.6582067,
              35.3073152
            ],
            [
              -120.6583054,
              35.3072654
            ],
            [
              -120.6582707,
              35.3072197
            ]
          ]
        ]
      },
      "id": "way/205393251"
    },
    {
      "type": "Feature",
      "properties": {
        "@id": "way/205393252",
        "amenity": "bicycle_parking",
        "building": "yes",
        "covered": "no",
        "fee": "no",
        "indoor": "no"
      },
      "geometry": {
        "type": "Polygon",
        "coordinates": [
          [
            [
              -120.6570339,
              35.3087889
            ],
            [
              -120.6569576,
              35.30874
            ],
            [
              -120.6569179,
              35.3087813
            ],
            [
              -120.6569943,
              35.3088301
            ],
            [
              -120.6570339,
              35.3087889
            ]
          ]
        ]
      },
      "id": "way/205393252"
    },
    {
      "type": "Feature",
      "properties": {
        "@id": "way/205393261",
        "building": "yes",
        "name": "04D- Aero Jet Engine Test Facility",
        "amenity": "maintenance"
      },
      "geometry": {
        "type": "Polygon",
        "coordinates": [
          [
            [
              -120.6652039,
              35.3055905
            ],
            [
              -120.6651493,
              35.3056372
            ],
            [
              -120.665208,
              35.3056768
            ],
            [
              -120.6652589,
              35.3056274
            ],
            [
              -120.6652039,
              35.3055905
            ]
          ]
        ]
      },
      "id": "way/205393261"
    },
    {
      "type": "Feature",
      "properties": {
        "@id": "way/205393267",
        "building": "yes"
      },
      "geometry": {
        "type": "Polygon",
        "coordinates": [
          [
            [
              -120.665727,
              35.3073794
            ],
            [
              -120.6656943,
              35.3074079
            ],
            [
              -120.6657162,
              35.3074247
            ],
            [
              -120.665749,
              35.3073961
            ],
            [
              -120.665727,
              35.3073794
            ]
          ]
        ]
      },
      "id": "way/205393267"
    },
    {
      "type": "Feature",
      "properties": {
        "@id": "way/205393270",
        "building": "yes"
      },
      "geometry": {
        "type": "Polygon",
        "coordinates": [
          [
            [
              -120.664144,
              35.3057518
            ],
            [
              -120.6641503,
              35.305869
            ],
            [
              -120.6641963,
              35.3058669
            ],
            [
              -120.6641867,
              35.3057535
            ],
            [
              -120.664144,
              35.3057518
            ]
          ]
        ]
      },
      "id": "way/205393270"
    },
    {
      "type": "Feature",
      "properties": {
        "@id": "way/205393278",
        "building": "yes"
      },
      "geometry": {
        "type": "Polygon",
        "coordinates": [
          [
            [
              -120.6623058,
              35.3092073
            ],
            [
              -120.6620525,
              35.3092569
            ],
            [
              -120.6621103,
              35.3094535
            ],
            [
              -120.6623636,
              35.309404
            ],
            [
              -120.6623058,
              35.3092073
            ]
          ]
        ]
      },
      "id": "way/205393278"
    },
    {
      "type": "Feature",
      "properties": {
        "@id": "way/205393280",
        "building": "yes"
      },
      "geometry": {
        "type": "Polygon",
        "coordinates": [
          [
            [
              -120.6604434,
              35.3066875
            ],
            [
              -120.6603872,
              35.3067038
            ],
            [
              -120.6604093,
              35.3067514
            ],
            [
              -120.6604659,
              35.3067342
            ],
            [
              -120.6604434,
              35.3066875
            ]
          ]
        ]
      },
      "id": "way/205393280"
    },
    {
      "type": "Feature",
      "properties": {
        "@id": "way/205393286",
        "building": "greenhouse",
        "name": "48B- EHS Lath House"
      },
      "geometry": {
        "type": "Polygon",
        "coordinates": [
          [
            [
              -120.6635264,
              35.309458
            ],
            [
              -120.6633518,
              35.3094902
            ],
            [
              -120.6633834,
              35.3096047
            ],
            [
              -120.6635581,
              35.3095726
            ],
            [
              -120.6635264,
              35.309458
            ]
          ]
        ]
      },
      "id": "way/205393286"
    },
    {
      "type": "Feature",
      "properties": {
        "@id": "way/205393288",
        "amenity": "bicycle_parking",
        "building": "yes"
      },
      "geometry": {
        "type": "Polygon",
        "coordinates": [
          [
            [
              -120.6603537,
              35.3084298
            ],
            [
              -120.6603021,
              35.3084615
            ],
            [
              -120.660371,
              35.3085306
            ],
            [
              -120.6604203,
              35.308499
            ],
            [
              -120.6603537,
              35.3084298
            ]
          ]
        ]
      },
      "id": "way/205393288"
    },
    {
      "type": "Feature",
      "properties": {
        "@id": "way/205393291",
        "amenity": "bicycle_parking",
        "building": "yes",
        "covered": "yes",
        "fee": "no"
      },
      "geometry": {
        "type": "Polygon",
        "coordinates": [
          [
            [
              -120.659873,
              35.3090231
            ],
            [
              -120.6597912,
              35.3090643
            ],
            [
              -120.6598237,
              35.3091087
            ],
            [
              -120.6599051,
              35.3090688
            ],
            [
              -120.659873,
              35.3090231
            ]
          ]
        ]
      },
      "id": "way/205393291"
    },
    {
      "type": "Feature",
      "properties": {
        "@id": "way/205393294",
        "amenity": "bicycle_parking",
        "building": "roof",
        "covered": "yes"
      },
      "geometry": {
        "type": "Polygon",
        "coordinates": [
          [
            [
              -120.6576772,
              35.3075378
            ],
            [
              -120.6575807,
              35.3075859
            ],
            [
              -120.6576142,
              35.3076327
            ],
            [
              -120.6577122,
              35.3075841
            ],
            [
              -120.6576772,
              35.3075378
            ]
          ]
        ]
      },
      "id": "way/205393294"
    },
    {
      "type": "Feature",
      "properties": {
        "@id": "way/205393296",
        "amenity": "bicycle_parking",
        "building": "yes"
      },
      "geometry": {
        "type": "Polygon",
        "coordinates": [
          [
            [
              -120.6598931,
              35.3079494
            ],
            [
              -120.6598368,
              35.3079764
            ],
            [
              -120.6598933,
              35.3080517
            ],
            [
              -120.65995,
              35.3080226
            ],
            [
              -120.6598931,
              35.3079494
            ]
          ]
        ]
      },
      "id": "way/205393296"
    },
    {
      "type": "Feature",
      "properties": {
        "@id": "way/205393298",
        "building": "yes"
      },
      "geometry": {
        "type": "Polygon",
        "coordinates": [
          [
            [
              -120.6678284,
              35.3080157
            ],
            [
              -120.6677722,
              35.3080565
            ],
            [
              -120.6678437,
              35.3081219
            ],
            [
              -120.6678999,
              35.3080811
            ],
            [
              -120.6678284,
              35.3080157
            ]
          ]
        ]
      },
      "id": "way/205393298"
    },
    {
      "type": "Feature",
      "properties": {
        "@id": "way/205393303",
        "building": "yes"
      },
      "geometry": {
        "type": "Polygon",
        "coordinates": [
          [
            [
              -120.6656043,
              35.3073014
            ],
            [
              -120.665523,
              35.3073533
            ],
            [
              -120.665548,
              35.3073795
            ],
            [
              -120.6656294,
              35.3073275
            ],
            [
              -120.6656043,
              35.3073014
            ]
          ]
        ]
      },
      "id": "way/205393303"
    },
    {
      "type": "Feature",
      "properties": {
        "@id": "way/205393305",
        "building": "yes"
      },
      "geometry": {
        "type": "Polygon",
        "coordinates": [
          [
            [
              -120.6659388,
              35.306743
            ],
            [
              -120.6659056,
              35.3067425
            ],
            [
              -120.6659044,
              35.3067904
            ],
            [
              -120.6659376,
              35.3067909
            ],
            [
              -120.6659388,
              35.306743
            ]
          ]
        ]
      },
      "id": "way/205393305"
    },
    {
      "type": "Feature",
      "properties": {
        "@id": "way/205393307",
        "building": "yes"
      },
      "geometry": {
        "type": "Polygon",
        "coordinates": [
          [
            [
              -120.6583325,
              35.3071501
            ],
            [
              -120.6582906,
              35.3071706
            ],
            [
              -120.6583419,
              35.3072407
            ],
            [
              -120.6583839,
              35.3072203
            ],
            [
              -120.6583325,
              35.3071501
            ]
          ]
        ]
      },
      "id": "way/205393307"
    },
    {
      "type": "Feature",
      "properties": {
        "@id": "way/205393309",
        "building": "yes",
        "name": "160F- Sport Complex Maintenance Building",
        "amenity": "maintenance"
      },
      "geometry": {
        "type": "Polygon",
        "coordinates": [
          [
            [
              -120.6643004,
              35.3058638
            ],
            [
              -120.6642575,
              35.3059317
            ],
            [
              -120.6643842,
              35.3060264
            ],
            [
              -120.6644539,
              35.3059547
            ],
            [
              -120.6643004,
              35.3058638
            ]
          ]
        ]
      },
      "id": "way/205393309"
    },
    {
      "type": "Feature",
      "properties": {
        "@id": "way/205393312",
        "building": "yes"
      },
      "geometry": {
        "type": "Polygon",
        "coordinates": [
          [
            [
              -120.6646617,
              35.3050414
            ],
            [
              -120.664696,
              35.3050649
            ],
            [
              -120.6647227,
              35.3050389
            ],
            [
              -120.6646883,
              35.3050155
            ],
            [
              -120.6646617,
              35.3050414
            ]
          ]
        ]
      },
      "id": "way/205393312"
    },
    {
      "type": "Feature",
      "properties": {
        "@id": "way/205393314",
        "amenity": "bicycle_parking",
        "building": "yes"
      },
      "geometry": {
        "type": "Polygon",
        "coordinates": [
          [
            [
              -120.657063,
              35.3082
            ],
            [
              -120.6569934,
              35.3082709
            ],
            [
              -120.6570433,
              35.3083036
            ],
            [
              -120.6571129,
              35.3082326
            ],
            [
              -120.657063,
              35.3082
            ]
          ]
        ]
      },
      "id": "way/205393314"
    },
    {
      "type": "Feature",
      "properties": {
        "@id": "way/205393318",
        "building": "yes",
        "man_made": "storage_tank"
      },
      "geometry": {
        "type": "Polygon",
        "coordinates": [
          [
            [
              -120.6622353,
              35.309446
            ],
            [
              -120.6622376,
              35.3094544
            ],
            [
              -120.6622465,
              35.3094591
            ],
            [
              -120.6622568,
              35.3094572
            ],
            [
              -120.6622625,
              35.3094499
            ],
            [
              -120.6622602,
              35.3094415
            ],
            [
              -120.6622513,
              35.3094369
            ],
            [
              -120.662241,
              35.3094388
            ],
            [
              -120.6622353,
              35.309446
            ]
          ]
        ]
      },
      "id": "way/205393318"
    },
    {
      "type": "Feature",
      "properties": {
        "@id": "way/205407035",
        "amenity": "bicycle_parking",
        "building": "yes"
      },
      "geometry": {
        "type": "Polygon",
        "coordinates": [
          [
            [
              -120.6595993,
              35.3065278
            ],
            [
              -120.6594596,
              35.3065005
            ],
            [
              -120.6594445,
              35.306552
            ],
            [
              -120.6595841,
              35.3065794
            ],
            [
              -120.6595993,
              35.3065278
            ]
          ]
        ]
      },
      "id": "way/205407035"
    },
    {
      "type": "Feature",
      "properties": {
        "@id": "way/321174412",
        "building": "yes"
      },
      "geometry": {
        "type": "Polygon",
        "coordinates": [
          [
            [
              -120.6666785,
              35.3097323
            ],
            [
              -120.6666649,
              35.3096773
            ],
            [
              -120.6666008,
              35.3096879
            ],
            [
              -120.6666144,
              35.3097429
            ],
            [
              -120.6666785,
              35.3097323
            ]
          ]
        ]
      },
      "id": "way/321174412"
    },
    {
      "type": "Feature",
      "properties": {
        "@id": "way/329352917",
        "amenity": "bicycle_parking",
        "building": "yes",
        "covered": "yes",
        "fee": "no",
        "indoor": "no"
      },
      "geometry": {
        "type": "Polygon",
        "coordinates": [
          [
            [
              -120.6585997,
              35.3089511
            ],
            [
              -120.658562,
              35.3089439
            ],
            [
              -120.6585465,
              35.3089932
            ],
            [
              -120.6585859,
              35.3090014
            ],
            [
              -120.6585997,
              35.3089511
            ]
          ]
        ]
      },
      "id": "way/329352917"
    },
    {
      "type": "Feature",
      "properties": {
        "@id": "way/329352918",
        "amenity": "bicycle_parking",
        "building": "yes",
        "covered": "no",
        "fee": "no",
        "indoor": "no"
      },
      "geometry": {
        "type": "Polygon",
        "coordinates": [
          [
            [
              -120.6585003,
              35.3089263
            ],
            [
              -120.6584601,
              35.3089188
            ],
            [
              -120.6584458,
              35.3089701
            ],
            [
              -120.658486,
              35.3089776
            ],
            [
              -120.6585003,
              35.3089263
            ]
          ]
        ]
      },
      "id": "way/329352918"
    },
    {
      "type": "Feature",
      "properties": {
        "@id": "way/329357369",
        "building": "yes"
      },
      "geometry": {
        "type": "Polygon",
        "coordinates": [
          [
            [
              -120.6661967,
              35.3068873
            ],
            [
              -120.6661757,
              35.306868
            ],
            [
              -120.6661243,
              35.3069051
            ],
            [
              -120.6661452,
              35.3069244
            ],
            [
              -120.6661967,
              35.3068873
            ]
          ]
        ]
      },
      "id": "way/329357369"
    },
    {
      "type": "Feature",
      "properties": {
        "@id": "way/385185687",
        "building": "yes"
      },
      "geometry": {
        "type": "Polygon",
        "coordinates": [
          [
            [
              -120.6610007,
              35.3093461
            ],
            [
              -120.6609289,
              35.3092846
            ],
            [
              -120.6608673,
              35.3093326
            ],
            [
              -120.6607834,
              35.3092609
            ],
            [
              -120.6607045,
              35.3093223
            ],
            [
              -120.6606607,
              35.3092848
            ],
            [
              -120.6605639,
              35.3093602
            ],
            [
              -120.6605966,
              35.3093882
            ],
            [
              -120.6605293,
              35.3094405
            ],
            [
              -120.6606962,
              35.3095832
            ],
            [
              -120.6610007,
              35.3093461
            ]
          ]
        ]
      },
      "id": "way/385185687"
    },
    {
      "type": "Feature",
      "properties": {
        "@id": "way/779673605",
        "building": "yes",
        "name": "161C- Batting Cages 161 North"
      },
      "geometry": {
        "type": "Polygon",
        "coordinates": [
          [
            [
              -120.666089,
              35.3076436
            ],
            [
              -120.6662368,
              35.3076223
            ],
            [
              -120.6661723,
              35.3073621
            ],
            [
              -120.6660369,
              35.3073845
            ],
            [
              -120.666089,
              35.3076436
            ]
          ]
        ]
      },
      "id": "way/779673605"
    },
    {
      "type": "Feature",
      "properties": {
        "@id": "way/779674243",
        "building": "yes"
      },
      "geometry": {
        "type": "Polygon",
        "coordinates": [
          [
            [
              -120.6642915,
              35.3060483
            ],
            [
              -120.6641964,
              35.3059761
            ],
            [
              -120.6641763,
              35.3059932
            ],
            [
              -120.664274,
              35.3060667
            ],
            [
              -120.6642915,
              35.3060483
            ]
          ]
        ]
      },
      "id": "way/779674243"
    },
    {
      "type": "Feature",
      "properties": {
        "@id": "way/865443089",
        "building": "yes"
      },
      "geometry": {
        "type": "Polygon",
        "coordinates": [
          [
            [
              -120.6648237,
              35.3074501
            ],
            [
              -120.6648706,
              35.3073062
            ],
            [
              -120.6646486,
              35.307258
            ],
            [
              -120.6646017,
              35.3074019
            ],
            [
              -120.6648237,
              35.3074501
            ]
          ]
        ]
      },
      "id": "way/865443089"
    },
    {
      "type": "Feature",
      "properties": {
        "@id": "way/865449530",
        "building": "yes"
      },
      "geometry": {
        "type": "Polygon",
        "coordinates": [
          [
            [
              -120.6635138,
              35.3102482
            ],
            [
              -120.6634969,
              35.3102048
            ],
            [
              -120.6634636,
              35.3102135
            ],
            [
              -120.6634805,
              35.3102568
            ],
            [
              -120.6635138,
              35.3102482
            ]
          ]
        ]
      },
      "id": "way/865449530"
    },
    {
      "type": "Feature",
      "properties": {
        "@id": "way/865449531",
        "building": "yes"
      },
      "geometry": {
        "type": "Polygon",
        "coordinates": [
          [
            [
              -120.6634662,
              35.3102595
            ],
            [
              -120.6634526,
              35.3102141
            ],
            [
              -120.6634016,
              35.3102243
            ],
            [
              -120.6634152,
              35.3102697
            ],
            [
              -120.6634662,
              35.3102595
            ]
          ]
        ]
      },
      "id": "way/865449531"
    },
    {
      "type": "Feature",
      "properties": {
        "@id": "way/865449542",
        "building": "yes"
      },
      "geometry": {
        "type": "Polygon",
        "coordinates": [
          [
            [
              -120.6626435,
              35.3094711
            ],
            [
              -120.6626379,
              35.3094532
            ],
            [
              -120.6626076,
              35.3094595
            ],
            [
              -120.6626132,
              35.3094774
            ],
            [
              -120.6626435,
              35.3094711
            ]
          ]
        ]
      },
      "id": "way/865449542"
    },
    {
      "type": "Feature",
      "properties": {
        "@id": "way/865449543",
        "building": "yes"
      },
      "geometry": {
        "type": "Polygon",
        "coordinates": [
          [
            [
              -120.6627061,
              35.3094627
            ],
            [
              -120.6627013,
              35.3094418
            ],
            [
              -120.6626446,
              35.3094505
            ],
            [
              -120.6626494,
              35.3094714
            ],
            [
              -120.6627061,
              35.3094627
            ]
          ]
        ]
      },
      "id": "way/865449543"
    },
    {
      "type": "Feature",
      "properties": {
        "@id": "way/865472918",
        "building": "greenhouse",
        "name": "48- Environmental Horitcultural Science",
        "ref": "48"
      },
      "geometry": {
        "type": "Polygon",
        "coordinates": [
          [
            [
              -120.663342,
              35.3094552
            ],
            [
              -120.6632969,
              35.3092865
            ],
            [
              -120.6631073,
              35.3093203
            ],
            [
              -120.6631525,
              35.309489
            ],
            [
              -120.663342,
              35.3094552
            ]
          ]
        ]
      },
      "id": "way/865472918"
    },
    {
      "type": "Feature",
      "properties": {
        "@id": "way/941993005",
        "building": "shed"
      },
      "geometry": {
        "type": "Polygon",
        "coordinates": [
          [
            [
              -120.6614713,
              35.3056366
            ],
            [
              -120.6614566,
              35.3056178
            ],
            [
              -120.6614312,
              35.3056292
            ],
            [
              -120.6614451,
              35.3056486
            ],
            [
              -120.6614713,
              35.3056366
            ]
          ]
        ]
      },
      "id": "way/941993005"
    },
    {
      "type": "Feature",
      "properties": {
        "@id": "way/960271028",
        "building": "greenhouse",
        "name": "Cal Poly Plant Conservatory",
        "ref": "72"
      },
      "geometry": {
        "type": "Polygon",
        "coordinates": [
          [
            [
              -120.6587203,
              35.3046043
            ],
            [
              -120.6586408,
              35.304789
            ],
            [
              -120.6590988,
              35.3049075
            ],
            [
              -120.6591409,
              35.3048066
            ],
            [
              -120.659029,
              35.3047767
            ],
            [
              -120.6590587,
              35.3046998
            ],
            [
              -120.6587203,
              35.3046043
            ]
          ]
        ]
      },
      "id": "way/960271028"
    },
    {
      "type": "Feature",
      "properties": {
        "@id": "way/1115832121",
        "building": "university",
        "building:levels": "1",
        "name": "Building 072 Offices",
        "amenity": "administrative"
      },
      "geometry": {
        "type": "Polygon",
        "coordinates": [
          [
            [
              -120.6590988,
              35.3049075
            ],
            [
              -120.6591409,
              35.3048066
            ],
            [
              -120.659029,
              35.3047767
            ],
            [
              -120.6589885,
              35.3048776
            ],
            [
              -120.6590988,
              35.3049075
            ]
          ]
        ]
      },
      "id": "way/1115832121"
    },
    {
      "type": "Feature",
      "properties": {
        "@id": "way/1115832123",
        "building": "greenhouse",
        "name": "Oceano Dunes Project Hoop House"
      },
      "geometry": {
        "type": "Polygon",
        "coordinates": [
          [
            [
              -120.6624133,
              35.3098421
            ],
            [
              -120.6628137,
              35.3097383
            ],
            [
              -120.6627352,
              35.3095366
            ],
            [
              -120.6624114,
              35.3096205
            ],
            [
              -120.6624226,
              35.3096493
            ],
            [
              -120.6623459,
              35.3096691
            ],
            [
              -120.6624133,
              35.3098421
            ]
          ]
        ]
      },
      "id": "way/1115832123"
    },
    {
      "type": "Feature",
      "properties": {
        "@id": "node/993419706",
        "amenity": "post_office",
        "name": "Canyon Post"
      },
      "geometry": {
        "type": "Point",
        "coordinates": [
          -120.659437,
          35.3068951
        ]
      },
      "id": "node/993419706"
    },
    {
      "type": "Feature",
      "properties": {
        "@id": "node/1562064601",
        "amenity": "bench",
        "backrest": "no"
      },
      "geometry": {
        "type": "Point",
        "coordinates": [
          -120.659721,
          35.3068051
        ]
      },
      "id": "node/1562064601"
    },
    {
      "type": "Feature",
      "properties": {
        "@id": "node/2205784729",
        "addr:city": "San Luis Obispo",
        "amenity": "toilets",
        "wheelchair": "yes"
      },
      "geometry": {
        "type": "Point",
        "coordinates": [
          -120.665795,
          35.306666
        ]
      },
      "id": "node/2205784729"
    },
    {
      "type": "Feature",
      "properties": {
        "@id": "node/3362203550",
        "amenity": "waste_disposal"
      },
      "geometry": {
        "type": "Point",
        "coordinates": [
          -120.6575148,
          35.3042278
        ]
      },
      "id": "node/3362203550"
    },
    {
      "type": "Feature",
      "properties": {
        "@id": "node/3362203630",
        "amenity": "waste_disposal"
      },
      "geometry": {
        "type": "Point",
        "coordinates": [
          -120.6576303,
          35.3050837
        ]
      },
      "id": "node/3362203630"
    },
    {
      "type": "Feature",
      "properties": {
        "@id": "node/3362203646",
        "amenity": "waste_disposal"
      },
      "geometry": {
        "type": "Point",
        "coordinates": [
          -120.6568313,
          35.3052317
        ]
      },
      "id": "node/3362203646"
    },
    {
      "type": "Feature",
      "properties": {
        "@id": "node/4368699003",
        "amenity": "atm",
        "brand": "Bank of America",
        "brand:wikidata": "Q487907",
        "name": "Bank of America",
        "operator": "Bank of America",
        "operator:wikidata": "Q487907",
        "operator:wikipedia": "en:Bank of America"
      },
      "geometry": {
        "type": "Point",
        "coordinates": [
          -120.659274,
          35.3069341
        ]
      },
      "id": "node/4368699003"
    },
    {
      "type": "Feature",
      "properties": {
        "@id": "node/6223945612",
        "amenity": "bicycle_repair_station",
        "covered": "no",
        "fee": "no",
        "indoor": "no",
        "opening_hours": "24/7",
        "operator": "California Polytechnic State University",
        "service:bicycle:pump": "yes",
        "service:bicycle:tools": "yes"
      },
      "geometry": {
        "type": "Point",
        "coordinates": [
          -120.658651,
          35.3091269
        ]
      },
      "id": "node/6223945612"
    },
    {
      "type": "Feature",
      "properties": {
        "@id": "node/6237289418",
        "amenity": "recycling",
        "recycling_type": "container"
      },
      "geometry": {
        "type": "Point",
        "coordinates": [
          -120.6578175,
          35.3088492
        ]
      },
      "id": "node/6237289418"
    },
    {
      "type": "Feature",
      "properties": {
        "@id": "node/6635965683",
        "amenity": "bicycle_repair_station",
        "fee": "no",
        "opening_hours": "24/7",
        "operator": "California Polytechnic State University",
        "service:bicycle:pump": "yes",
        "service:bicycle:tools": "yes"
      },
      "geometry": {
        "type": "Point",
        "coordinates": [
          -120.6605843,
          35.3049712
        ]
      },
      "id": "node/6635965683"
    },
    {
      "type": "Feature",
      "properties": {
        "@id": "node/8921093981",
        "amenity": "bicycle_parking",
        "bicycle_parking": "lockers"
      },
      "geometry": {
        "type": "Point",
        "coordinates": [
          -120.6601332,
          35.309406
        ]
      },
      "id": "node/8921093981"
    },
    {
      "type": "Feature",
      "properties": {
        "@id": "node/8921093982",
        "amenity": "bicycle_parking"
      },
      "geometry": {
        "type": "Point",
        "coordinates": [
          -120.6587733,
          35.309181
        ]
      },
      "id": "node/8921093982"
    },
    {
      "type": "Feature",
      "properties": {
        "@id": "node/8921093994",
        "amenity": "bicycle_parking"
      },
      "geometry": {
        "type": "Point",
        "coordinates": [
          -120.6583177,
          35.3090556
        ]
      },
      "id": "node/8921093994"
    },
    {
      "type": "Feature",
      "properties": {
        "@id": "node/8921093995",
        "access": "yes",
        "amenity": "bicycle_parking",
        "bicycle_parking": "lockers",
        "covered": "yes",
        "fee": "no",
        "indoor": "no",
        "lit": "yes"
      },
      "geometry": {
        "type": "Point",
        "coordinates": [
          -120.660681,
          35.3062849
        ]
      },
      "id": "node/8921093995"
    },
    {
      "type": "Feature",
      "properties": {
        "@id": "node/8921115922",
        "amenity": "bicycle_parking"
      },
      "geometry": {
        "type": "Point",
        "coordinates": [
          -120.6577761,
          35.3085386
        ]
      },
      "id": "node/8921115922"
    },
    {
      "type": "Feature",
      "properties": {
        "@id": "node/8921115925",
        "amenity": "bicycle_parking"
      },
      "geometry": {
        "type": "Point",
        "coordinates": [
          -120.6569985,
          35.3082326
        ]
      },
      "id": "node/8921115925"
    },
    {
      "type": "Feature",
      "properties": {
        "@id": "node/8921115928",
        "amenity": "bicycle_parking",
        "covered": "no",
        "fee": "no",
        "indoor": "no"
      },
      "geometry": {
        "type": "Point",
        "coordinates": [
          -120.657427,
          35.3078003
        ]
      },
      "id": "node/8921115928"
    },
    {
      "type": "Feature",
      "properties": {
        "@id": "node/8923641768",
        "amenity": "bicycle_parking",
        "covered": "no",
        "fee": "no",
        "indoor": "no",
        "lit": "yes"
      },
      "geometry": {
        "type": "Point",
        "coordinates": [
          -120.65894,
          35.3066015
        ]
      },
      "id": "node/8923641768"
    },
    {
      "type": "Feature",
      "properties": {
        "@id": "node/8923641803",
        "amenity": "bicycle_parking"
      },
      "geometry": {
        "type": "Point",
        "coordinates": [
          -120.659525,
          35.3087557
        ]
      },
      "id": "node/8923641803"
    },
    {
      "type": "Feature",
      "properties": {
        "@id": "node/9661207970",
        "amenity": "recycling",
        "indoor": "no",
        "recycling_type": "container"
      },
      "geometry": {
        "type": "Point",
        "coordinates": [
          -120.6595128,
          35.3070518
        ]
      },
      "id": "node/9661207970"
    },
    {
      "type": "Feature",
      "properties": {
        "@id": "node/9661207971",
        "amenity": "waste_basket",
        "indoor": "no"
      },
      "geometry": {
        "type": "Point",
        "coordinates": [
          -120.659493,
          35.3070461
        ]
      },
      "id": "node/9661207971"
    },
    {
      "type": "Feature",
      "properties": {
        "@id": "node/9661207972",
        "amenity": "vending_machine",
        "description": "Mustang News",
        "fee": "no",
        "indoor": "no",
        "operator": "Cal Poly",
        "vending": "newspapers"
      },
      "geometry": {
        "type": "Point",
        "coordinates": [
          -120.6594517,
          35.3070408
        ]
      },
      "id": "node/9661207972"
    },
    {
      "type": "Feature",
      "properties": {
        "@id": "node/9661207975",
        "amenity": "car_sharing",
        "operator": "Zipcar",
        "operator:wikidata": "Q1069924",
        "operator:wikipedia": "en:Zipcar",
        "supervised": "no"
      },
      "geometry": {
        "type": "Point",
        "coordinates": [
          -120.6581961,
          35.3076261
        ]
      },
      "id": "node/9661207975"
    },
    {
      "type": "Feature",
      "properties": {
        "@id": "node/9661207976",
        "amenity": "drinking_water",
        "bottle": "yes",
        "covered": "no",
        "fee": "no",
        "indoor": "no",
        "lit": "yes",
        "wheelchair": "yes"
      },
      "geometry": {
        "type": "Point",
        "coordinates": [
          -120.6579375,
          35.3074545
        ]
      },
      "id": "node/9661207976"
    },
    {
      "type": "Feature",
      "properties": {
        "@id": "node/9661207977",
        "amenity": "bench",
        "backrest": "yes"
      },
      "geometry": {
        "type": "Point",
        "coordinates": [
          -120.6575779,
          35.3076338
        ]
      },
      "id": "node/9661207977"
    },
    {
      "type": "Feature",
      "properties": {
        "@id": "node/9661207978",
        "amenity": "bicycle_repair_station",
        "colour": "green",
        "covered": "no",
        "fee": "no",
        "indoor": "no",
        "opening_hours": "24/7"
      },
      "geometry": {
        "type": "Point",
        "coordinates": [
          -120.6574633,
          35.3077104
        ]
      },
      "id": "node/9661207978"
    },
    {
      "type": "Feature",
      "properties": {
        "@id": "node/9661207980",
        "amenity": "vending_machine",
        "covered": "no",
        "indoor": "no",
        "vending": "parking_tickets"
      },
      "geometry": {
        "type": "Point",
        "coordinates": [
          -120.6639724,
          35.307556
        ]
      },
      "id": "node/9661207980"
    },
    {
      "type": "Feature",
      "properties": {
        "@id": "node/9661207981",
        "amenity": "waste_basket",
        "covered": "no",
        "indoor": "no"
      },
      "geometry": {
        "type": "Point",
        "coordinates": [
          -120.6656794,
          35.3076366
        ]
      },
      "id": "node/9661207981"
    },
    {
      "type": "Feature",
      "properties": {
        "@id": "node/9661207982",
        "amenity": "recycling",
        "covered": "no",
        "indoor": "no",
        "recycling_type": "container"
      },
      "geometry": {
        "type": "Point",
        "coordinates": [
          -120.6656713,
          35.3076283
        ]
      },
      "id": "node/9661207982"
    },
    {
      "type": "Feature",
      "properties": {
        "@id": "node/9661207983",
        "amenity": "vending_machine",
        "covered": "no",
        "indoor": "no",
        "vending": "parking_tickets"
      },
      "geometry": {
        "type": "Point",
        "coordinates": [
          -120.6671694,
          35.3076952
        ]
      },
      "id": "node/9661207983"
    },
    {
      "type": "Feature",
      "properties": {
        "@id": "node/9662164675",
        "amenity": "recycling",
        "covered": "no",
        "indoor": "no",
        "recycling_type": "container"
      },
      "geometry": {
        "type": "Point",
        "coordinates": [
          -120.6592391,
          35.3061082
        ]
      },
      "id": "node/9662164675"
    },
    {
      "type": "Feature",
      "properties": {
        "@id": "node/9662164676",
        "amenity": "waste_basket",
        "covered": "no",
        "indoor": "no"
      },
      "geometry": {
        "type": "Point",
        "coordinates": [
          -120.659252,
          35.3061069
        ]
      },
      "id": "node/9662164676"
    },
    {
      "type": "Feature",
      "properties": {
        "@id": "node/9662164677",
        "amenity": "bench",
        "backrest": "yes"
      },
      "geometry": {
        "type": "Point",
        "coordinates": [
          -120.658871,
          35.306642
        ]
      },
      "id": "node/9662164677"
    },
    {
      "type": "Feature",
      "properties": {
        "@id": "node/9662164678",
        "amenity": "bench",
        "backrest": "no"
      },
      "geometry": {
        "type": "Point",
        "coordinates": [
          -120.6589367,
          35.3068805
        ]
      },
      "id": "node/9662164678"
    },
    {
      "type": "Feature",
      "properties": {
        "@id": "node/9662164679",
        "amenity": "bench",
        "backrest": "yes"
      },
      "geometry": {
        "type": "Point",
        "coordinates": [
          -120.6593852,
          35.3066471
        ]
      },
      "id": "node/9662164679"
    },
    {
      "type": "Feature",
      "properties": {
        "@id": "node/9662164680",
        "amenity": "bench",
        "backrest": "yes"
      },
      "geometry": {
        "type": "Point",
        "coordinates": [
          -120.6593464,
          35.30678
        ]
      },
      "id": "node/9662164680"
    },
    {
      "type": "Feature",
      "properties": {
        "@id": "node/9662164681",
        "amenity": "bench",
        "backrest": "yes"
      },
      "geometry": {
        "type": "Point",
        "coordinates": [
          -120.6592873,
          35.3066342
        ]
      },
      "id": "node/9662164681"
    },
    {
      "type": "Feature",
      "properties": {
        "@id": "node/9662164682",
        "amenity": "bench",
        "backrest": "yes"
      },
      "geometry": {
        "type": "Point",
        "coordinates": [
          -120.6592427,
          35.3067726
        ]
      },
      "id": "node/9662164682"
    },
    {
      "type": "Feature",
      "properties": {
        "@id": "node/9662164683",
        "amenity": "bbq",
        "covered": "no",
        "fuel": "charcoal",
        "lit": "yes"
      },
      "geometry": {
        "type": "Point",
        "coordinates": [
          -120.6593185,
          35.3066232
        ]
      },
      "id": "node/9662164683"
    },
    {
      "type": "Feature",
      "properties": {
        "@id": "node/9663572681",
        "amenity": "vending_machine",
        "bin": "no",
        "covered": "no",
        "fee": "no",
        "indoor": "no",
        "vending": "excrement_bags"
      },
      "geometry": {
        "type": "Point",
        "coordinates": [
          -120.6670408,
          35.3075579
        ]
      },
      "id": "node/9663572681"
    },
    {
      "type": "Feature",
      "properties": {
        "@id": "node/9663572682",
        "amenity": "drinking_water",
        "bottle": "no",
        "covered": "no",
        "fee": "no",
        "indoor": "no",
        "lit": "yes",
        "wheelchair": "yes"
      },
      "geometry": {
        "type": "Point",
        "coordinates": [
          -120.66758,
          35.3081129
        ]
      },
      "id": "node/9663572682"
    },
    {
      "type": "Feature",
      "properties": {
        "@id": "node/9663572683",
        "amenity": "waste_basket",
        "covered": "no",
        "indoor": "no"
      },
      "geometry": {
        "type": "Point",
        "coordinates": [
          -120.6677809,
          35.3079727
        ]
      },
      "id": "node/9663572683"
    },
    {
      "type": "Feature",
      "properties": {
        "@id": "node/9663572684",
        "amenity": "recycling",
        "covered": "no",
        "indoor": "no",
        "recycling_type": "container"
      },
      "geometry": {
        "type": "Point",
        "coordinates": [
          -120.6677944,
          35.307983
        ]
      },
      "id": "node/9663572684"
    },
    {
      "type": "Feature",
      "properties": {
        "@id": "node/9663572687",
        "amenity": "waste_basket",
        "covered": "no",
        "indoor": "no"
      },
      "geometry": {
        "type": "Point",
        "coordinates": [
          -120.6679566,
          35.3082011
        ]
      },
      "id": "node/9663572687"
    },
    {
      "type": "Feature",
      "properties": {
        "@id": "node/9668219955",
        "amenity": "bench",
        "backrest": "yes",
        "colour": "white",
        "lit": "yes",
        "material": "concrete"
      },
      "geometry": {
        "type": "Point",
        "coordinates": [
          -120.6572852,
          35.3042591
        ]
      },
      "id": "node/9668219955"
    },
    {
      "type": "Feature",
      "properties": {
        "@id": "node/9668219956",
        "amenity": "bench",
        "backrest": "yes",
        "colour": "white",
        "lit": "yes",
        "material": "concrete"
      },
      "geometry": {
        "type": "Point",
        "coordinates": [
          -120.6572644,
          35.3042296
        ]
      },
      "id": "node/9668219956"
    },
    {
      "type": "Feature",
      "properties": {
        "@id": "node/9668219957",
        "amenity": "bench",
        "backrest": "yes",
        "colour": "white",
        "lit": "yes",
        "material": "concrete"
      },
      "geometry": {
        "type": "Point",
        "coordinates": [
          -120.6572143,
          35.3042753
        ]
      },
      "id": "node/9668219957"
    },
    {
      "type": "Feature",
      "properties": {
        "@id": "node/9668219958",
        "amenity": "bench",
        "backrest": "yes",
        "colour": "white",
        "lit": "yes",
        "material": "concrete"
      },
      "geometry": {
        "type": "Point",
        "coordinates": [
          -120.6571548,
          35.3041943
        ]
      },
      "id": "node/9668219958"
    },
    {
      "type": "Feature",
      "properties": {
        "@id": "node/9668219960",
        "amenity": "vending_machine",
        "bin": "no",
        "covered": "no",
        "fee": "no",
        "indoor": "no",
        "vending": "excrement_bags"
      },
      "geometry": {
        "type": "Point",
        "coordinates": [
          -120.6572274,
          35.3043021
        ]
      },
      "id": "node/9668219960"
    },
    {
      "type": "Feature",
      "properties": {
        "@id": "node/9668219961",
        "amenity": "bench",
        "backrest": "yes",
        "colour": "white",
        "lit": "yes",
        "material": "concrete"
      },
      "geometry": {
        "type": "Point",
        "coordinates": [
          -120.65725,
          35.3043445
        ]
      },
      "id": "node/9668219961"
    },
    {
      "type": "Feature",
      "properties": {
        "@id": "node/9668219962",
        "amenity": "waste_basket",
        "covered": "no",
        "indoor": "no"
      },
      "geometry": {
        "type": "Point",
        "coordinates": [
          -120.6572527,
          35.3042138
        ]
      },
      "id": "node/9668219962"
    },
    {
      "type": "Feature",
      "properties": {
        "@id": "node/9668219963",
        "amenity": "recycling",
        "covered": "no",
        "indoor": "no",
        "recycling_type": "container"
      },
      "geometry": {
        "type": "Point",
        "coordinates": [
          -120.6572464,
          35.3042053
        ]
      },
      "id": "node/9668219963"
    },
    {
      "type": "Feature",
      "properties": {
        "@id": "node/9668219964",
        "amenity": "bench",
        "backrest": "yes",
        "colour": "white",
        "lit": "yes",
        "material": "concrete"
      },
      "geometry": {
        "type": "Point",
        "coordinates": [
          -120.6573083,
          35.304707
        ]
      },
      "id": "node/9668219964"
    },
    {
      "type": "Feature",
      "properties": {
        "@id": "node/9668219965",
        "amenity": "bench",
        "backrest": "yes",
        "colour": "white",
        "lit": "yes",
        "material": "concrete"
      },
      "geometry": {
        "type": "Point",
        "coordinates": [
          -120.6593912,
          35.3075949
        ]
      },
      "id": "node/9668219965"
    },
    {
      "type": "Feature",
      "properties": {
        "@id": "node/9668219966",
        "amenity": "bench",
        "backrest": "yes",
        "colour": "white",
        "lit": "yes",
        "material": "concrete"
      },
      "geometry": {
        "type": "Point",
        "coordinates": [
          -120.6594148,
          35.3075902
        ]
      },
      "id": "node/9668219966"
    },
    {
      "type": "Feature",
      "properties": {
        "@id": "node/9668219967",
        "amenity": "bbq",
        "covered": "no",
        "fuel": "charcoal",
        "lit": "yes"
      },
      "geometry": {
        "type": "Point",
        "coordinates": [
          -120.6593593,
          35.3075171
        ]
      },
      "id": "node/9668219967"
    },
    {
      "type": "Feature",
      "properties": {
        "@id": "node/9668219968",
        "amenity": "waste_basket",
        "covered": "no",
        "indoor": "no"
      },
      "geometry": {
        "type": "Point",
        "coordinates": [
          -120.65935,
          35.3075379
        ]
      },
      "id": "node/9668219968"
    },
    {
      "type": "Feature",
      "properties": {
        "@id": "node/9668219969",
        "amenity": "recycling",
        "covered": "no",
        "indoor": "no",
        "recycling_type": "container"
      },
      "geometry": {
        "type": "Point",
        "coordinates": [
          -120.6593567,
          35.3075473
        ]
      },
      "id": "node/9668219969"
    },
    {
      "type": "Feature",
      "properties": {
        "@id": "node/9668219970",
        "amenity": "bench",
        "backrest": "yes",
        "lit": "yes"
      },
      "geometry": {
        "type": "Point",
        "coordinates": [
          -120.6571683,
          35.3084962
        ]
      },
      "id": "node/9668219970"
    },
    {
      "type": "Feature",
      "properties": {
        "@id": "node/9668219971",
        "amenity": "bench",
        "backrest": "yes",
        "lit": "yes"
      },
      "geometry": {
        "type": "Point",
        "coordinates": [
          -120.6572441,
          35.308547
        ]
      },
      "id": "node/9668219971"
    },
    {
      "type": "Feature",
      "properties": {
        "@id": "node/9668219972",
        "amenity": "bench",
        "backrest": "yes",
        "lit": "yes"
      },
      "geometry": {
        "type": "Point",
        "coordinates": [
          -120.657374,
          35.3084505
        ]
      },
      "id": "node/9668219972"
    },
    {
      "type": "Feature",
      "properties": {
        "@id": "node/9668219973",
        "amenity": "bench",
        "backrest": "yes",
        "lit": "yes"
      },
      "geometry": {
        "type": "Point",
        "coordinates": [
          -120.6572815,
          35.3084013
        ]
      },
      "id": "node/9668219973"
    },
    {
      "type": "Feature",
      "properties": {
        "@id": "node/9668219974",
        "amenity": "bbq",
        "covered": "no",
        "fuel": "charcoal",
        "lit": "yes"
      },
      "geometry": {
        "type": "Point",
        "coordinates": [
          -120.6571607,
          35.3082974
        ]
      },
      "id": "node/9668219974"
    },
    {
      "type": "Feature",
      "properties": {
        "@id": "node/9668219976",
        "amenity": "bicycle_parking",
        "covered": "no",
        "fee": "no",
        "indoor": "no",
        "lit": "yes"
      },
      "geometry": {
        "type": "Point",
        "coordinates": [
          -120.6592998,
          35.3080193
        ]
      },
      "id": "node/9668219976"
    },
    {
      "type": "Feature",
      "properties": {
        "@id": "node/9668219977",
        "amenity": "bench",
        "backrest": "yes",
        "colour": "white",
        "lit": "yes",
        "material": "concrete"
      },
      "geometry": {
        "type": "Point",
        "coordinates": [
          -120.659263,
          35.3080118
        ]
      },
      "id": "node/9668219977"
    },
    {
      "type": "Feature",
      "properties": {
        "@id": "node/9668219980",
        "amenity": "bench",
        "backrest": "yes",
        "colour": "white",
        "lit": "yes",
        "material": "concrete"
      },
      "geometry": {
        "type": "Point",
        "coordinates": [
          -120.6591744,
          35.3081154
        ]
      },
      "id": "node/9668219980"
    },
    {
      "type": "Feature",
      "properties": {
        "@id": "node/9668219981",
        "amenity": "bench",
        "backrest": "yes",
        "colour": "white",
        "lit": "yes",
        "material": "concrete"
      },
      "geometry": {
        "type": "Point",
        "coordinates": [
          -120.6591117,
          35.3081031
        ]
      },
      "id": "node/9668219981"
    },
    {
      "type": "Feature",
      "properties": {
        "@id": "node/9668219982",
        "amenity": "bench",
        "backrest": "no",
        "lit": "yes"
      },
      "geometry": {
        "type": "Point",
        "coordinates": [
          -120.6591896,
          35.3078186
        ]
      },
      "id": "node/9668219982"
    },
    {
      "type": "Feature",
      "properties": {
        "@id": "node/10205352043",
        "addr:city": "San Luis Obispo",
        "addr:housenumber": "1",
        "addr:postcode": "93407",
        "addr:state": "CA",
        "addr:street": "Grand Avenue",
        "addr:unit": "171B",
        "alt_name": "Einstein Brothers Bagels",
        "amenity": "fast_food",
        "branch": "Cal Poly Tech",
        "brand": "Einstein Bros. Bagels",
        "brand:wikidata": "Q5349788",
        "cuisine": "bagel",
        "name": "Einstein Bros. Bagels",
        "opening_hours": "Mo-Fr 06:00-20:00; Sa-Su 08:00-20:00",
        "phone": "+1 805-756-1953",
        "takeaway": "yes",
        "website": "https://locations.einsteinbros.com/us/ca/san-luis-obispo/1-grand-ave"
      },
      "geometry": {
        "type": "Point",
        "coordinates": [
          -120.6592536,
          35.3073523
        ]
      },
      "id": "node/10205352043"
    },
    {
      "type": "Feature",
      "properties": {
        "@id": "node/10205352044",
        "amenity": "marketplace",
        "name": "Village Market"
      },
      "geometry": {
        "type": "Point",
        "coordinates": [
          -120.659242,
          35.3073361
        ]
      },
      "id": "node/10205352044"
    },
    {
      "type": "Feature",
      "properties": {
        "@id": "node/10205352045",
        "addr:city": "San Luis Obispo",
        "addr:housenumber": "1",
        "addr:postcode": "93407",
        "addr:state": "CA",
        "addr:street": "Grand Avenue",
        "amenity": "fast_food",
        "brand": "Taco Bell",
        "brand:wikidata": "Q752941",
        "cuisine": "tex-mex",
        "name": "Taco Bell",
        "takeaway": "yes",
        "website": "https://locations.tacobell.com/ca/san-luis-obispo/1-grand-avenue.html"
      },
      "geometry": {
        "type": "Point",
        "coordinates": [
          -120.6588459,
          35.3073695
        ]
      },
      "id": "node/10205352045"
    },
    {
      "type": "Feature",
      "properties": {
        "@id": "way/31274718",
        "addr:city": "San Luis Obispo",
        "addr:postcode": "93407",
        "addr:street": "Grand",
        "building": "dormitory",
        "building:levels": "2",
        "name": "100 Shasta Hall",
        "ref": "100",
        "amenity": "dormitory"
      },
      "geometry": {
        "type": "Polygon",
        "coordinates": [
          [
            [
              -120.6587943,
              35.3026699
            ],
            [
              -120.6584754,
              35.3030818
            ],
            [
              -120.658595,
              35.3031434
            ],
            [
              -120.6589132,
              35.3027306
            ],
            [
              -120.6587943,
              35.3026699
            ]
          ]
        ]
      },
      "id": "way/31274718"
    },
    {
      "type": "Feature",
      "properties": {
        "@id": "way/31274721",
        "addr:city": "San Luis Obispo",
        "addr:postcode": "93407",
        "addr:street": "Grand",
        "building": "dormitory",
        "building:levels": "2",
        "name": "101 Diablo Hall",
        "ref": "101",
        "amenity": "dormitory"
      },
      "geometry": {
        "type": "Polygon",
        "coordinates": [
          [
            [
              -120.6581936,
              35.3033956
            ],
            [
              -120.6583233,
              35.3029036
            ],
            [
              -120.6581826,
              35.3028786
            ],
            [
              -120.6580593,
              35.3033699
            ],
            [
              -120.6581936,
              35.3033956
            ]
          ]
        ]
      },
      "id": "way/31274721"
    },
    {
      "type": "Feature",
      "properties": {
        "@id": "way/31274732",
        "addr:city": "San Luis Obispo",
        "addr:postcode": "93407",
        "addr:street": "Grand",
        "building": "dormitory",
        "building:levels": "2",
        "name": "102 Palomar Hall",
        "ref": "102",
        "amenity": "dormitory"
      },
      "geometry": {
        "type": "Polygon",
        "coordinates": [
          [
            [
              -120.6578411,
              35.3032783
            ],
            [
              -120.6576021,
              35.3028278
            ],
            [
              -120.6574779,
              35.3028681
            ],
            [
              -120.6577073,
              35.3033219
            ],
            [
              -120.6578411,
              35.3032783
            ]
          ]
        ]
      },
      "id": "way/31274732"
    },
    {
      "type": "Feature",
      "properties": {
        "@id": "way/31560773",
        "addr:city": "San Luis Obispo",
        "addr:postcode": "93407",
        "addr:street": "Grand",
        "building": "university",
        "name": "Old Power House",
        "ref": "76",
        "amenity": "miscellaneous"
      },
      "geometry": {
        "type": "Polygon",
        "coordinates": [
          [
            [
              -120.6636243,
              35.2989329
            ],
            [
              -120.6634791,
              35.2989607
            ],
            [
              -120.6635035,
              35.2990455
            ],
            [
              -120.6633761,
              35.2990699
            ],
            [
              -120.6634011,
              35.2991568
            ],
            [
              -120.6635199,
              35.299134
            ],
            [
              -120.6635323,
              35.2991771
            ],
            [
              -120.6636861,
              35.2991476
            ],
            [
              -120.6636243,
              35.2989329
            ]
          ]
        ]
      },
      "id": "way/31560773"
    },
    {
      "type": "Feature",
      "properties": {
        "@id": "way/35152829",
        "addr:city": "San Luis Obispo",
        "addr:postcode": "93407",
        "addr:street": "Grand",
        "building": "university",
        "name": "Farm Shop",
        "ref": "9",
        "amenity": "agriculture"
      },
      "geometry": {
        "type": "Polygon",
        "coordinates": [
          [
            [
              -120.6626759,
              35.3046327
            ],
            [
              -120.6625398,
              35.3041561
            ],
            [
              -120.6619413,
              35.30427
            ],
            [
              -120.6620325,
              35.3045894
            ],
            [
              -120.6623675,
              35.3045257
            ],
            [
              -120.6623828,
              35.3045793
            ],
            [
              -120.6624454,
              35.3045673
            ],
            [
              -120.662475,
              35.3046709
            ],
            [
              -120.6626759,
              35.3046327
            ]
          ]
        ]
      },
      "id": "way/35152829"
    },
    {
      "type": "Feature",
      "properties": {
        "@id": "way/38899881",
        "addr:city": "San Luis Obispo",
        "addr:housenumber": "192",
        "addr:postcode": "93407",
        "addr:street": "Grand",
        "building": "university",
        "name": "Engineering IV",
        "ref": "192",
        "amenity": "engineering_building"
      },
      "geometry": {
        "type": "Polygon",
        "coordinates": [
          [
            [
              -120.665296,
              35.3024098
            ],
            [
              -120.6649912,
              35.302484
            ],
            [
              -120.6650408,
              35.3026541
            ],
            [
              -120.6649954,
              35.3026826
            ],
            [
              -120.6649476,
              35.3026508
            ],
            [
              -120.6647041,
              35.3028498
            ],
            [
              -120.6642452,
              35.3030839
            ],
            [
              -120.6642969,
              35.303166
            ],
            [
              -120.6642639,
              35.3031939
            ],
            [
              -120.6643328,
              35.3032576
            ],
            [
              -120.6642577,
              35.3033043
            ],
            [
              -120.6642884,
              35.3033317
            ],
            [
              -120.6643346,
              35.3033038
            ],
            [
              -120.664467,
              35.3034291
            ],
            [
              -120.6645809,
              35.3033067
            ],
            [
              -120.664566,
              35.3032856
            ],
            [
              -120.6650202,
              35.3029965
            ],
            [
              -120.6651123,
              35.3029402
            ],
            [
              -120.6651583,
              35.3029214
            ],
            [
              -120.6652364,
              35.3029151
            ],
            [
              -120.6653255,
              35.3028971
            ],
            [
              -120.6653186,
              35.3028632
            ],
            [
              -120.6654204,
              35.3028383
            ],
            [
              -120.665296,
              35.3024098
            ]
          ]
        ]
      },
      "id": "way/38899881"
    },
    {
      "type": "Feature",
      "properties": {
        "@id": "way/38899882",
        "addr:city": "San Luis Obispo",
        "addr:housenumber": "197",
        "addr:postcode": "93407",
        "addr:street": "Grand",
        "building": "university",
        "name": "Bonderson Projects Center",
        "ref": "197",
        "amenity": "academic"
      },
      "geometry": {
        "type": "Polygon",
        "coordinates": [
          [
            [
              -120.6644849,
              35.3023148
            ],
            [
              -120.6644348,
              35.3023245
            ],
            [
              -120.6644217,
              35.3022795
            ],
            [
              -120.6638899,
              35.3023824
            ],
            [
              -120.6639509,
              35.3025926
            ],
            [
              -120.6638504,
              35.3026121
            ],
            [
              -120.6638595,
              35.3026434
            ],
            [
              -120.6639453,
              35.3026268
            ],
            [
              -120.6639652,
              35.3026956
            ],
            [
              -120.6643644,
              35.3026184
            ],
            [
              -120.6643522,
              35.3025766
            ],
            [
              -120.6645499,
              35.3025384
            ],
            [
              -120.6644849,
              35.3023148
            ]
          ]
        ]
      },
      "id": "way/38899882"
    },
    {
      "type": "Feature",
      "properties": {
        "@id": "way/38899884",
        "addr:city": "San Luis Obispo",
        "addr:housenumber": "007",
        "addr:postcode": "93407",
        "addr:street": "Grand",
        "building": "university",
        "name": "Advanced Technologies Laboratory",
        "ref": "07",
        "amenity": "academic"
      },
      "geometry": {
        "type": "Polygon",
        "coordinates": [
          [
            [
              -120.6653666,
              35.3020302
            ],
            [
              -120.6652643,
              35.3020499
            ],
            [
              -120.6648134,
              35.3021371
            ],
            [
              -120.6648067,
              35.3021138
            ],
            [
              -120.6647201,
              35.3021306
            ],
            [
              -120.6647671,
              35.3022928
            ],
            [
              -120.664809,
              35.3022847
            ],
            [
              -120.6648324,
              35.3023654
            ],
            [
              -120.6654304,
              35.3022498
            ],
            [
              -120.665404,
              35.3021605
            ],
            [
              -120.6653693,
              35.3020417
            ],
            [
              -120.6653666,
              35.3020302
            ]
          ]
        ]
      },
      "id": "way/38899884"
    },
    {
      "type": "Feature",
      "properties": {
        "@id": "way/38939878",
        "addr:city": "San Luis Obispo",
        "addr:postcode": "93407",
        "addr:street": "Grand",
        "building": "university",
        "name": "Engineering South",
        "ref": "40",
        "amenity": "engineering_building"
      },
      "geometry": {
        "type": "Polygon",
        "coordinates": [
          [
            [
              -120.6611293,
              35.2992123
            ],
            [
              -120.6610919,
              35.2990758
            ],
            [
              -120.6610697,
              35.2990798
            ],
            [
              -120.6610574,
              35.2990348
            ],
            [
              -120.6605919,
              35.2991198
            ],
            [
              -120.660737,
              35.2996491
            ],
            [
              -120.6609338,
              35.2996131
            ],
            [
              -120.6608592,
              35.2993411
            ],
            [
              -120.6611386,
              35.2992901
            ],
            [
              -120.6611178,
              35.2992144
            ],
            [
              -120.6611293,
              35.2992123
            ]
          ]
        ]
      },
      "id": "way/38939878"
    },
    {
      "type": "Feature",
      "properties": {
        "@id": "way/38939879",
        "addr:city": "San Luis Obispo",
        "addr:postcode": "93407",
        "addr:street": "Grand",
        "building": "university",
        "name": "Graphic Arts",
        "ref": "26",
        "amenity": "computer_science"
      },
      "geometry": {
        "type": "Polygon",
        "coordinates": [
          [
            [
              -120.6621679,
              35.2995074
            ],
            [
              -120.6620457,
              35.2990672
            ],
            [
              -120.6619464,
              35.2990856
            ],
            [
              -120.6619414,
              35.2990674
            ],
            [
              -120.6619369,
              35.2990512
            ],
            [
              -120.6618263,
              35.2990716
            ],
            [
              -120.6618218,
              35.2990556
            ],
            [
              -120.6613326,
              35.2991462
            ],
            [
              -120.6614438,
              35.2995464
            ],
            [
              -120.6619244,
              35.2994575
            ],
            [
              -120.6619494,
              35.2995478
            ],
            [
              -120.6621679,
              35.2995074
            ]
          ]
        ]
      },
      "id": "way/38939879"
    },
    {
      "type": "Feature",
      "properties": {
        "@id": "way/38939880",
        "building": "university",
        "name": "Printing Press",
        "amenity": "academic"
      },
      "geometry": {
        "type": "Polygon",
        "coordinates": [
          [
            [
              -120.6612912,
              35.299267
            ],
            [
              -120.6611353,
              35.2992961
            ],
            [
              -120.6611964,
              35.2995144
            ],
            [
              -120.6613523,
              35.2994853
            ],
            [
              -120.6612912,
              35.299267
            ]
          ]
        ]
      },
      "id": "way/38939880"
    },
    {
      "type": "Feature",
      "properties": {
        "@id": "way/38939881",
        "addr:city": "San Luis Obispo",
        "addr:postcode": "93407",
        "addr:street": "Grand",
        "building": "university",
        "building:levels": "1",
        "name": "Engineering East",
        "ref": "20",
        "amenity": "engineering_building"
      },
      "geometry": {
        "type": "Polygon",
        "coordinates": [
          [
            [
              -120.6614679,
              35.2996938
            ],
            [
              -120.6610186,
              35.2999677
            ],
            [
              -120.66092,
              35.3000279
            ],
            [
              -120.6614038,
              35.3005631
            ],
            [
              -120.6617281,
              35.3009234
            ],
            [
              -120.6618371,
              35.3008626
            ],
            [
              -120.662196,
              35.3006456
            ],
            [
              -120.6621212,
              35.3005632
            ],
            [
              -120.6620464,
              35.3004808
            ],
            [
              -120.6619859,
              35.3005175
            ],
            [
              -120.6619507,
              35.300539
            ],
            [
              -120.6618953,
              35.3005728
            ],
            [
              -120.6617891,
              35.3006378
            ],
            [
              -120.6617788,
              35.3006269
            ],
            [
              -120.6617568,
              35.3006035
            ],
            [
              -120.661749,
              35.3005953
            ],
            [
              -120.6616871,
              35.3005281
            ],
            [
              -120.661791,
              35.3004646
            ],
            [
              -120.6620353,
              35.3003157
            ],
            [
              -120.661957,
              35.3002309
            ],
            [
              -120.6618885,
              35.3001568
            ],
            [
              -120.661551,
              35.3003661
            ],
            [
              -120.6612819,
              35.3000756
            ],
            [
              -120.6616207,
              35.299872
            ],
            [
              -120.6615315,
              35.299768
            ],
            [
              -120.6614679,
              35.2996938
            ]
          ]
        ]
      },
      "id": "way/38939881"
    },
    {
      "type": "Feature",
      "properties": {
        "@id": "way/38939882",
        "addr:city": "San Luis Obispo",
        "addr:postcode": "93407",
        "addr:street": "Grand",
        "building": "university",
        "name": "Bert and Candace Forbes Center for Excellence",
        "ref": "20A",
        "amenity": "academic"
      },
      "geometry": {
        "type": "Polygon",
        "coordinates": [
          [
            [
              -120.6615658,
              35.2999773
            ],
            [
              -120.6613808,
              35.3000917
            ],
            [
              -120.6615517,
              35.3002758
            ],
            [
              -120.6617367,
              35.3001614
            ],
            [
              -120.6615658,
              35.2999773
            ]
          ]
        ]
      },
      "id": "way/38939882"
    },
    {
      "type": "Feature",
      "properties": {
        "@id": "way/38939883",
        "addr:city": "San Luis Obispo",
        "addr:postcode": "93407",
        "addr:street": "Grand",
        "building": "university",
        "building:levels": "3",
        "name": "Frank E. Pilling Building",
        "ref": "14",
        "amenity": "academic"
      },
      "geometry": {
        "type": "Polygon",
        "coordinates": [
          [
            [
              -120.6623093,
              35.2997652
            ],
            [
              -120.6617888,
              35.2998634
            ],
            [
              -120.6618015,
              35.2999117
            ],
            [
              -120.6617103,
              35.2999314
            ],
            [
              -120.6617227,
              35.2999667
            ],
            [
              -120.6617669,
              35.2999626
            ],
            [
              -120.6617923,
              35.3000555
            ],
            [
              -120.6621161,
              35.300004
            ],
            [
              -120.662188,
              35.3003312
            ],
            [
              -120.662192,
              35.3003494
            ],
            [
              -120.6621046,
              35.3003728
            ],
            [
              -120.6621268,
              35.3004502
            ],
            [
              -120.6621631,
              35.3004418
            ],
            [
              -120.662184,
              35.3005202
            ],
            [
              -120.6625299,
              35.3004579
            ],
            [
              -120.6625097,
              35.3003809
            ],
            [
              -120.6624903,
              35.3003021
            ],
            [
              -120.6624246,
              35.3003153
            ],
            [
              -120.6624137,
              35.3002823
            ],
            [
              -120.6624064,
              35.3002578
            ],
            [
              -120.6623166,
              35.2999622
            ],
            [
              -120.6624158,
              35.2999409
            ],
            [
              -120.6623837,
              35.2998443
            ],
            [
              -120.6624395,
              35.2998335
            ],
            [
              -120.6624285,
              35.2997925
            ],
            [
              -120.6623326,
              35.2998146
            ],
            [
              -120.6623093,
              35.2997652
            ]
          ]
        ]
      },
      "id": "way/38939883"
    },
    {
      "type": "Feature",
      "properties": {
        "@id": "way/38939884",
        "addr:city": "San Luis Obispo",
        "addr:postcode": "93407",
        "addr:street": "Grand",
        "building": "university",
        "name": "Engineering West Addition",
        "ref": "13",
        "amenity": "engineering_building"
      },
      "geometry": {
        "type": "Polygon",
        "coordinates": [
          [
            [
              -120.6634899,
              35.2995546
            ],
            [
              -120.6631581,
              35.299614
            ],
            [
              -120.6631399,
              35.2996172
            ],
            [
              -120.6631238,
              35.2996201
            ],
            [
              -120.6626758,
              35.2997035
            ],
            [
              -120.6626689,
              35.2996675
            ],
            [
              -120.6625638,
              35.2996875
            ],
            [
              -120.662585,
              35.2997472
            ],
            [
              -120.6625569,
              35.2997527
            ],
            [
              -120.6626892,
              35.3002018
            ],
            [
              -120.6626947,
              35.3002208
            ],
            [
              -120.6627043,
              35.3002518
            ],
            [
              -120.6628692,
              35.3002212
            ],
            [
              -120.6628601,
              35.3001911
            ],
            [
              -120.6627545,
              35.2998329
            ],
            [
              -120.6632594,
              35.2997407
            ],
            [
              -120.6632739,
              35.2997886
            ],
            [
              -120.6634904,
              35.2997484
            ],
            [
              -120.6635092,
              35.2998183
            ],
            [
              -120.6634372,
              35.2998312
            ],
            [
              -120.6634403,
              35.2998426
            ],
            [
              -120.6633275,
              35.2998627
            ],
            [
              -120.6633627,
              35.2999824
            ],
            [
              -120.6635363,
              35.2999509
            ],
            [
              -120.6635592,
              35.3000363
            ],
            [
              -120.6637054,
              35.3000102
            ],
            [
              -120.6637022,
              35.2999982
            ],
            [
              -120.6639125,
              35.2999606
            ],
            [
              -120.6638782,
              35.2998329
            ],
            [
              -120.6637937,
              35.299851
            ],
            [
              -120.6638018,
              35.2998876
            ],
            [
              -120.6636739,
              35.2999085
            ],
            [
              -120.6635873,
              35.2996258
            ],
            [
              -120.663811,
              35.2995861
            ],
            [
              -120.6637722,
              35.299434
            ],
            [
              -120.6636057,
              35.2994682
            ],
            [
              -120.6636172,
              35.2994935
            ],
            [
              -120.6634838,
              35.2995183
            ],
            [
              -120.6634899,
              35.2995546
            ]
          ]
        ]
      },
      "id": "way/38939884"
    },
    {
      "type": "Feature",
      "properties": {
        "@id": "way/38939886",
        "addr:city": "San Luis Obispo",
        "addr:housenumber": "21",
        "addr:postcode": "93407",
        "addr:state": "CA",
        "addr:street": "North Poly View Drive",
        "building": "university",
        "building:levels": "2",
        "email": "arce@calpoly.edu",
        "fax": "+1 805-756-6054",
        "name": "Engineering West: Architectural Engineering",
        "phone": "+1 805-756-1314",
        "university-function": "academic school or college",
        "website": "https://arce.calpoly.edu/",
        "amenity": "engineering_building",
        "ref": "13"
      },
      "geometry": {
        "type": "Polygon",
        "coordinates": [
          [
            [
              -120.6631677,
              35.3001646
            ],
            [
              -120.6631037,
              35.3001764
            ],
            [
              -120.6630905,
              35.3001282
            ],
            [
              -120.6630113,
              35.3001452
            ],
            [
              -120.6630251,
              35.3001913
            ],
            [
              -120.6628692,
              35.3002212
            ],
            [
              -120.6627043,
              35.3002518
            ],
            [
              -120.6626388,
              35.3002663
            ],
            [
              -120.6626858,
              35.3004304
            ],
            [
              -120.6632192,
              35.300336
            ],
            [
              -120.6631873,
              35.3002328
            ],
            [
              -120.6631836,
              35.3002179
            ],
            [
              -120.6631785,
              35.3002026
            ],
            [
              -120.6631677,
              35.3001646
            ]
          ]
        ]
      },
      "id": "way/38939886"
    },
    {
      "type": "Feature",
      "properties": {
        "@id": "way/38939888",
        "addr:city": "San Luis Obispo",
        "addr:housenumber": "34",
        "addr:postcode": "93407",
        "addr:street": "Grand",
        "building": "university",
        "name": "Walter F. Dexter Building",
        "ref": "34",
        "amenity": "academic"
      },
      "geometry": {
        "type": "Polygon",
        "coordinates": [
          [
            [
              -120.6629305,
              35.301106
            ],
            [
              -120.662945,
              35.3011603
            ],
            [
              -120.6629142,
              35.3011681
            ],
            [
              -120.6629262,
              35.3012122
            ],
            [
              -120.6629554,
              35.3012091
            ],
            [
              -120.6630197,
              35.3014468
            ],
            [
              -120.6640005,
              35.3012698
            ],
            [
              -120.6639602,
              35.3011016
            ],
            [
              -120.6640654,
              35.3010817
            ],
            [
              -120.6640343,
              35.3009581
            ],
            [
              -120.6640109,
              35.3009624
            ],
            [
              -120.6639649,
              35.3007613
            ],
            [
              -120.6638479,
              35.3007786
            ],
            [
              -120.6638527,
              35.3007958
            ],
            [
              -120.6635505,
              35.3008521
            ],
            [
              -120.6635438,
              35.3008281
            ],
            [
              -120.6634835,
              35.3008393
            ],
            [
              -120.6634139,
              35.3008522
            ],
            [
              -120.6633885,
              35.3007651
            ],
            [
              -120.6632456,
              35.3007906
            ],
            [
              -120.6632979,
              35.3009858
            ],
            [
              -120.6633154,
              35.3010457
            ],
            [
              -120.6631417,
              35.3010776
            ],
            [
              -120.6631387,
              35.3010672
            ],
            [
              -120.6629305,
              35.301106
            ]
          ]
        ]
      },
      "id": "way/38939888"
    },
    {
      "type": "Feature",
      "properties": {
        "@id": "way/45599071",
        "addr:city": "San Luis Obispo",
        "addr:postcode": "93407",
        "addr:street": "Grand",
        "building": "university",
        "building:levels": "2",
        "name": "Davidson Music Center",
        "official_name": "H. P. Davidson Music Center",
        "ref": "45",
        "amenity": "performing_arts"
      },
      "geometry": {
        "type": "Polygon",
        "coordinates": [
          [
            [
              -120.6578997,
              35.2994835
            ],
            [
              -120.6578176,
              35.2995231
            ],
            [
              -120.6578798,
              35.299609
            ],
            [
              -120.6578568,
              35.2996201
            ],
            [
              -120.657896,
              35.2996743
            ],
            [
              -120.6580093,
              35.2996197
            ],
            [
              -120.6581322,
              35.2995605
            ],
            [
              -120.6583028,
              35.2994782
            ],
            [
              -120.657965,
              35.2990116
            ],
            [
              -120.6578659,
              35.2990594
            ],
            [
              -120.6578373,
              35.2990198
            ],
            [
              -120.6577507,
              35.2990616
            ],
            [
              -120.6577777,
              35.2990989
            ],
            [
              -120.6576618,
              35.2991548
            ],
            [
              -120.6578997,
              35.2994835
            ]
          ]
        ]
      },
      "id": "way/45599071"
    },
    {
      "type": "Feature",
      "properties": {
        "@id": "way/45599074",
        "addr:city": "San Luis Obispo",
        "addr:postcode": "93407",
        "addr:street": "Grand",
        "building": "university",
        "name": "Robert E. Mott Physical Education",
        "ref": "42",
        "amenity": "recreation"
      },
      "geometry": {
        "type": "Polygon",
        "coordinates": [
          [
            [
              -120.6585142,
              35.2992021
            ],
            [
              -120.6589459,
              35.298995
            ],
            [
              -120.6589789,
              35.2990415
            ],
            [
              -120.6591717,
              35.2989503
            ],
            [
              -120.6591333,
              35.2988963
            ],
            [
              -120.6594094,
              35.2987656
            ],
            [
              -120.6591123,
              35.2983472
            ],
            [
              -120.6588295,
              35.298481
            ],
            [
              -120.658811,
              35.298455
            ],
            [
              -120.6583848,
              35.2986567
            ],
            [
              -120.658404,
              35.2986837
            ],
            [
              -120.6582095,
              35.2987757
            ],
            [
              -120.6585142,
              35.2992021
            ]
          ]
        ]
      },
      "id": "way/45599074"
    },
    {
      "type": "Feature",
      "properties": {
        "@id": "way/45599075",
        "addr:city": "San Luis Obispo",
        "addr:postcode": "93407",
        "addr:street": "Grand",
        "building": "dormitory",
        "name": "113A Sierra Madre Hall: Tower 0",
        "amenity": "dormitory",
        "ref": "113"
      },
      "geometry": {
        "type": "Polygon",
        "coordinates": [
          [
            [
              -120.6550425,
              35.2992363
            ],
            [
              -120.6550535,
              35.2992615
            ],
            [
              -120.6552732,
              35.2991972
            ],
            [
              -120.6552621,
              35.2991718
            ],
            [
              -120.6553367,
              35.2991499
            ],
            [
              -120.6553131,
              35.299096
            ],
            [
              -120.6552704,
              35.2991085
            ],
            [
              -120.6552477,
              35.2990567
            ],
            [
              -120.6552139,
              35.2990666
            ],
            [
              -120.6552025,
              35.2990407
            ],
            [
              -120.6549851,
              35.2991042
            ],
            [
              -120.6549969,
              35.2991311
            ],
            [
              -120.6549226,
              35.2991528
            ],
            [
              -120.6549459,
              35.299206
            ],
            [
              -120.6549886,
              35.2991935
            ],
            [
              -120.6550114,
              35.2992454
            ],
            [
              -120.6550425,
              35.2992363
            ]
          ]
        ]
      },
      "id": "way/45599075"
    },
    {
      "type": "Feature",
      "properties": {
        "@id": "way/45599078",
        "addr:city": "San Luis Obispo",
        "addr:postcode": "93407",
        "addr:street": "Grand",
        "building": "dormitory",
        "name": "113C Sierra Madre Hall: Tower 2",
        "smoking": "no",
        "wheelchair": "no",
        "amenity": "dormitory",
        "ref": "113"
      },
      "geometry": {
        "type": "Polygon",
        "coordinates": [
          [
            [
              -120.6547369,
              35.2993086
            ],
            [
              -120.65472,
              35.2992694
            ],
            [
              -120.6547834,
              35.2992512
            ],
            [
              -120.6547722,
              35.2992252
            ],
            [
              -120.6548044,
              35.299216
            ],
            [
              -120.6547281,
              35.2990391
            ],
            [
              -120.6546959,
              35.2990483
            ],
            [
              -120.6546696,
              35.2989872
            ],
            [
              -120.6546037,
              35.2990061
            ],
            [
              -120.6546182,
              35.2990399
            ],
            [
              -120.6545555,
              35.2990579
            ],
            [
              -120.6545681,
              35.2990872
            ],
            [
              -120.6545364,
              35.2990963
            ],
            [
              -120.654614,
              35.2992764
            ],
            [
              -120.6546474,
              35.2992668
            ],
            [
              -120.6546732,
              35.2993268
            ],
            [
              -120.6547369,
              35.2993086
            ]
          ]
        ]
      },
      "id": "way/45599078"
    },
    {
      "type": "Feature",
      "properties": {
        "@id": "way/45600366",
        "building": "yes",
        "university-function": "academic school or college"
      },
      "geometry": {
        "type": "Polygon",
        "coordinates": [
          [
            [
              -120.6634198,
              35.3038669
            ],
            [
              -120.6633643,
              35.3036583
            ],
            [
              -120.6632922,
              35.3036678
            ],
            [
              -120.6633495,
              35.3038779
            ],
            [
              -120.6634198,
              35.3038669
            ]
          ]
        ]
      },
      "id": "way/45600366"
    },
    {
      "type": "Feature",
      "properties": {
        "@id": "way/45600370",
        "addr:city": "San Luis Obispo",
        "addr:housenumber": "21",
        "addr:postcode": "93407-0283",
        "addr:state": "CA",
        "addr:street": "North Poly View Drive",
        "building": "university",
        "building:levels": "2",
        "description": "Home of the glorious and world-renowned City and Regional Planning department under the College of Architecture and Environmental Design in Cal Poly.",
        "email": "crp@calpoly.edu",
        "fax": "+1 805-756-1340",
        "name": "Engineering West: City and Regional Planning",
        "phone": "+1 805-756-1315",
        "university-function": "academic school or college",
        "website": "https://planning.calpoly.edu/",
        "wheelchair": "yes",
        "amenity": "engineering_building",
        "ref": "13"
      },
      "geometry": {
        "type": "Polygon",
        "coordinates": [
          [
            [
              -120.6638778,
              35.3002101
            ],
            [
              -120.6638519,
              35.3001085
            ],
            [
              -120.6638977,
              35.3000994
            ],
            [
              -120.6638759,
              35.3000274
            ],
            [
              -120.6632938,
              35.3001302
            ],
            [
              -120.6633064,
              35.3001767
            ],
            [
              -120.6633115,
              35.3001927
            ],
            [
              -120.6633162,
              35.3002085
            ],
            [
              -120.6633464,
              35.3003067
            ],
            [
              -120.6638778,
              35.3002101
            ]
          ]
        ]
      },
      "id": "way/45600370"
    },
    {
      "type": "Feature",
      "properties": {
        "@id": "way/45600372",
        "building": "yes"
      },
      "geometry": {
        "type": "Polygon",
        "coordinates": [
          [
            [
              -120.6633568,
              35.3000745
            ],
            [
              -120.663281,
              35.2997915
            ],
            [
              -120.6632706,
              35.2997916
            ],
            [
              -120.663262,
              35.2997653
            ],
            [
              -120.6632006,
              35.2997791
            ],
            [
              -120.6632796,
              35.3000874
            ],
            [
              -120.6633568,
              35.3000745
            ]
          ]
        ]
      },
      "id": "way/45600372"
    },
    {
      "type": "Feature",
      "properties": {
        "@id": "way/45600373",
        "addr:city": "San Luis Obispo",
        "addr:postcode": "93407",
        "addr:street": "Grand",
        "building": "university",
        "leisure": "sports_hall",
        "name": "Crandall Gymnasium",
        "ref": "46",
        "amenity": "recreation"
      },
      "geometry": {
        "type": "Polygon",
        "coordinates": [
          [
            [
              -120.6643854,
              35.2996253
            ],
            [
              -120.6643698,
              35.2995674
            ],
            [
              -120.6643246,
              35.2994
            ],
            [
              -120.6644105,
              35.2993846
            ],
            [
              -120.6643975,
              35.2993362
            ],
            [
              -120.6642247,
              35.2993671
            ],
            [
              -120.663925,
              35.299421
            ],
            [
              -120.6639328,
              35.29945
            ],
            [
              -120.6639197,
              35.2994524
            ],
            [
              -120.6639697,
              35.299638
            ],
            [
              -120.6639844,
              35.2996353
            ],
            [
              -120.6640003,
              35.2996945
            ],
            [
              -120.6643854,
              35.2996253
            ]
          ]
        ]
      },
      "id": "way/45600373"
    },
    {
      "type": "Feature",
      "properties": {
        "@id": "way/45600382",
        "addr:city": "San Luis Obispo",
        "addr:postcode": "93407",
        "addr:street": "Grand",
        "building": "university",
        "name": "Aero Hanger",
        "ref": "04A",
        "amenity": "academic"
      },
      "geometry": {
        "type": "Polygon",
        "coordinates": [
          [
            [
              -120.6649723,
              35.3056017
            ],
            [
              -120.6646467,
              35.3053751
            ],
            [
              -120.6644248,
              35.3055899
            ],
            [
              -120.6647461,
              35.3058122
            ],
            [
              -120.6649723,
              35.3056017
            ]
          ]
        ]
      },
      "id": "way/45600382"
    },
    {
      "type": "Feature",
      "properties": {
        "@id": "way/45600383",
        "building": "yes",
        "name": "04E- Aero Hazardous Material Storage"
      },
      "geometry": {
        "type": "Polygon",
        "coordinates": [
          [
            [
              -120.6653255,
              35.3055719
            ],
            [
              -120.6653685,
              35.3055399
            ],
            [
              -120.6653285,
              35.3055089
            ],
            [
              -120.6652844,
              35.30554
            ],
            [
              -120.6653255,
              35.3055719
            ]
          ]
        ]
      },
      "id": "way/45600383"
    },
    {
      "type": "Feature",
      "properties": {
        "@id": "way/45600385",
        "building": "university",
        "name": "Research Development Center",
        "ref": "4",
        "amenity": "academic"
      },
      "geometry": {
        "type": "Polygon",
        "coordinates": [
          [
            [
              -120.6652027,
              35.3053703
            ],
            [
              -120.6648875,
              35.3051498
            ],
            [
              -120.6646699,
              35.305357
            ],
            [
              -120.6649851,
              35.3055775
            ],
            [
              -120.6652027,
              35.3053703
            ]
          ]
        ]
      },
      "id": "way/45600385"
    },
    {
      "type": "Feature",
      "properties": {
        "@id": "way/45600386",
        "building": "yes",
        "name": "Public Safety Lab",
        "ref": "04C",
        "amenity": "police"
      },
      "geometry": {
        "type": "Polygon",
        "coordinates": [
          [
            [
              -120.664418,
              35.3054287
            ],
            [
              -120.664483,
              35.3054728
            ],
            [
              -120.6645663,
              35.3053911
            ],
            [
              -120.6645016,
              35.3053471
            ],
            [
              -120.6644807,
              35.3053676
            ],
            [
              -120.6644498,
              35.3053466
            ],
            [
              -120.664419,
              35.3053768
            ],
            [
              -120.6644497,
              35.3053976
            ],
            [
              -120.664418,
              35.3054287
            ]
          ]
        ]
      },
      "id": "way/45600386"
    },
    {
      "type": "Feature",
      "properties": {
        "@id": "way/45600387",
        "building": "yes",
        "name": "Aero Storage",
        "ref": "04R"
      },
      "geometry": {
        "type": "Polygon",
        "coordinates": [
          [
            [
              -120.6644156,
              35.3055798
            ],
            [
              -120.664483,
              35.3055117
            ],
            [
              -120.6644546,
              35.305493
            ],
            [
              -120.6644687,
              35.3054788
            ],
            [
              -120.6644158,
              35.3054439
            ],
            [
              -120.6643879,
              35.3054721
            ],
            [
              -120.6643532,
              35.3054492
            ],
            [
              -120.6642996,
              35.3055033
            ],
            [
              -120.6644156,
              35.3055798
            ]
          ]
        ]
      },
      "id": "way/45600387"
    },
    {
      "type": "Feature",
      "properties": {
        "@id": "way/45600389",
        "addr:city": "San Luis Obispo",
        "addr:postcode": "93407",
        "addr:street": "Grand",
        "building": "university",
        "building:levels": "2",
        "building:use": "education",
        "name": "Mathematics and Science (38)",
        "amenity": "science_building",
        "ref": "38"
      },
      "geometry": {
        "type": "Polygon",
        "coordinates": [
          [
            [
              -120.6623078,
              35.3022128
            ],
            [
              -120.6624172,
              35.3021905
            ],
            [
              -120.6625321,
              35.3021673
            ],
            [
              -120.6625254,
              35.3021402
            ],
            [
              -120.6625932,
              35.3021258
            ],
            [
              -120.6625655,
              35.3020104
            ],
            [
              -120.6624949,
              35.3020225
            ],
            [
              -120.662336,
              35.3014583
            ],
            [
              -120.6623182,
              35.3013984
            ],
            [
              -120.6622561,
              35.3014105
            ],
            [
              -120.6621807,
              35.3011525
            ],
            [
              -120.6624708,
              35.3009773
            ],
            [
              -120.6624231,
              35.3009215
            ],
            [
              -120.6623718,
              35.3008595
            ],
            [
              -120.6618236,
              35.3011959
            ],
            [
              -120.6618758,
              35.3012558
            ],
            [
              -120.6619231,
              35.3013128
            ],
            [
              -120.6620898,
              35.3012119
            ],
            [
              -120.6621497,
              35.3014325
            ],
            [
              -120.6620926,
              35.3014445
            ],
            [
              -120.6621155,
              35.3015186
            ],
            [
              -120.6623078,
              35.3022128
            ]
          ]
        ]
      },
      "id": "way/45600389"
    },
    {
      "type": "Feature",
      "properties": {
        "@id": "way/45600390",
        "addr:city": "San Luis Obispo",
        "addr:housenumber": "10",
        "addr:postcode": "93407",
        "addr:street": "Grand",
        "building": "university",
        "name": "Alan A. Erhart Agriculture",
        "university-function": "academic school or college",
        "amenity": "agriculture",
        "ref": "10"
      },
      "geometry": {
        "type": "Polygon",
        "coordinates": [
          [
            [
              -120.6617225,
              35.3024253
            ],
            [
              -120.6617011,
              35.3023327
            ],
            [
              -120.6614743,
              35.3015514
            ],
            [
              -120.6614015,
              35.3015671
            ],
            [
              -120.6613694,
              35.3015737
            ],
            [
              -120.6613014,
              35.3015874
            ],
            [
              -120.6614973,
              35.302286
            ],
            [
              -120.6610945,
              35.3023585
            ],
            [
              -120.661138,
              35.3025427
            ],
            [
              -120.6617225,
              35.3024253
            ]
          ]
        ]
      },
      "id": "way/45600390"
    },
    {
      "type": "Feature",
      "properties": {
        "@id": "way/45600391",
        "addr:city": "San Luis Obispo",
        "addr:postcode": "93407",
        "addr:street": "Grand",
        "building": "dormitory",
        "building:levels": "3",
        "name": "105 Trinity Hall",
        "ref": "105",
        "smoking": "no",
        "amenity": "dormitory"
      },
      "geometry": {
        "type": "Polygon",
        "coordinates": [
          [
            [
              -120.6574407,
              35.302219
            ],
            [
              -120.6572551,
              35.301871
            ],
            [
              -120.6574022,
              35.3018187
            ],
            [
              -120.6573605,
              35.3017406
            ],
            [
              -120.6572619,
              35.3017756
            ],
            [
              -120.6572518,
              35.3017567
            ],
            [
              -120.6570676,
              35.3014112
            ],
            [
              -120.6569887,
              35.3014392
            ],
            [
              -120.657001,
              35.3014624
            ],
            [
              -120.6569537,
              35.3014792
            ],
            [
              -120.6571024,
              35.301758
            ],
            [
              -120.6569017,
              35.3018292
            ],
            [
              -120.6569766,
              35.3019696
            ],
            [
              -120.6570707,
              35.3019362
            ],
            [
              -120.6570523,
              35.3019017
            ],
            [
              -120.6571107,
              35.3018809
            ],
            [
              -120.6573006,
              35.3022369
            ],
            [
              -120.6573491,
              35.3022196
            ],
            [
              -120.6573634,
              35.3022464
            ],
            [
              -120.6574407,
              35.302219
            ]
          ]
        ]
      },
      "id": "way/45600391"
    },
    {
      "type": "Feature",
      "properties": {
        "@id": "way/45600392",
        "addr:city": "San Luis Obispo",
        "addr:postcode": "93407",
        "addr:street": "Grand",
        "building": "dormitory",
        "building:levels": "3",
        "name": "108 Sequoia Hall",
        "ref": "108",
        "smoking": "no",
        "amenity": "dormitory"
      },
      "geometry": {
        "type": "Polygon",
        "coordinates": [
          [
            [
              -120.6576809,
              35.3010453
            ],
            [
              -120.6577007,
              35.3010674
            ],
            [
              -120.6577714,
              35.3010252
            ],
            [
              -120.6574981,
              35.3007216
            ],
            [
              -120.6576276,
              35.3006403
            ],
            [
              -120.6575705,
              35.3005783
            ],
            [
              -120.6574782,
              35.3006292
            ],
            [
              -120.6574681,
              35.3006175
            ],
            [
              -120.6571844,
              35.300301
            ],
            [
              -120.6571146,
              35.3003427
            ],
            [
              -120.6571347,
              35.3003652
            ],
            [
              -120.6570931,
              35.30039
            ],
            [
              -120.6573682,
              35.300697
            ],
            [
              -120.6572805,
              35.3007493
            ],
            [
              -120.657236,
              35.3006996
            ],
            [
              -120.6571483,
              35.3007519
            ],
            [
              -120.6571974,
              35.3008033
            ],
            [
              -120.6572511,
              35.3008666
            ],
            [
              -120.6573178,
              35.3008269
            ],
            [
              -120.6573332,
              35.3008177
            ],
            [
              -120.6573046,
              35.3007858
            ],
            [
              -120.6573211,
              35.3007759
            ],
            [
              -120.6573553,
              35.3007555
            ],
            [
              -120.657638,
              35.301071
            ],
            [
              -120.6576809,
              35.3010453
            ]
          ]
        ]
      },
      "id": "way/45600392"
    },
    {
      "type": "Feature",
      "properties": {
        "@id": "way/45600394",
        "addr:city": "San Luis Obispo",
        "addr:postcode": "93407",
        "addr:street": "Grand",
        "building": "university",
        "building:levels": "1",
        "name": "1901 Dining Complex",
        "ref": "19",
        "amenity": "dining"
      },
      "geometry": {
        "type": "Polygon",
        "coordinates": [
          [
            [
              -120.659673,
              35.2998671
            ],
            [
              -120.6601424,
              35.2997595
            ],
            [
              -120.6601222,
              35.2996897
            ],
            [
              -120.6602319,
              35.2996657
            ],
            [
              -120.6601292,
              35.2993615
            ],
            [
              -120.6601768,
              35.2993518
            ],
            [
              -120.6601472,
              35.2992609
            ],
            [
              -120.6600976,
              35.2992718
            ],
            [
              -120.6601019,
              35.2992868
            ],
            [
              -120.6598004,
              35.2993578
            ],
            [
              -120.6598082,
              35.2993761
            ],
            [
              -120.6595294,
              35.2994407
            ],
            [
              -120.6595047,
              35.2993814
            ],
            [
              -120.659162,
              35.2994583
            ],
            [
              -120.6591694,
              35.2994851
            ],
            [
              -120.6591101,
              35.2995009
            ],
            [
              -120.6591207,
              35.2995779
            ],
            [
              -120.6591474,
              35.2996433
            ],
            [
              -120.6591793,
              35.2996881
            ],
            [
              -120.6592422,
              35.2996734
            ],
            [
              -120.6592523,
              35.2996999
            ],
            [
              -120.6594529,
              35.2996553
            ],
            [
              -120.6594729,
              35.2997235
            ],
            [
              -120.6594418,
              35.2997322
            ],
            [
              -120.6594528,
              35.2997677
            ],
            [
              -120.6595727,
              35.2997949
            ],
            [
              -120.6596187,
              35.2998403
            ],
            [
              -120.6596637,
              35.2998328
            ],
            [
              -120.659673,
              35.2998671
            ]
          ]
        ]
      },
      "id": "way/45600394"
    },
    {
      "type": "Feature",
      "properties": {
        "@id": "way/45600395",
        "addr:city": "San Luis Obispo",
        "addr:postcode": "93407",
        "addr:street": "Grand",
        "amenity": "theatre",
        "building": "university",
        "building:levels": "2",
        "building:levels:underground": "1",
        "name": "Spanos Theatre",
        "official_name": "Alex and Faye Spanos Theater",
        "ref": "44",
        "start_date": "1960",
        "website": "https://spanostheatre.calpoly.edu/"
      },
      "geometry": {
        "type": "Polygon",
        "coordinates": [
          [
            [
              -120.657896,
              35.2996743
            ],
            [
              -120.6578568,
              35.2996201
            ],
            [
              -120.6578798,
              35.299609
            ],
            [
              -120.6578176,
              35.2995231
            ],
            [
              -120.6577381,
              35.2995614
            ],
            [
              -120.6575617,
              35.2996465
            ],
            [
              -120.6576239,
              35.2997324
            ],
            [
              -120.6576511,
              35.2997193
            ],
            [
              -120.657699,
              35.2997855
            ],
            [
              -120.6577416,
              35.2998444
            ],
            [
              -120.6578228,
              35.2999566
            ],
            [
              -120.6580286,
              35.2998574
            ],
            [
              -120.657896,
              35.2996743
            ]
          ]
        ]
      },
      "id": "way/45600395"
    },
    {
      "type": "Feature",
      "properties": {
        "@id": "way/45600396",
        "building": "university"
      },
      "geometry": {
        "type": "Polygon",
        "coordinates": [
          [
            [
              -120.6598268,
              35.30453
            ],
            [
              -120.6598138,
              35.3043598
            ],
            [
              -120.6595322,
              35.3043742
            ],
            [
              -120.6595328,
              35.3043816
            ],
            [
              -120.6594087,
              35.3043879
            ],
            [
              -120.6594199,
              35.304486
            ],
            [
              -120.6594606,
              35.3045132
            ],
            [
              -120.6595464,
              35.3045099
            ],
            [
              -120.6595552,
              35.3045458
            ],
            [
              -120.6598268,
              35.30453
            ]
          ]
        ]
      },
      "id": "way/45600396"
    },
    {
      "type": "Feature",
      "properties": {
        "@id": "way/45600397",
        "addr:city": "San Luis Obispo",
        "addr:postcode": "93407",
        "addr:street": "Grand",
        "building": "university",
        "name": "Transportation Services",
        "ref": "71",
        "amenity": "academic"
      },
      "geometry": {
        "type": "Polygon",
        "coordinates": [
          [
            [
              -120.6588169,
              35.3042597
            ],
            [
              -120.6587803,
              35.3038676
            ],
            [
              -120.6586396,
              35.3038763
            ],
            [
              -120.6586468,
              35.3039538
            ],
            [
              -120.6585989,
              35.3039568
            ],
            [
              -120.6586138,
              35.3041163
            ],
            [
              -120.6586631,
              35.3041133
            ],
            [
              -120.6586776,
              35.3042684
            ],
            [
              -120.6588169,
              35.3042597
            ]
          ]
        ]
      },
      "id": "way/45600397"
    },
    {
      "type": "Feature",
      "properties": {
        "@id": "way/45600398",
        "addr:city": "San Luis Obispo",
        "addr:housenumber": "8A",
        "addr:postcode": "93407",
        "addr:street": "Grand",
        "building": "university",
        "description": "By Cal Poly Irrigation Training and Research",
        "name": "Bioresource and Agricultural Engineering",
        "ref": "8",
        "amenity": "engineering_building"
      },
      "geometry": {
        "type": "Polygon",
        "coordinates": [
          [
            [
              -120.6625824,
              35.30401
            ],
            [
              -120.6622688,
              35.302892
            ],
            [
              -120.6620173,
              35.3029393
            ],
            [
              -120.6623306,
              35.3040602
            ],
            [
              -120.6625824,
              35.30401
            ]
          ]
        ]
      },
      "id": "way/45600398"
    },
    {
      "type": "Feature",
      "properties": {
        "@id": "way/45600400",
        "addr:city": "San Luis Obispo",
        "addr:postcode": "93407",
        "addr:street": "Grand",
        "building": "university",
        "name": "Facility Services/Receiving Warehouse",
        "ref": "70",
        "amenity": "academic"
      },
      "geometry": {
        "type": "Polygon",
        "coordinates": [
          [
            [
              -120.6598037,
              35.3042617
            ],
            [
              -120.6597931,
              35.3041496
            ],
            [
              -120.6598222,
              35.3041477
            ],
            [
              -120.6598063,
              35.3039794
            ],
            [
              -120.6597768,
              35.3039812
            ],
            [
              -120.6597618,
              35.3038224
            ],
            [
              -120.6597913,
              35.3038205
            ],
            [
              -120.6597752,
              35.3036502
            ],
            [
              -120.6597466,
              35.303652
            ],
            [
              -120.6597319,
              35.303496
            ],
            [
              -120.6594542,
              35.3035135
            ],
            [
              -120.6594809,
              35.3037963
            ],
            [
              -120.6594273,
              35.3037996
            ],
            [
              -120.6594368,
              35.3039
            ],
            [
              -120.6594918,
              35.3038965
            ],
            [
              -120.6595279,
              35.304279
            ],
            [
              -120.6598037,
              35.3042617
            ]
          ]
        ]
      },
      "id": "way/45600400"
    },
    {
      "type": "Feature",
      "properties": {
        "@id": "way/45600401",
        "addr:city": "San Luis Obispo",
        "addr:postcode": "93407",
        "addr:street": "Grand",
        "building": "university",
        "name": "Housing Warehouse/Risk Management",
        "ref": "80",
        "amenity": "academic"
      },
      "geometry": {
        "type": "Polygon",
        "coordinates": [
          [
            [
              -120.6609335,
              35.3036847
            ],
            [
              -120.6609135,
              35.3034729
            ],
            [
              -120.6608466,
              35.3034771
            ],
            [
              -120.6608401,
              35.3034086
            ],
            [
              -120.6606665,
              35.3034195
            ],
            [
              -120.660693,
              35.3036998
            ],
            [
              -120.6609335,
              35.3036847
            ]
          ]
        ]
      },
      "id": "way/45600401"
    },
    {
      "type": "Feature",
      "properties": {
        "@id": "way/45600403",
        "addr:city": "San Luis Obispo",
        "addr:postcode": "93407",
        "addr:street": "Grand",
        "building": "university",
        "name": "Corporation Administration",
        "ref": "1",
        "amenity": "administrative"
      },
      "geometry": {
        "type": "Polygon",
        "coordinates": [
          [
            [
              -120.6601449,
              35.3033324
            ],
            [
              -120.660655,
              35.3032988
            ],
            [
              -120.6606505,
              35.3032125
            ],
            [
              -120.6603867,
              35.3032303
            ],
            [
              -120.6603473,
              35.3030965
            ],
            [
              -120.6605614,
              35.3030553
            ],
            [
              -120.6605343,
              35.3029579
            ],
            [
              -120.6604532,
              35.3029742
            ],
            [
              -120.6604561,
              35.3029884
            ],
            [
              -120.6602251,
              35.303033
            ],
            [
              -120.6602071,
              35.3030337
            ],
            [
              -120.6602052,
              35.3029933
            ],
            [
              -120.6601525,
              35.3029945
            ],
            [
              -120.6601535,
              35.3030242
            ],
            [
              -120.6601138,
              35.3030254
            ],
            [
              -120.660115,
              35.3030468
            ],
            [
              -120.6600994,
              35.3030474
            ],
            [
              -120.660124,
              35.3033051
            ],
            [
              -120.6601426,
              35.3033034
            ],
            [
              -120.6601449,
              35.3033324
            ]
          ]
        ]
      },
      "id": "way/45600403"
    },
    {
      "type": "Feature",
      "properties": {
        "@id": "way/45600405",
        "addr:city": "San Luis Obispo",
        "amenity": "engineering_building",
        "building": "university",
        "description": "BRAE Department",
        "name": "Bioresource and Agricultural Engineering",
        "ref": "8",
        "wheelchair": "yes"
      },
      "geometry": {
        "type": "Polygon",
        "coordinates": [
          [
            [
              -120.6617827,
              35.3031881
            ],
            [
              -120.6617486,
              35.3030743
            ],
            [
              -120.6618314,
              35.3030535
            ],
            [
              -120.6617995,
              35.302939
            ],
            [
              -120.6614779,
              35.3029978
            ],
            [
              -120.6614958,
              35.3030654
            ],
            [
              -120.6614041,
              35.3030817
            ],
            [
              -120.661451,
              35.3032509
            ],
            [
              -120.6617827,
              35.3031881
            ]
          ]
        ]
      },
      "id": "way/45600405"
    },
    {
      "type": "Feature",
      "properties": {
        "@id": "way/45600406",
        "building": "yes",
        "name": "Emergency Operations Center",
        "ref": "76"
      },
      "geometry": {
        "type": "Polygon",
        "coordinates": [
          [
            [
              -120.6609911,
              35.3029851
            ],
            [
              -120.6609618,
              35.3028865
            ],
            [
              -120.6607733,
              35.3029239
            ],
            [
              -120.6608026,
              35.3030224
            ],
            [
              -120.6609911,
              35.3029851
            ]
          ]
        ]
      },
      "id": "way/45600406"
    },
    {
      "type": "Feature",
      "properties": {
        "@id": "way/45600407",
        "addr:city": "San Luis Obispo",
        "addr:housenumber": "22",
        "addr:postcode": "93407",
        "addr:street": "Grand",
        "building": "university",
        "name": "English",
        "university-function": "academic school or college",
        "amenity": "academic",
        "ref": "22"
      },
      "geometry": {
        "type": "Polygon",
        "coordinates": [
          [
            [
              -120.6609408,
              35.3025745
            ],
            [
              -120.6610141,
              35.3025607
            ],
            [
              -120.6610172,
              35.3025687
            ],
            [
              -120.6610532,
              35.3025613
            ],
            [
              -120.661138,
              35.3025427
            ],
            [
              -120.6610945,
              35.3023585
            ],
            [
              -120.6610834,
              35.3023615
            ],
            [
              -120.661067,
              35.3023678
            ],
            [
              -120.6609681,
              35.3020269
            ],
            [
              -120.6608694,
              35.3020456
            ],
            [
              -120.6607964,
              35.3020595
            ],
            [
              -120.660886,
              35.3023735
            ],
            [
              -120.6609408,
              35.3025745
            ]
          ]
        ]
      },
      "id": "way/45600407"
    },
    {
      "type": "Feature",
      "properties": {
        "@id": "way/45600408",
        "addr:city": "San Luis Obispo",
        "addr:postcode": "93407",
        "addr:street": "Grand",
        "building": "dormitory",
        "building:levels": "2",
        "name": "107 Muir Hall",
        "ref": "107",
        "smoking": "no",
        "amenity": "dormitory"
      },
      "geometry": {
        "type": "Polygon",
        "coordinates": [
          [
            [
              -120.6569941,
              35.3012701
            ],
            [
              -120.6570117,
              35.3012935
            ],
            [
              -120.6570854,
              35.3012567
            ],
            [
              -120.6568423,
              35.3009327
            ],
            [
              -120.6569821,
              35.3008628
            ],
            [
              -120.6569282,
              35.3007911
            ],
            [
              -120.6568324,
              35.300839
            ],
            [
              -120.6568229,
              35.3008263
            ],
            [
              -120.6565717,
              35.3005045
            ],
            [
              -120.6565019,
              35.3005423
            ],
            [
              -120.6565151,
              35.3005645
            ],
            [
              -120.6564725,
              35.3005888
            ],
            [
              -120.6566714,
              35.3008413
            ],
            [
              -120.6564868,
              35.3009335
            ],
            [
              -120.6565848,
              35.3010641
            ],
            [
              -120.656672,
              35.3010205
            ],
            [
              -120.6566389,
              35.3009764
            ],
            [
              -120.6566734,
              35.3009592
            ],
            [
              -120.6566805,
              35.3009688
            ],
            [
              -120.6566995,
              35.3009593
            ],
            [
              -120.6569494,
              35.3012924
            ],
            [
              -120.6569941,
              35.3012701
            ]
          ]
        ]
      },
      "id": "way/45600408"
    },
    {
      "type": "Feature",
      "properties": {
        "@id": "way/45600409",
        "addr:city": "San Luis Obispo",
        "addr:postcode": "93407",
        "addr:street": "Grand",
        "building": "dormitory",
        "building:levels": "3",
        "name": "110 Tenaya Hall",
        "ref": "110",
        "smoking": "no",
        "amenity": "dormitory"
      },
      "geometry": {
        "type": "Polygon",
        "coordinates": [
          [
            [
              -120.6567931,
              35.3003949
            ],
            [
              -120.6566103,
              35.3000498
            ],
            [
              -120.6567595,
              35.2999972
            ],
            [
              -120.6567181,
              35.299919
            ],
            [
              -120.656618,
              35.2999544
            ],
            [
              -120.656612,
              35.2999446
            ],
            [
              -120.6564205,
              35.2995817
            ],
            [
              -120.6563418,
              35.2996095
            ],
            [
              -120.6563548,
              35.2996339
            ],
            [
              -120.6563067,
              35.2996509
            ],
            [
              -120.6564576,
              35.2999359
            ],
            [
              -120.6562567,
              35.3000068
            ],
            [
              -120.6563329,
              35.3001507
            ],
            [
              -120.6564282,
              35.3001171
            ],
            [
              -120.6564064,
              35.300076
            ],
            [
              -120.6564641,
              35.3000556
            ],
            [
              -120.6566543,
              35.3004146
            ],
            [
              -120.6567015,
              35.3003979
            ],
            [
              -120.6567146,
              35.3004226
            ],
            [
              -120.6567931,
              35.3003949
            ]
          ]
        ]
      },
      "id": "way/45600409"
    },
    {
      "type": "Feature",
      "properties": {
        "@id": "way/45600410",
        "addr:city": "San Luis Obispo",
        "addr:postcode": "93407",
        "addr:street": "Grand",
        "building": "dormitory",
        "building:levels": "3",
        "name": "109 Fremont Hall",
        "ref": "109",
        "smoking": "no",
        "amenity": "dormitory"
      },
      "geometry": {
        "type": "Polygon",
        "coordinates": [
          [
            [
              -120.6560109,
              35.3007067
            ],
            [
              -120.6559089,
              35.3003388
            ],
            [
              -120.6560715,
              35.3003088
            ],
            [
              -120.6560489,
              35.3002273
            ],
            [
              -120.6559383,
              35.3002477
            ],
            [
              -120.655934,
              35.3002342
            ],
            [
              -120.6558286,
              35.2998515
            ],
            [
              -120.6557464,
              35.2998666
            ],
            [
              -120.6557534,
              35.299892
            ],
            [
              -120.655702,
              35.2999015
            ],
            [
              -120.6557865,
              35.3002064
            ],
            [
              -120.6555748,
              35.3002454
            ],
            [
              -120.6556164,
              35.3003956
            ],
            [
              -120.6557157,
              35.3003772
            ],
            [
              -120.6557041,
              35.3003354
            ],
            [
              -120.655764,
              35.3003244
            ],
            [
              -120.6558698,
              35.3007063
            ],
            [
              -120.6559207,
              35.300697
            ],
            [
              -120.6559276,
              35.3007221
            ],
            [
              -120.6560109,
              35.3007067
            ]
          ]
        ]
      },
      "id": "way/45600410"
    },
    {
      "type": "Feature",
      "properties": {
        "@id": "way/45600411",
        "addr:city": "San Luis Obispo",
        "addr:postcode": "93407",
        "addr:street": "Grand",
        "building": "dormitory",
        "name": "113B Sierra Madre Hall: Tower 1",
        "amenity": "dormitory",
        "ref": "113"
      },
      "geometry": {
        "type": "Polygon",
        "coordinates": [
          [
            [
              -120.6550001,
              35.2995766
            ],
            [
              -120.6549843,
              35.2995402
            ],
            [
              -120.655047,
              35.299522
            ],
            [
              -120.6550355,
              35.2994956
            ],
            [
              -120.6550665,
              35.2994867
            ],
            [
              -120.6549886,
              35.2993072
            ],
            [
              -120.6549571,
              35.2993163
            ],
            [
              -120.6549302,
              35.2992544
            ],
            [
              -120.6548628,
              35.2992739
            ],
            [
              -120.6548789,
              35.2993109
            ],
            [
              -120.6548203,
              35.2993278
            ],
            [
              -120.6548331,
              35.2993573
            ],
            [
              -120.6547971,
              35.2993678
            ],
            [
              -120.6548734,
              35.2995436
            ],
            [
              -120.6549056,
              35.2995343
            ],
            [
              -120.6549324,
              35.2995961
            ],
            [
              -120.6550001,
              35.2995766
            ]
          ]
        ]
      },
      "id": "way/45600411"
    },
    {
      "type": "Feature",
      "properties": {
        "@id": "way/45637333",
        "addr:city": "San Luis Obispo",
        "addr:housenumber": "25",
        "addr:postcode": "93407",
        "addr:street": "Grand",
        "building": "university",
        "building:levels": "3",
        "building:levels:underground": "0",
        "building:use": "education",
        "max_level": "2",
        "min_level": "0",
        "name": "Faculty Offices East",
        "ref": "25",
        "amenity": "administrative"
      },
      "geometry": {
        "type": "Polygon",
        "coordinates": [
          [
            [
              -120.6595344,
              35.3014207
            ],
            [
              -120.6594804,
              35.3013319
            ],
            [
              -120.65944,
              35.3013486
            ],
            [
              -120.6593794,
              35.3012792
            ],
            [
              -120.6593412,
              35.3012265
            ],
            [
              -120.6593095,
              35.3011633
            ],
            [
              -120.6592948,
              35.301124
            ],
            [
              -120.6592787,
              35.3010688
            ],
            [
              -120.6592689,
              35.301
            ],
            [
              -120.6592699,
              35.3009327
            ],
            [
              -120.6592789,
              35.3008628
            ],
            [
              -120.6593202,
              35.300856
            ],
            [
              -120.6593097,
              35.30076
            ],
            [
              -120.6591891,
              35.3007291
            ],
            [
              -120.6591561,
              35.3008245
            ],
            [
              -120.6591673,
              35.3008271
            ],
            [
              -120.6591477,
              35.3009496
            ],
            [
              -120.6591552,
              35.3010475
            ],
            [
              -120.6591776,
              35.301147
            ],
            [
              -120.6592097,
              35.301226
            ],
            [
              -120.6592614,
              35.3013118
            ],
            [
              -120.6593332,
              35.3013929
            ],
            [
              -120.6594646,
              35.3014913
            ],
            [
              -120.6595344,
              35.3014207
            ]
          ]
        ]
      },
      "id": "way/45637333"
    },
    {
      "type": "Feature",
      "properties": {
        "@id": "way/45637454",
        "addr:city": "San Luis Obispo",
        "addr:postcode": "93407",
        "addr:street": "Grand",
        "building": "residential",
        "name": "Islay",
        "operator": "California Polytechnic State University",
        "ref": "170F",
        "residential": "university"
      },
      "geometry": {
        "type": "Polygon",
        "coordinates": [
          [
            [
              -120.6566886,
              35.3051531
            ],
            [
              -120.656681,
              35.3051396
            ],
            [
              -120.6566334,
              35.3051569
            ],
            [
              -120.6566015,
              35.3050989
            ],
            [
              -120.6566834,
              35.3050707
            ],
            [
              -120.6566742,
              35.3050548
            ],
            [
              -120.6567121,
              35.3050411
            ],
            [
              -120.6566347,
              35.3048968
            ],
            [
              -120.6565963,
              35.3049109
            ],
            [
              -120.6565702,
              35.3048724
            ],
            [
              -120.6565983,
              35.3048505
            ],
            [
              -120.6565413,
              35.304797
            ],
            [
              -120.6565112,
              35.3048176
            ],
            [
              -120.6564984,
              35.304806
            ],
            [
              -120.6565281,
              35.3047841
            ],
            [
              -120.6564705,
              35.3047307
            ],
            [
              -120.6564408,
              35.3047523
            ],
            [
              -120.6564253,
              35.3047386
            ],
            [
              -120.6563593,
              35.304786
            ],
            [
              -120.6562499,
              35.3046839
            ],
            [
              -120.6563211,
              35.3046313
            ],
            [
              -120.6563037,
              35.3046133
            ],
            [
              -120.6562924,
              35.3046016
            ],
            [
              -120.6563045,
              35.3045924
            ],
            [
              -120.6562362,
              35.3045274
            ],
            [
              -120.6562192,
              35.3045405
            ],
            [
              -120.6561938,
              35.3045155
            ],
            [
              -120.6561266,
              35.3045612
            ],
            [
              -120.6561539,
              35.304586
            ],
            [
              -120.6560602,
              35.304652
            ],
            [
              -120.6560736,
              35.3046647
            ],
            [
              -120.6560446,
              35.3046871
            ],
            [
              -120.6563097,
              35.3049374
            ],
            [
              -120.6563428,
              35.304915
            ],
            [
              -120.6563564,
              35.3049281
            ],
            [
              -120.6564223,
              35.3048837
            ],
            [
              -120.6564845,
              35.3049421
            ],
            [
              -120.6565211,
              35.305011
            ],
            [
              -120.6564384,
              35.3050385
            ],
            [
              -120.6564478,
              35.3050548
            ],
            [
              -120.6564105,
              35.3050679
            ],
            [
              -120.6564878,
              35.305213
            ],
            [
              -120.6565248,
              35.3052007
            ],
            [
              -120.656528,
              35.3052065
            ],
            [
              -120.6566886,
              35.3051531
            ]
          ]
        ]
      },
      "id": "way/45637454"
    },
    {
      "type": "Feature",
      "properties": {
        "@id": "way/45637455",
        "addr:city": "San Luis Obispo",
        "addr:postcode": "93407",
        "addr:street": "Grand",
        "building": "residential",
        "name": "Bishop",
        "operator": "California Polytechnic State University",
        "ref": "50",
        "residential": "university",
        "amenity": "maintenance"
      },
      "geometry": {
        "type": "Polygon",
        "coordinates": [
          [
            [
              -120.6570516,
              35.3058421
            ],
            [
              -120.6570439,
              35.3057569
            ],
            [
              -120.657016,
              35.3057592
            ],
            [
              -120.6570148,
              35.3057444
            ],
            [
              -120.6569975,
              35.3057449
            ],
            [
              -120.6569965,
              35.3057279
            ],
            [
              -120.6569822,
              35.3057287
            ],
            [
              -120.6568854,
              35.3057338
            ],
            [
              -120.6568878,
              35.3057578
            ],
            [
              -120.6568225,
              35.3057604
            ],
            [
              -120.6568022,
              35.305599
            ],
            [
              -120.6568893,
              35.3055944
            ],
            [
              -120.6568887,
              35.3055754
            ],
            [
              -120.6569266,
              35.3055729
            ],
            [
              -120.6569107,
              35.3054163
            ],
            [
              -120.6568657,
              35.3054173
            ],
            [
              -120.6568617,
              35.3053729
            ],
            [
              -120.6568915,
              35.3053625
            ],
            [
              -120.6568156,
              35.3052164
            ],
            [
              -120.6567778,
              35.3052297
            ],
            [
              -120.6567685,
              35.3052128
            ],
            [
              -120.6566876,
              35.3052416
            ],
            [
              -120.656658,
              35.3051856
            ],
            [
              -120.6567067,
              35.3051678
            ],
            [
              -120.6566993,
              35.3051539
            ],
            [
              -120.6565406,
              35.3052078
            ],
            [
              -120.656543,
              35.3052132
            ],
            [
              -120.6565061,
              35.3052269
            ],
            [
              -120.6565834,
              35.3053722
            ],
            [
              -120.6566208,
              35.3053594
            ],
            [
              -120.6566302,
              35.3053752
            ],
            [
              -120.6567102,
              35.3053484
            ],
            [
              -120.6567501,
              35.305421
            ],
            [
              -120.6567576,
              35.3054962
            ],
            [
              -120.6566704,
              35.3055016
            ],
            [
              -120.6566711,
              35.3055195
            ],
            [
              -120.656632,
              35.3055214
            ],
            [
              -120.6566729,
              35.3058542
            ],
            [
              -120.6567136,
              35.3058527
            ],
            [
              -120.6567146,
              35.3058698
            ],
            [
              -120.6568384,
              35.3058629
            ],
            [
              -120.6568426,
              35.3058917
            ],
            [
              -120.6569303,
              35.3058863
            ],
            [
              -120.6569266,
              35.3058526
            ],
            [
              -120.6569464,
              35.3058517
            ],
            [
              -120.6569496,
              35.305882
            ],
            [
              -120.6570353,
              35.3058765
            ],
            [
              -120.657032,
              35.3058427
            ],
            [
              -120.6570516,
              35.3058421
            ]
          ]
        ]
      },
      "id": "way/45637455"
    },
    {
      "type": "Feature",
      "properties": {
        "@id": "way/45637456",
        "addr:city": "San Luis Obispo",
        "addr:postcode": "93407",
        "addr:street": "Grand",
        "apartments": "residential",
        "building": "apartments",
        "name": "San Luis (170G)",
        "operator": "California Polytechnic State University",
        "residential": "university",
        "ref": "170G"
      },
      "geometry": {
        "type": "Polygon",
        "coordinates": [
          [
            [
              -120.6572594,
              35.3042142
            ],
            [
              -120.657413,
              35.3041427
            ],
            [
              -120.6574693,
              35.3041138
            ],
            [
              -120.6574109,
              35.3040324
            ],
            [
              -120.6573919,
              35.3040415
            ],
            [
              -120.6573764,
              35.3040199
            ],
            [
              -120.6573522,
              35.3039861
            ],
            [
              -120.6573894,
              35.3039683
            ],
            [
              -120.6573433,
              35.3039042
            ],
            [
              -120.6570939,
              35.3040235
            ],
            [
              -120.6571424,
              35.304091
            ],
            [
              -120.65718,
              35.3040731
            ],
            [
              -120.6571958,
              35.3040951
            ],
            [
              -120.6572101,
              35.304115
            ],
            [
              -120.6571938,
              35.3041228
            ],
            [
              -120.6572594,
              35.3042142
            ]
          ]
        ]
      },
      "id": "way/45637456"
    },
    {
      "type": "Feature",
      "properties": {
        "@id": "way/45637457",
        "addr:city": "San Luis Obispo",
        "addr:postcode": "93407",
        "addr:street": "Grand",
        "building": "residential",
        "name": "Morro",
        "operator": "California Polytechnic State University",
        "ref": "170A",
        "residential": "university"
      },
      "geometry": {
        "type": "Polygon",
        "coordinates": [
          [
            [
              -120.6570886,
              35.3041741
            ],
            [
              -120.6570657,
              35.3041545
            ],
            [
              -120.6570781,
              35.3041453
            ],
            [
              -120.6570009,
              35.3040727
            ],
            [
              -120.6569903,
              35.3040823
            ],
            [
              -120.6569681,
              35.3040593
            ],
            [
              -120.6568688,
              35.304128
            ],
            [
              -120.6568782,
              35.3041365
            ],
            [
              -120.6568524,
              35.3041539
            ],
            [
              -120.6568665,
              35.3041665
            ],
            [
              -120.6568215,
              35.3041947
            ],
            [
              -120.6567934,
              35.3041687
            ],
            [
              -120.6565749,
              35.3043221
            ],
            [
              -120.6565954,
              35.3043417
            ],
            [
              -120.656561,
              35.3043675
            ],
            [
              -120.6565384,
              35.304348
            ],
            [
              -120.6564358,
              35.3044214
            ],
            [
              -120.6564639,
              35.304448
            ],
            [
              -120.6564502,
              35.3044585
            ],
            [
              -120.6564947,
              35.3044986
            ],
            [
              -120.656508,
              35.3044904
            ],
            [
              -120.6565173,
              35.304499
            ],
            [
              -120.656605,
              35.3044356
            ],
            [
              -120.6566145,
              35.304444
            ],
            [
              -120.6565477,
              35.3044924
            ],
            [
              -120.656561,
              35.3045051
            ],
            [
              -120.6565317,
              35.3045272
            ],
            [
              -120.6567287,
              35.3047137
            ],
            [
              -120.6567592,
              35.3046917
            ],
            [
              -120.6567747,
              35.3047042
            ],
            [
              -120.6568655,
              35.3046421
            ],
            [
              -120.6567846,
              35.3045654
            ],
            [
              -120.6566299,
              35.3044188
            ],
            [
              -120.6566416,
              35.3044104
            ],
            [
              -120.6566731,
              35.3044398
            ],
            [
              -120.6566868,
              35.304429
            ],
            [
              -120.6567173,
              35.3044567
            ],
            [
              -120.6569372,
              35.3043012
            ],
            [
              -120.6569071,
              35.3042737
            ],
            [
              -120.6569191,
              35.3042646
            ],
            [
              -120.6569486,
              35.3042423
            ],
            [
              -120.6569637,
              35.3042517
            ],
            [
              -120.6569825,
              35.3042371
            ],
            [
              -120.6569925,
              35.3042455
            ],
            [
              -120.6570886,
              35.3041741
            ]
          ]
        ]
      },
      "id": "way/45637457"
    },
    {
      "type": "Feature",
      "properties": {
        "@id": "way/45637466",
        "addr:city": "San Luis Obispo",
        "addr:postcode": "93407",
        "addr:street": "Grand",
        "building": "residential",
        "name": "Romauldo",
        "operator": "California Polytechnic State University",
        "ref": "170D",
        "residential": "university"
      },
      "geometry": {
        "type": "Polygon",
        "coordinates": [
          [
            [
              -120.6576262,
              35.3052153
            ],
            [
              -120.6576051,
              35.3051254
            ],
            [
              -120.6575898,
              35.3051277
            ],
            [
              -120.6575826,
              35.3050987
            ],
            [
              -120.6574569,
              35.305117
            ],
            [
              -120.657459,
              35.3051292
            ],
            [
              -120.6574272,
              35.3051334
            ],
            [
              -120.6574305,
              35.3051493
            ],
            [
              -120.6573869,
              35.3051542
            ],
            [
              -120.6573706,
              35.3051561
            ],
            [
              -120.6573664,
              35.3051212
            ],
            [
              -120.657228,
              35.305141
            ],
            [
              -120.6572362,
              35.3051758
            ],
            [
              -120.6572185,
              35.3051784
            ],
            [
              -120.6572284,
              35.3052215
            ],
            [
              -120.6571767,
              35.3052323
            ],
            [
              -120.6571828,
              35.3052607
            ],
            [
              -120.6571052,
              35.3052713
            ],
            [
              -120.6571089,
              35.3052897
            ],
            [
              -120.6570682,
              35.3052945
            ],
            [
              -120.6571265,
              35.3055384
            ],
            [
              -120.657167,
              35.3055325
            ],
            [
              -120.6571713,
              35.3055482
            ],
            [
              -120.6572574,
              35.3055358
            ],
            [
              -120.6572609,
              35.3055485
            ],
            [
              -120.6571397,
              35.3055712
            ],
            [
              -120.6571211,
              35.3055855
            ],
            [
              -120.6571352,
              35.3056348
            ],
            [
              -120.6571554,
              35.3056319
            ],
            [
              -120.6571627,
              35.3056665
            ],
            [
              -120.6572978,
              35.3056472
            ],
            [
              -120.6572914,
              35.305621
            ],
            [
              -120.6573519,
              35.3056127
            ],
            [
              -120.6573545,
              35.3056241
            ],
            [
              -120.6574799,
              35.3056045
            ],
            [
              -120.6574737,
              35.3055748
            ],
            [
              -120.6574874,
              35.3055723
            ],
            [
              -120.657467,
              35.3054804
            ],
            [
              -120.6574504,
              35.3054828
            ],
            [
              -120.6574447,
              35.3054539
            ],
            [
              -120.6573181,
              35.3054709
            ],
            [
              -120.6573207,
              35.305483
            ],
            [
              -120.6572967,
              35.3054864
            ],
            [
              -120.6572785,
              35.305489
            ],
            [
              -120.6572302,
              35.3052846
            ],
            [
              -120.6572614,
              35.3052811
            ],
            [
              -120.6572685,
              35.3053146
            ],
            [
              -120.6574008,
              35.305295
            ],
            [
              -120.6573935,
              35.3052628
            ],
            [
              -120.657409,
              35.3052567
            ],
            [
              -120.6574534,
              35.3052507
            ],
            [
              -120.657456,
              35.3052626
            ],
            [
              -120.6574903,
              35.3052572
            ],
            [
              -120.6574928,
              35.3052681
            ],
            [
              -120.6576187,
              35.3052492
            ],
            [
              -120.6576103,
              35.3052179
            ],
            [
              -120.6576262,
              35.3052153
            ]
          ]
        ]
      },
      "id": "way/45637466"
    },
    {
      "type": "Feature",
      "properties": {
        "@id": "way/45637468",
        "addr:city": "San Luis Obispo",
        "addr:postcode": "93407",
        "addr:street": "Grand",
        "building": "residential",
        "name": "Cabrillo",
        "operator": "California Polytechnic State University",
        "ref": "170B",
        "residential": "university"
      },
      "geometry": {
        "type": "Polygon",
        "coordinates": [
          [
            [
              -120.6575618,
              35.304377
            ],
            [
              -120.6575053,
              35.3042985
            ],
            [
              -120.6574931,
              35.3043027
            ],
            [
              -120.6574717,
              35.3042776
            ],
            [
              -120.6573667,
              35.3043317
            ],
            [
              -120.657371,
              35.3043409
            ],
            [
              -120.6573247,
              35.3043753
            ],
            [
              -120.657301,
              35.3043872
            ],
            [
              -120.6572784,
              35.304361
            ],
            [
              -120.6571657,
              35.3044166
            ],
            [
              -120.6571846,
              35.3044488
            ],
            [
              -120.6571462,
              35.304464
            ],
            [
              -120.6571227,
              35.3044802
            ],
            [
              -120.657098,
              35.3044513
            ],
            [
              -120.656842,
              35.30457
            ],
            [
              -120.656865,
              35.3046009
            ],
            [
              -120.6568464,
              35.3046078
            ],
            [
              -120.6568749,
              35.3046453
            ],
            [
              -120.6568298,
              35.3046671
            ],
            [
              -120.6568489,
              35.3046956
            ],
            [
              -120.6567807,
              35.3047283
            ],
            [
              -120.6567925,
              35.3047434
            ],
            [
              -120.6567562,
              35.3047603
            ],
            [
              -120.656913,
              35.3049715
            ],
            [
              -120.6569477,
              35.3049557
            ],
            [
              -120.6569584,
              35.3049701
            ],
            [
              -120.6570611,
              35.3049205
            ],
            [
              -120.6569896,
              35.3048219
            ],
            [
              -120.6570363,
              35.3048002
            ],
            [
              -120.6570168,
              35.3047716
            ],
            [
              -120.6569689,
              35.3047938
            ],
            [
              -120.6569036,
              35.3047047
            ],
            [
              -120.6569311,
              35.3046913
            ],
            [
              -120.6569544,
              35.3047209
            ],
            [
              -120.6571996,
              35.3046014
            ],
            [
              -120.6571771,
              35.3045717
            ],
            [
              -120.6571959,
              35.3045633
            ],
            [
              -120.6571738,
              35.3045341
            ],
            [
              -120.657189,
              35.3045268
            ],
            [
              -120.657207,
              35.3045181
            ],
            [
              -120.6572267,
              35.3045451
            ],
            [
              -120.6572433,
              35.3045368
            ],
            [
              -120.6572649,
              35.3045685
            ],
            [
              -120.6573896,
              35.3045095
            ],
            [
              -120.6573681,
              35.3044796
            ],
            [
              -120.657379,
              35.304477
            ],
            [
              -120.6573853,
              35.3044711
            ],
            [
              -120.6573739,
              35.3044567
            ],
            [
              -120.6574081,
              35.3044414
            ],
            [
              -120.6574268,
              35.3044646
            ],
            [
              -120.6574551,
              35.3044522
            ],
            [
              -120.6574639,
              35.3044595
            ],
            [
              -120.6575677,
              35.3044091
            ],
            [
              -120.6575491,
              35.3043827
            ],
            [
              -120.6575618,
              35.304377
            ]
          ]
        ]
      },
      "id": "way/45637468"
    },
    {
      "type": "Feature",
      "properties": {
        "@id": "way/45637469",
        "addr:city": "San Luis Obispo",
        "addr:postcode": "93407",
        "addr:street": "Grand",
        "building": "residential",
        "name": "Hollister",
        "operator": "California Polytechnic State University",
        "ref": "170C",
        "residential": "university"
      },
      "geometry": {
        "type": "Polygon",
        "coordinates": [
          [
            [
              -120.6578109,
              35.3047539
            ],
            [
              -120.657776,
              35.3046652
            ],
            [
              -120.6577603,
              35.3046697
            ],
            [
              -120.6577462,
              35.304642
            ],
            [
              -120.6576253,
              35.3046789
            ],
            [
              -120.6576293,
              35.3046885
            ],
            [
              -120.6575681,
              35.304707
            ],
            [
              -120.657544,
              35.3047142
            ],
            [
              -120.657536,
              35.3046941
            ],
            [
              -120.657407,
              35.3047334
            ],
            [
              -120.6574235,
              35.3047676
            ],
            [
              -120.6573925,
              35.3047766
            ],
            [
              -120.6573534,
              35.3047879
            ],
            [
              -120.657339,
              35.3047598
            ],
            [
              -120.6570672,
              35.3048412
            ],
            [
              -120.6570833,
              35.3048754
            ],
            [
              -120.6570644,
              35.3048804
            ],
            [
              -120.6570826,
              35.3049203
            ],
            [
              -120.6570345,
              35.3049362
            ],
            [
              -120.6570486,
              35.3049643
            ],
            [
              -120.6569723,
              35.3049872
            ],
            [
              -120.6569809,
              35.3050039
            ],
            [
              -120.6569421,
              35.3050161
            ],
            [
              -120.6570503,
              35.3052468
            ],
            [
              -120.657089,
              35.3052349
            ],
            [
              -120.6570964,
              35.3052498
            ],
            [
              -120.6572101,
              35.3052174
            ],
            [
              -120.6571678,
              35.3051264
            ],
            [
              -120.6571608,
              35.3051113
            ],
            [
              -120.6572132,
              35.3050942
            ],
            [
              -120.657198,
              35.3050624
            ],
            [
              -120.6571444,
              35.3050801
            ],
            [
              -120.6571013,
              35.3049838
            ],
            [
              -120.6571301,
              35.3049742
            ],
            [
              -120.6571467,
              35.3050082
            ],
            [
              -120.6574183,
              35.304925
            ],
            [
              -120.6574012,
              35.3048907
            ],
            [
              -120.657419,
              35.304886
            ],
            [
              -120.6574042,
              35.3048537
            ],
            [
              -120.657421,
              35.3048485
            ],
            [
              -120.6574376,
              35.3048433
            ],
            [
              -120.6574516,
              35.3048736
            ],
            [
              -120.6574698,
              35.3048671
            ],
            [
              -120.6574865,
              35.3049005
            ],
            [
              -120.657616,
              35.3048615
            ],
            [
              -120.6575979,
              35.3048278
            ],
            [
              -120.6576217,
              35.3048211
            ],
            [
              -120.6576529,
              35.3048122
            ],
            [
              -120.6576569,
              35.3048209
            ],
            [
              -120.6576869,
              35.3048121
            ],
            [
              -120.6576912,
              35.3048221
            ],
            [
              -120.6578118,
              35.304786
            ],
            [
              -120.6578,
              35.3047574
            ],
            [
              -120.6578109,
              35.3047539
            ]
          ]
        ]
      },
      "id": "way/45637469"
    },
    {
      "type": "Feature",
      "properties": {
        "@id": "way/45637755",
        "addr:housenumber": "41B",
        "building": "university",
        "name": "Reinhold Aerospace",
        "ref": "41B",
        "amenity": "academic"
      },
      "geometry": {
        "type": "Polygon",
        "coordinates": [
          [
            [
              -120.6660071,
              35.3023195
            ],
            [
              -120.6661333,
              35.3022925
            ],
            [
              -120.6661366,
              35.3022919
            ],
            [
              -120.6660272,
              35.3019143
            ],
            [
              -120.6660126,
              35.301917
            ],
            [
              -120.6659017,
              35.301938
            ],
            [
              -120.6660071,
              35.3023195
            ]
          ]
        ]
      },
      "id": "way/45637755"
    },
    {
      "type": "Feature",
      "properties": {
        "@id": "way/45638383",
        "building": "university"
      },
      "geometry": {
        "type": "Polygon",
        "coordinates": [
          [
            [
              -120.6608619,
              35.3042299
            ],
            [
              -120.660836,
              35.3039762
            ],
            [
              -120.6607086,
              35.3039849
            ],
            [
              -120.6607294,
              35.3041895
            ],
            [
              -120.6607418,
              35.3041887
            ],
            [
              -120.6607468,
              35.3042377
            ],
            [
              -120.6608619,
              35.3042299
            ]
          ]
        ]
      },
      "id": "way/45638383"
    },
    {
      "type": "Feature",
      "properties": {
        "@id": "way/45638385",
        "building": "university"
      },
      "geometry": {
        "type": "Polygon",
        "coordinates": [
          [
            [
              -120.6602219,
              35.3044794
            ],
            [
              -120.6602118,
              35.3043881
            ],
            [
              -120.6600399,
              35.3044008
            ],
            [
              -120.6600477,
              35.3044708
            ],
            [
              -120.660078,
              35.3044685
            ],
            [
              -120.6600803,
              35.3044899
            ],
            [
              -120.6602219,
              35.3044794
            ]
          ]
        ]
      },
      "id": "way/45638385"
    },
    {
      "type": "Feature",
      "properties": {
        "@id": "way/45638386",
        "building": "university"
      },
      "geometry": {
        "type": "Polygon",
        "coordinates": [
          [
            [
              -120.6605306,
              35.3042748
            ],
            [
              -120.6605426,
              35.3039617
            ],
            [
              -120.6604728,
              35.3039599
            ],
            [
              -120.6604608,
              35.304273
            ],
            [
              -120.6605306,
              35.3042748
            ]
          ]
        ]
      },
      "id": "way/45638386"
    },
    {
      "type": "Feature",
      "properties": {
        "@id": "way/45638387",
        "building": "yes"
      },
      "geometry": {
        "type": "Polygon",
        "coordinates": [
          [
            [
              -120.6592711,
              35.3042898
            ],
            [
              -120.6592687,
              35.3042536
            ],
            [
              -120.6592943,
              35.3042525
            ],
            [
              -120.6592899,
              35.3041871
            ],
            [
              -120.6591651,
              35.3041927
            ],
            [
              -120.6591697,
              35.3042605
            ],
            [
              -120.6591965,
              35.3042593
            ],
            [
              -120.6591988,
              35.304293
            ],
            [
              -120.6592711,
              35.3042898
            ]
          ]
        ]
      },
      "id": "way/45638387"
    },
    {
      "type": "Feature",
      "properties": {
        "@id": "way/45638388",
        "addr:city": "San Luis Obispo",
        "addr:postcode": "93407",
        "addr:street": "Grand",
        "building": "dormitory",
        "building:levels": "3",
        "name": "106 Santa Lucia Hall",
        "ref": "106",
        "smoking": "no",
        "university-function": "hall of residence",
        "amenity": "dormitory"
      },
      "geometry": {
        "type": "Polygon",
        "coordinates": [
          [
            [
              -120.6580411,
              35.3019315
            ],
            [
              -120.6580798,
              35.3019014
            ],
            [
              -120.6580886,
              35.3019095
            ],
            [
              -120.6581017,
              35.30192
            ],
            [
              -120.658163,
              35.3018722
            ],
            [
              -120.6578427,
              35.3016017
            ],
            [
              -120.6579577,
              35.3015108
            ],
            [
              -120.6578887,
              35.3014517
            ],
            [
              -120.6578098,
              35.3015121
            ],
            [
              -120.6577983,
              35.3015014
            ],
            [
              -120.6574695,
              35.301219
            ],
            [
              -120.6574064,
              35.3012682
            ],
            [
              -120.6574284,
              35.3012869
            ],
            [
              -120.6573907,
              35.3013146
            ],
            [
              -120.6577126,
              35.3015915
            ],
            [
              -120.6576596,
              35.3016328
            ],
            [
              -120.6575958,
              35.3015783
            ],
            [
              -120.657491,
              35.30166
            ],
            [
              -120.6576219,
              35.3017718
            ],
            [
              -120.6577433,
              35.3016771
            ],
            [
              -120.6580411,
              35.3019315
            ]
          ]
        ]
      },
      "id": "way/45638388"
    },
    {
      "type": "Feature",
      "properties": {
        "@id": "way/45638389",
        "addr:city": "San Luis Obispo",
        "addr:postcode": "93407",
        "addr:street": "Grand",
        "amenity": "police",
        "building": "university",
        "name": "University Police",
        "ref": "36"
      },
      "geometry": {
        "type": "Polygon",
        "coordinates": [
          [
            [
              -120.661366,
              35.3040724
            ],
            [
              -120.6618972,
              35.3040335
            ],
            [
              -120.66186,
              35.3036948
            ],
            [
              -120.661638,
              35.3037111
            ],
            [
              -120.6616572,
              35.3038859
            ],
            [
              -120.6613887,
              35.3039055
            ],
            [
              -120.6613938,
              35.3039515
            ],
            [
              -120.661353,
              35.3039544
            ],
            [
              -120.661366,
              35.3040724
            ]
          ]
        ]
      },
      "id": "way/45638389"
    },
    {
      "type": "Feature",
      "properties": {
        "@id": "way/45638390",
        "addr:city": "San Luis Obispo",
        "addr:postcode": "93407",
        "addr:street": "Grand",
        "building": "university",
        "name": "Welding",
        "ref": "58",
        "amenity": "academic"
      },
      "geometry": {
        "type": "Polygon",
        "coordinates": [
          [
            [
              -120.6615588,
              35.3037741
            ],
            [
              -120.6615204,
              35.3033623
            ],
            [
              -120.6612582,
              35.3033786
            ],
            [
              -120.6612639,
              35.30344
            ],
            [
              -120.6612792,
              35.3034391
            ],
            [
              -120.661312,
              35.3037894
            ],
            [
              -120.6615588,
              35.3037741
            ]
          ]
        ]
      },
      "id": "way/45638390"
    },
    {
      "type": "Feature",
      "properties": {
        "@id": "way/45638391",
        "addr:city": "San Luis Obispo",
        "addr:housenumber": "11",
        "addr:postcode": "93407",
        "addr:street": "Grand",
        "building": "university",
        "name": "Agricultural Sciences",
        "ref": "11",
        "amenity": "science_building"
      },
      "geometry": {
        "type": "Polygon",
        "coordinates": [
          [
            [
              -120.6625278,
              35.3026861
            ],
            [
              -120.6625751,
              35.3028517
            ],
            [
              -120.6626082,
              35.3028535
            ],
            [
              -120.6626204,
              35.302875
            ],
            [
              -120.6627321,
              35.3028585
            ],
            [
              -120.6627603,
              35.3029384
            ],
            [
              -120.6628404,
              35.3029819
            ],
            [
              -120.6628855,
              35.3031189
            ],
            [
              -120.6628982,
              35.3031182
            ],
            [
              -120.6629154,
              35.3031745
            ],
            [
              -120.6631696,
              35.3031241
            ],
            [
              -120.6631534,
              35.3030706
            ],
            [
              -120.6631741,
              35.3030676
            ],
            [
              -120.6631513,
              35.3029878
            ],
            [
              -120.6631152,
              35.3029947
            ],
            [
              -120.66308,
              35.302924
            ],
            [
              -120.663107,
              35.3029169
            ],
            [
              -120.6630487,
              35.3027098
            ],
            [
              -120.663023,
              35.3027159
            ],
            [
              -120.6629893,
              35.3025982
            ],
            [
              -120.6625278,
              35.3026861
            ]
          ]
        ]
      },
      "id": "way/45638391"
    },
    {
      "type": "Feature",
      "properties": {
        "@id": "way/45638392",
        "addr:city": "San Luis Obispo",
        "addr:housenumber": "24",
        "addr:postcode": "93407",
        "addr:street": "Grand",
        "building": "university",
        "name": "Food Processing/Cal Poly Meats",
        "ref": "24",
        "amenity": "academic"
      },
      "geometry": {
        "type": "Polygon",
        "coordinates": [
          [
            [
              -120.6632985,
              35.303891
            ],
            [
              -120.6631418,
              35.3033292
            ],
            [
              -120.6627164,
              35.3034094
            ],
            [
              -120.6628731,
              35.3039724
            ],
            [
              -120.6632985,
              35.303891
            ]
          ]
        ]
      },
      "id": "way/45638392"
    },
    {
      "type": "Feature",
      "properties": {
        "@id": "way/45638393",
        "addr:city": "San Luis Obispo",
        "addr:postcode": "93407",
        "addr:street": "Grand",
        "building": "university",
        "name": "Science North",
        "ref": "53",
        "amenity": "science_building"
      },
      "geometry": {
        "type": "Polygon",
        "coordinates": [
          [
            [
              -120.6601835,
              35.3020765
            ],
            [
              -120.6601325,
              35.3018961
            ],
            [
              -120.6598605,
              35.3019498
            ],
            [
              -120.6598395,
              35.3018802
            ],
            [
              -120.659688,
              35.3019099
            ],
            [
              -120.6595261,
              35.3019451
            ],
            [
              -120.6595624,
              35.3020875
            ],
            [
              -120.6595704,
              35.3021149
            ],
            [
              -120.6595931,
              35.3021919
            ],
            [
              -120.6601835,
              35.3020765
            ]
          ]
        ]
      },
      "id": "way/45638393"
    },
    {
      "type": "Feature",
      "properties": {
        "@id": "way/45638394",
        "addr:city": "San Luis Obispo",
        "addr:street": "Grand",
        "building": "university",
        "name": "Faculty Offices North",
        "ref": "47",
        "amenity": "administrative"
      },
      "geometry": {
        "type": "Polygon",
        "coordinates": [
          [
            [
              -120.6601293,
              35.3023644
            ],
            [
              -120.6601959,
              35.3023517
            ],
            [
              -120.6601611,
              35.3022294
            ],
            [
              -120.6598581,
              35.3022869
            ],
            [
              -120.6598677,
              35.3023208
            ],
            [
              -120.6598527,
              35.3023237
            ],
            [
              -120.6598438,
              35.3022924
            ],
            [
              -120.6596921,
              35.3023211
            ],
            [
              -120.6597086,
              35.3023791
            ],
            [
              -120.65981,
              35.3023599
            ],
            [
              -120.6598166,
              35.3023832
            ],
            [
              -120.660084,
              35.3023325
            ],
            [
              -120.6600868,
              35.3023425
            ],
            [
              -120.6601213,
              35.302336
            ],
            [
              -120.6601293,
              35.3023644
            ]
          ]
        ]
      },
      "id": "way/45638394"
    },
    {
      "type": "Feature",
      "properties": {
        "@id": "way/45638395",
        "building": "university"
      },
      "geometry": {
        "type": "Polygon",
        "coordinates": [
          [
            [
              -120.6611434,
              35.3043986
            ],
            [
              -120.6611265,
              35.3042478
            ],
            [
              -120.6610903,
              35.3042505
            ],
            [
              -120.6610818,
              35.3041741
            ],
            [
              -120.6609697,
              35.3041824
            ],
            [
              -120.6609951,
              35.3044096
            ],
            [
              -120.6611434,
              35.3043986
            ]
          ]
        ]
      },
      "id": "way/45638395"
    },
    {
      "type": "Feature",
      "properties": {
        "@id": "way/45638396",
        "building": "university"
      },
      "geometry": {
        "type": "Polygon",
        "coordinates": [
          [
            [
              -120.66091,
              35.304498
            ],
            [
              -120.6608985,
              35.3043745
            ],
            [
              -120.6607586,
              35.3043833
            ],
            [
              -120.6607702,
              35.3045068
            ],
            [
              -120.66091,
              35.304498
            ]
          ]
        ]
      },
      "id": "way/45638396"
    },
    {
      "type": "Feature",
      "properties": {
        "@id": "way/45638397",
        "addr:city": "San Luis Obispo",
        "addr:postcode": "93407",
        "addr:street": "Grand",
        "building": "university",
        "name": "Cal Poly Campus Market",
        "opening_hours": "Mo-Th 07:30-16:30; Fr 07:30-16:00",
        "ref": "24",
        "shop": "convenience",
        "amenity": "dining"
      },
      "geometry": {
        "type": "Polygon",
        "coordinates": [
          [
            [
              -120.6627294,
              35.3033975
            ],
            [
              -120.6630312,
              35.3033417
            ],
            [
              -120.6630282,
              35.3033279
            ],
            [
              -120.6631214,
              35.3033098
            ],
            [
              -120.6631629,
              35.3033021
            ],
            [
              -120.6631796,
              35.3033377
            ],
            [
              -120.6632589,
              35.3033147
            ],
            [
              -120.6632198,
              35.3032244
            ],
            [
              -120.6632119,
              35.3032253
            ],
            [
              -120.6631998,
              35.303183
            ],
            [
              -120.6626941,
              35.303272
            ],
            [
              -120.6627294,
              35.3033975
            ]
          ]
        ]
      },
      "id": "way/45638397"
    },
    {
      "type": "Feature",
      "properties": {
        "@id": "way/45638398",
        "building": "university"
      },
      "geometry": {
        "type": "Polygon",
        "coordinates": [
          [
            [
              -120.6620062,
              35.3047219
            ],
            [
              -120.6619953,
              35.3046643
            ],
            [
              -120.6619535,
              35.3046713
            ],
            [
              -120.6619456,
              35.3046374
            ],
            [
              -120.6616568,
              35.3046831
            ],
            [
              -120.6613488,
              35.3047783
            ],
            [
              -120.6613456,
              35.3047717
            ],
            [
              -120.6612768,
              35.3047921
            ],
            [
              -120.6613197,
              35.3048868
            ],
            [
              -120.6616901,
              35.3047743
            ],
            [
              -120.6620062,
              35.3047219
            ]
          ]
        ]
      },
      "id": "way/45638398"
    },
    {
      "type": "Feature",
      "properties": {
        "@id": "way/45638400",
        "addr:city": "San Luis Obispo",
        "addr:housenumber": "52",
        "addr:postcode": "93407",
        "addr:street": "Grand",
        "building": "university",
        "building:levels": "1",
        "name": "Science",
        "ref": "52",
        "amenity": "science_building"
      },
      "geometry": {
        "type": "Polygon",
        "coordinates": [
          [
            [
              -120.6600176,
              35.3007801
            ],
            [
              -120.6601094,
              35.3007343
            ],
            [
              -120.6601435,
              35.3007386
            ],
            [
              -120.6601906,
              35.3008342
            ],
            [
              -120.6601603,
              35.3008441
            ],
            [
              -120.6602025,
              35.3009445
            ],
            [
              -120.660337,
              35.3009127
            ],
            [
              -120.6603653,
              35.3009045
            ],
            [
              -120.6604308,
              35.3008785
            ],
            [
              -120.6604383,
              35.3008976
            ],
            [
              -120.660481,
              35.3008811
            ],
            [
              -120.6604162,
              35.3007745
            ],
            [
              -120.6603916,
              35.3007834
            ],
            [
              -120.6603078,
              35.3006114
            ],
            [
              -120.6602856,
              35.3004243
            ],
            [
              -120.6604911,
              35.3004055
            ],
            [
              -120.6604925,
              35.3004155
            ],
            [
              -120.6605428,
              35.3004119
            ],
            [
              -120.6605605,
              35.3005209
            ],
            [
              -120.66069,
              35.300508
            ],
            [
              -120.6606651,
              35.3003282
            ],
            [
              -120.6606608,
              35.3002917
            ],
            [
              -120.6606861,
              35.3002895
            ],
            [
              -120.6606712,
              35.3001632
            ],
            [
              -120.6603857,
              35.3001908
            ],
            [
              -120.6603914,
              35.3002267
            ],
            [
              -120.6602684,
              35.300236
            ],
            [
              -120.6602552,
              35.300132
            ],
            [
              -120.6603165,
              35.3001247
            ],
            [
              -120.6603065,
              35.3000523
            ],
            [
              -120.6601921,
              35.3000547
            ],
            [
              -120.6601955,
              35.3000433
            ],
            [
              -120.6601342,
              35.3000461
            ],
            [
              -120.6601119,
              35.3000467
            ],
            [
              -120.660121,
              35.3001075
            ],
            [
              -120.6601244,
              35.3001374
            ],
            [
              -120.660047,
              35.3001424
            ],
            [
              -120.6600494,
              35.3001777
            ],
            [
              -120.660033,
              35.3001786
            ],
            [
              -120.6600407,
              35.3002299
            ],
            [
              -120.6596779,
              35.3002621
            ],
            [
              -120.6596794,
              35.3002722
            ],
            [
              -120.6596634,
              35.3002749
            ],
            [
              -120.6596395,
              35.3002781
            ],
            [
              -120.6596021,
              35.3002811
            ],
            [
              -120.6596047,
              35.3003121
            ],
            [
              -120.6593547,
              35.3003359
            ],
            [
              -120.6593509,
              35.3004
            ],
            [
              -120.6593032,
              35.3004054
            ],
            [
              -120.6593142,
              35.3005083
            ],
            [
              -120.6592724,
              35.3005132
            ],
            [
              -120.6592761,
              35.3005495
            ],
            [
              -120.6593897,
              35.3005396
            ],
            [
              -120.6593849,
              35.3005035
            ],
            [
              -120.6596599,
              35.3004784
            ],
            [
              -120.6596598,
              35.3004565
            ],
            [
              -120.6597524,
              35.3004495
            ],
            [
              -120.6597551,
              35.3004569
            ],
            [
              -120.6597966,
              35.3004563
            ],
            [
              -120.6597967,
              35.3004647
            ],
            [
              -120.6599153,
              35.3004542
            ],
            [
              -120.6600875,
              35.3004392
            ],
            [
              -120.6600983,
              35.3005537
            ],
            [
              -120.6598643,
              35.3005733
            ],
            [
              -120.6598555,
              35.300507
            ],
            [
              -120.6597418,
              35.3005361
            ],
            [
              -120.6597463,
              35.3005604
            ],
            [
              -120.6596742,
              35.3005688
            ],
            [
              -120.6596763,
              35.3005949
            ],
            [
              -120.65937,
              35.3006206
            ],
            [
              -120.6593805,
              35.3006913
            ],
            [
              -120.6593564,
              35.3006954
            ],
            [
              -120.6593647,
              35.3007469
            ],
            [
              -120.6593873,
              35.3007468
            ],
            [
              -120.659399,
              35.3008273
            ],
            [
              -120.6594268,
              35.3008227
            ],
            [
              -120.6594352,
              35.3008334
            ],
            [
              -120.6600176,
              35.3007801
            ]
          ]
        ]
      },
      "id": "way/45638400"
    },
    {
      "type": "Feature",
      "properties": {
        "@id": "way/45638401",
        "addr:city": "San Luis Obispo",
        "addr:postcode": "93407",
        "addr:street": "Grand",
        "building": "university",
        "name": "Cal Poly University Store",
        "ref": "65",
        "amenity": "academic"
      },
      "geometry": {
        "type": "Polygon",
        "coordinates": [
          [
            [
              -120.6589314,
              35.3001004
            ],
            [
              -120.6590919,
              35.3002637
            ],
            [
              -120.6591354,
              35.3002792
            ],
            [
              -120.6591494,
              35.3002585
            ],
            [
              -120.6592225,
              35.3002836
            ],
            [
              -120.6593722,
              35.3001908
            ],
            [
              -120.6593536,
              35.3001293
            ],
            [
              -120.6594204,
              35.3000866
            ],
            [
              -120.6594843,
              35.3001492
            ],
            [
              -120.6595343,
              35.3001157
            ],
            [
              -120.6594928,
              35.3000753
            ],
            [
              -120.6595418,
              35.3000439
            ],
            [
              -120.6593433,
              35.2998392
            ],
            [
              -120.659177,
              35.299945
            ],
            [
              -120.659104,
              35.2999167
            ],
            [
              -120.658954,
              35.300012
            ],
            [
              -120.6589654,
              35.3000753
            ],
            [
              -120.6589314,
              35.3001004
            ]
          ]
        ]
      },
      "id": "way/45638401"
    },
    {
      "type": "Feature",
      "properties": {
        "@id": "way/45638402",
        "addr:city": "San Luis Obispo",
        "addr:postcode": "93407",
        "addr:street": "Grand",
        "building": "university",
        "name": "Administration",
        "ref": "1",
        "amenity": "administrative"
      },
      "geometry": {
        "type": "Polygon",
        "coordinates": [
          [
            [
              -120.6587514,
              35.3012137
            ],
            [
              -120.6588563,
              35.3008172
            ],
            [
              -120.6584338,
              35.3007427
            ],
            [
              -120.6583836,
              35.3009326
            ],
            [
              -120.6584165,
              35.3009384
            ],
            [
              -120.6583889,
              35.3010427
            ],
            [
              -120.6583148,
              35.3010297
            ],
            [
              -120.6582739,
              35.301184
            ],
            [
              -120.6586955,
              35.3012583
            ],
            [
              -120.6587093,
              35.3012063
            ],
            [
              -120.6587514,
              35.3012137
            ]
          ]
        ]
      },
      "id": "way/45638402"
    },
    {
      "type": "Feature",
      "properties": {
        "@id": "way/45638403",
        "addr:street": "Grand",
        "building": "university",
        "name": "Clyde P. Fisher Science",
        "ref": "33",
        "amenity": "science_building"
      },
      "geometry": {
        "type": "Polygon",
        "coordinates": [
          [
            [
              -120.6596335,
              35.3026056
            ],
            [
              -120.6595169,
              35.3022078
            ],
            [
              -120.6594653,
              35.3022162
            ],
            [
              -120.6594497,
              35.3021591
            ],
            [
              -120.6594432,
              35.3021351
            ],
            [
              -120.6594374,
              35.3021126
            ],
            [
              -120.659491,
              35.302099
            ],
            [
              -120.6594089,
              35.3018189
            ],
            [
              -120.6593968,
              35.3018209
            ],
            [
              -120.6593854,
              35.301779
            ],
            [
              -120.6593011,
              35.3017973
            ],
            [
              -120.6592889,
              35.3017503
            ],
            [
              -120.6592869,
              35.3017391
            ],
            [
              -120.6591551,
              35.3017666
            ],
            [
              -120.6592366,
              35.3020614
            ],
            [
              -120.659253,
              35.3021205
            ],
            [
              -120.6589785,
              35.3021755
            ],
            [
              -120.6590315,
              35.3023564
            ],
            [
              -120.6593081,
              35.3023054
            ],
            [
              -120.6593873,
              35.3025769
            ],
            [
              -120.6594835,
              35.3025587
            ],
            [
              -120.6595038,
              35.3026302
            ],
            [
              -120.6596335,
              35.3026056
            ]
          ]
        ]
      },
      "id": "way/45638403"
    },
    {
      "type": "Feature",
      "properties": {
        "@id": "way/45638404",
        "addr:city": "San Luis Obispo",
        "addr:postcode": "93407",
        "addr:street": "Grand",
        "building": "dormitory",
        "building:levels": "2",
        "name": "103 Whitney Hall",
        "ref": "103",
        "amenity": "dormitory"
      },
      "geometry": {
        "type": "Polygon",
        "coordinates": [
          [
            [
              -120.657959,
              35.3027753
            ],
            [
              -120.6581148,
              35.3022906
            ],
            [
              -120.658094,
              35.3022857
            ],
            [
              -120.6579789,
              35.3022614
            ],
            [
              -120.657831,
              35.302745
            ],
            [
              -120.657959,
              35.3027753
            ]
          ]
        ]
      },
      "id": "way/45638404"
    },
    {
      "type": "Feature",
      "properties": {
        "@id": "way/45638405",
        "addr:city": "San Luis Obispo",
        "addr:postcode": "93407",
        "addr:street": "Grand",
        "building": "dormitory",
        "building:levels": "2",
        "name": "104 Lassen Hall",
        "ref": "104",
        "amenity": "dormitory"
      },
      "geometry": {
        "type": "Polygon",
        "coordinates": [
          [
            [
              -120.6585511,
              35.3026867
            ],
            [
              -120.6584351,
              35.3022258
            ],
            [
              -120.6583046,
              35.3022505
            ],
            [
              -120.6584178,
              35.3027126
            ],
            [
              -120.6585511,
              35.3026867
            ]
          ]
        ]
      },
      "id": "way/45638405"
    },
    {
      "type": "Feature",
      "properties": {
        "@id": "way/45638408",
        "addr:city": "San Luis Obispo",
        "addr:housenumber": "5",
        "addr:postcode": "93407",
        "addr:street": "Grand",
        "building": "university",
        "name": "Architecture and Environmental Design",
        "ref": "05",
        "amenity": "architecture"
      },
      "geometry": {
        "type": "Polygon",
        "coordinates": [
          [
            [
              -120.6649016,
              35.3009311
            ],
            [
              -120.6648552,
              35.3007628
            ],
            [
              -120.6646523,
              35.3008001
            ],
            [
              -120.6646298,
              35.3007215
            ],
            [
              -120.6645258,
              35.3007392
            ],
            [
              -120.6645005,
              35.3006576
            ],
            [
              -120.6644082,
              35.3006736
            ],
            [
              -120.6643842,
              35.3005963
            ],
            [
              -120.6643643,
              35.3005988
            ],
            [
              -120.6643355,
              35.3005075
            ],
            [
              -120.664224,
              35.300528
            ],
            [
              -120.6642548,
              35.3006396
            ],
            [
              -120.6643005,
              35.3006308
            ],
            [
              -120.6643205,
              35.3006915
            ],
            [
              -120.6640325,
              35.3007464
            ],
            [
              -120.6640535,
              35.3008281
            ],
            [
              -120.664133,
              35.3008139
            ],
            [
              -120.6641619,
              35.3009013
            ],
            [
              -120.6642085,
              35.3010584
            ],
            [
              -120.6649016,
              35.3009311
            ]
          ]
        ]
      },
      "id": "way/45638408"
    },
    {
      "type": "Feature",
      "properties": {
        "@id": "way/45638410",
        "addr:housenumber": "7A",
        "building": "university"
      },
      "geometry": {
        "type": "Polygon",
        "coordinates": [
          [
            [
              -120.6657102,
              35.3020696
            ],
            [
              -120.665683,
              35.3019788
            ],
            [
              -120.6655269,
              35.3020098
            ],
            [
              -120.6655541,
              35.3021006
            ],
            [
              -120.6657102,
              35.3020696
            ]
          ]
        ]
      },
      "id": "way/45638410"
    },
    {
      "type": "Feature",
      "properties": {
        "@id": "way/45638411",
        "building": "yes"
      },
      "geometry": {
        "type": "Polygon",
        "coordinates": [
          [
            [
              -120.6640076,
              35.3007104
            ],
            [
              -120.6642098,
              35.3006733
            ],
            [
              -120.6641635,
              35.3005053
            ],
            [
              -120.664081,
              35.3005213
            ],
            [
              -120.6640614,
              35.3004436
            ],
            [
              -120.6638605,
              35.3004802
            ],
            [
              -120.6639041,
              35.3006472
            ],
            [
              -120.6639886,
              35.3006325
            ],
            [
              -120.6640076,
              35.3007104
            ]
          ]
        ]
      },
      "id": "way/45638411"
    },
    {
      "type": "Feature",
      "properties": {
        "@id": "way/45644097",
        "building": "yes",
        "name": "Reservoir #1"
      },
      "geometry": {
        "type": "Polygon",
        "coordinates": [
          [
            [
              -120.6556559,
              35.3028238
            ],
            [
              -120.6555778,
              35.3025278
            ],
            [
              -120.6553719,
              35.3025638
            ],
            [
              -120.65545,
              35.3028604
            ],
            [
              -120.6556559,
              35.3028238
            ]
          ]
        ]
      },
      "id": "way/45644097"
    },
    {
      "type": "Feature",
      "properties": {
        "@id": "way/45644100",
        "addr:city": "San Luis Obispo",
        "addr:postcode": "93407",
        "addr:street": "Grand",
        "building": "university",
        "min_level": "-1",
        "name": "Construction Innovations Center",
        "ref": "186",
        "amenity": "academic"
      },
      "geometry": {
        "type": "Polygon",
        "coordinates": [
          [
            [
              -120.6622743,
              35.2991484
            ],
            [
              -120.6623494,
              35.2994174
            ],
            [
              -120.6630228,
              35.2992913
            ],
            [
              -120.6630653,
              35.2994233
            ],
            [
              -120.6630842,
              35.2994188
            ],
            [
              -120.6631001,
              35.2994156
            ],
            [
              -120.6633277,
              35.2993724
            ],
            [
              -120.6633271,
              35.2993517
            ],
            [
              -120.6633731,
              35.2993425
            ],
            [
              -120.6633623,
              35.2992964
            ],
            [
              -120.6633274,
              35.2991588
            ],
            [
              -120.6631453,
              35.2991904
            ],
            [
              -120.6631521,
              35.2992204
            ],
            [
              -120.6630021,
              35.299247
            ],
            [
              -120.6629684,
              35.2991251
            ],
            [
              -120.662492,
              35.2992125
            ],
            [
              -120.6624884,
              35.2992017
            ],
            [
              -120.6624107,
              35.2992179
            ],
            [
              -120.6623832,
              35.2991278
            ],
            [
              -120.6622743,
              35.2991484
            ]
          ]
        ]
      },
      "id": "way/45644100"
    },
    {
      "type": "Feature",
      "properties": {
        "@id": "way/45644158",
        "access": "permissive",
        "addr:city": "San Luis Obispo",
        "addr:postcode": "93407",
        "addr:state": "CA",
        "addr:street": "Grand",
        "amenity": "parking",
        "building": "parking",
        "capacity": "937",
        "fee": "yes",
        "maxstay": "1.5 hours",
        "name": "Village Drive Parking Structure (271)",
        "operator": "Cal Poly Transportation and Parking Services",
        "park_ride": "no",
        "parking": "multi-storey",
        "supervised": "yes",
        "surface": "paved",
        "website": "https://afd.calpoly.edu/parking/parkingoncampus/parkinglots/#r3lot",
        "ref": "271"
      },
      "geometry": {
        "type": "Polygon",
        "coordinates": [
          [
            [
              -120.6597374,
              35.3066086
            ],
            [
              -120.6598192,
              35.3065714
            ],
            [
              -120.6606497,
              35.3061779
            ],
            [
              -120.6606152,
              35.3061291
            ],
            [
              -120.6606604,
              35.3061078
            ],
            [
              -120.6604063,
              35.3057495
            ],
            [
              -120.6603767,
              35.3057635
            ],
            [
              -120.6603543,
              35.3057319
            ],
            [
              -120.6594511,
              35.3061583
            ],
            [
              -120.6594753,
              35.3061925
            ],
            [
              -120.6593479,
              35.3062621
            ],
            [
              -120.6594568,
              35.3064303
            ],
            [
              -120.6595432,
              35.3063866
            ],
            [
              -120.659687,
              35.3065894
            ],
            [
              -120.6597145,
              35.3065763
            ],
            [
              -120.6597374,
              35.3066086
            ]
          ]
        ]
      },
      "id": "way/45644158"
    },
    {
      "type": "Feature",
      "properties": {
        "@id": "way/45644212",
        "addr:city": "San Luis Obispo",
        "addr:postcode": "93407",
        "addr:street": "Grand",
        "building": "dormitory",
        "name": "81 Hillcrest",
        "ref": "81"
      },
      "geometry": {
        "type": "Polygon",
        "coordinates": [
          [
            [
              -120.6579822,
              35.3020011
            ],
            [
              -120.6579819,
              35.3020857
            ],
            [
              -120.6580287,
              35.3020859
            ],
            [
              -120.6580287,
              35.3020914
            ],
            [
              -120.6581279,
              35.3020917
            ],
            [
              -120.6581278,
              35.3021126
            ],
            [
              -120.6582796,
              35.3021131
            ],
            [
              -120.6582798,
              35.3020744
            ],
            [
              -120.658302,
              35.3020745
            ],
            [
              -120.6583023,
              35.30201
            ],
            [
              -120.6582836,
              35.30201
            ],
            [
              -120.6582845,
              35.301968
            ],
            [
              -120.6581092,
              35.301967
            ],
            [
              -120.658105,
              35.3020078
            ],
            [
              -120.6580669,
              35.3020077
            ],
            [
              -120.6580669,
              35.3020013
            ],
            [
              -120.6579822,
              35.3020011
            ]
          ]
        ]
      },
      "id": "way/45644212"
    },
    {
      "type": "Feature",
      "properties": {
        "@id": "way/45644213",
        "addr:city": "San Luis Obispo",
        "addr:postcode": "93407",
        "addr:street": "Grand",
        "building": "university",
        "name": "31 Housing and Residential Life",
        "ref": "31",
        "amenity": "academic"
      },
      "geometry": {
        "type": "Polygon",
        "coordinates": [
          [
            [
              -120.657413,
              35.3019163
            ],
            [
              -120.6576324,
              35.3021403
            ],
            [
              -120.6577547,
              35.3020605
            ],
            [
              -120.6577614,
              35.3020561
            ],
            [
              -120.657638,
              35.3019301
            ],
            [
              -120.6576151,
              35.3019449
            ],
            [
              -120.6575103,
              35.3018421
            ],
            [
              -120.6574396,
              35.3018803
            ],
            [
              -120.6574508,
              35.3018916
            ],
            [
              -120.657413,
              35.3019163
            ]
          ]
        ]
      },
      "id": "way/45644213"
    },
    {
      "type": "Feature",
      "properties": {
        "@id": "way/45644218",
        "building": "university"
      },
      "geometry": {
        "type": "Polygon",
        "coordinates": [
          [
            [
              -120.6610473,
              35.3036064
            ],
            [
              -120.661154,
              35.3035996
            ],
            [
              -120.6611381,
              35.3034319
            ],
            [
              -120.6610314,
              35.3034386
            ],
            [
              -120.6610473,
              35.3036064
            ]
          ]
        ]
      },
      "id": "way/45644218"
    },
    {
      "type": "Feature",
      "properties": {
        "@id": "way/45644222",
        "addr:city": "San Luis Obispo",
        "addr:housenumber": "41A",
        "addr:postcode": "93407",
        "addr:street": "Grand",
        "building": "university",
        "name": "Brown Engineering",
        "ref": "13",
        "amenity": "engineering_building"
      },
      "geometry": {
        "type": "Polygon",
        "coordinates": [
          [
            [
              -120.6655123,
              35.3025264
            ],
            [
              -120.6655798,
              35.3027634
            ],
            [
              -120.665623,
              35.3027509
            ],
            [
              -120.6656281,
              35.3027658
            ],
            [
              -120.6656061,
              35.3027748
            ],
            [
              -120.665625,
              35.3028049
            ],
            [
              -120.6657428,
              35.3027619
            ],
            [
              -120.6658689,
              35.3027215
            ],
            [
              -120.666024,
              35.3026826
            ],
            [
              -120.6661756,
              35.3026584
            ],
            [
              -120.6662779,
              35.3026513
            ],
            [
              -120.6662751,
              35.3026204
            ],
            [
              -120.6662129,
              35.302625
            ],
            [
              -120.6662126,
              35.302609
            ],
            [
              -120.6663144,
              35.3026043
            ],
            [
              -120.6663309,
              35.3025616
            ],
            [
              -120.666326,
              35.3025314
            ],
            [
              -120.6662745,
              35.3024493
            ],
            [
              -120.6661846,
              35.3024659
            ],
            [
              -120.6661647,
              35.3024011
            ],
            [
              -120.6655123,
              35.3025264
            ]
          ]
        ]
      },
      "id": "way/45644222"
    },
    {
      "type": "Feature",
      "properties": {
        "@id": "way/45644223",
        "addr:housenumber": "41C",
        "building": "university",
        "university-function": "academic school or college"
      },
      "geometry": {
        "type": "Polygon",
        "coordinates": [
          [
            [
              -120.6662647,
              35.3021063
            ],
            [
              -120.6661826,
              35.3018463
            ],
            [
              -120.6660948,
              35.3018648
            ],
            [
              -120.6661769,
              35.3021248
            ],
            [
              -120.6662647,
              35.3021063
            ]
          ]
        ]
      },
      "id": "way/45644223"
    },
    {
      "type": "Feature",
      "properties": {
        "@id": "way/118003905",
        "addr:city": "San Luis Obispo",
        "addr:postcode": "93407",
        "addr:street": "Grand",
        "building": "university",
        "building:use": "office",
        "name": "Julian A. McPhee University Union (65)",
        "office": "Cal Poly ASI",
        "amenity": "student_services",
        "ref": "65"
      },
      "geometry": {
        "type": "Polygon",
        "coordinates": [
          [
            [
              -120.6587106,
              35.3001112
            ],
            [
              -120.6588034,
              35.2999527
            ],
            [
              -120.6586024,
              35.2998733
            ],
            [
              -120.6584265,
              35.3001705
            ],
            [
              -120.6583003,
              35.3003838
            ],
            [
              -120.658503,
              35.3004636
            ],
            [
              -120.6585171,
              35.300438
            ],
            [
              -120.6586305,
              35.3004823
            ],
            [
              -120.658943,
              35.3006051
            ],
            [
              -120.6591354,
              35.3002792
            ],
            [
              -120.6590919,
              35.3002637
            ],
            [
              -120.6589314,
              35.3001004
            ],
            [
              -120.6588331,
              35.3001611
            ],
            [
              -120.6587106,
              35.3001112
            ]
          ]
        ]
      },
      "id": "way/118003905"
    },
    {
      "type": "Feature",
      "properties": {
        "@id": "way/160281818",
        "building": "university"
      },
      "geometry": {
        "type": "Polygon",
        "coordinates": [
          [
            [
              -120.6603282,
              35.3042321
            ],
            [
              -120.6602986,
              35.3039563
            ],
            [
              -120.6600643,
              35.3039731
            ],
            [
              -120.660079,
              35.3041101
            ],
            [
              -120.6600127,
              35.3041149
            ],
            [
              -120.6600276,
              35.3042536
            ],
            [
              -120.6603282,
              35.3042321
            ]
          ]
        ]
      },
      "id": "way/160281818"
    },
    {
      "type": "Feature",
      "properties": {
        "@id": "way/160415341",
        "addr:city": "San Luis Obispo",
        "addr:postcode": "93407",
        "addr:street": "Grand",
        "building": "university",
        "building:colour": "beige",
        "building:levels": "3",
        "building:levels:underground": "1",
        "building:material": "plaster",
        "building:use": "education",
        "max_level": "2",
        "min_level": "-1",
        "name": "Cotchett Education Building",
        "ref": "2",
        "amenity": "academic"
      },
      "geometry": {
        "type": "Polygon",
        "coordinates": [
          [
            [
              -120.6646151,
              35.3004563
            ],
            [
              -120.6648572,
              35.3004112
            ],
            [
              -120.6648175,
              35.3002694
            ],
            [
              -120.66458,
              35.3003136
            ],
            [
              -120.6645574,
              35.3002337
            ],
            [
              -120.6645545,
              35.3002226
            ],
            [
              -120.6645539,
              35.3002205
            ],
            [
              -120.6645512,
              35.3002101
            ],
            [
              -120.6645356,
              35.3001586
            ],
            [
              -120.6644762,
              35.2999496
            ],
            [
              -120.6645829,
              35.2999261
            ],
            [
              -120.6645675,
              35.2998652
            ],
            [
              -120.6644552,
              35.2998849
            ],
            [
              -120.6642539,
              35.2999253
            ],
            [
              -120.6643465,
              35.300265
            ],
            [
              -120.6644255,
              35.3005552
            ],
            [
              -120.6644882,
              35.3005456
            ],
            [
              -120.6644935,
              35.3005701
            ],
            [
              -120.6645209,
              35.3005655
            ],
            [
              -120.6645495,
              35.3005608
            ],
            [
              -120.6645463,
              35.3005427
            ],
            [
              -120.6645971,
              35.3005324
            ],
            [
              -120.6645832,
              35.3004763
            ],
            [
              -120.6646185,
              35.3004684
            ],
            [
              -120.6646151,
              35.3004563
            ]
          ]
        ]
      },
      "id": "way/160415341"
    },
    {
      "type": "Feature",
      "properties": {
        "@id": "way/160415342",
        "addr:city": "San Luis Obispo",
        "addr:housenumber": "3",
        "addr:postcode": "93407",
        "addr:state": "CA",
        "addr:street": "Grand",
        "building": "university",
        "building:levels": "3",
        "email": "cobadvis@calpoly.edu",
        "fax": "+1-805-756-5452",
        "name": "Orfalea College Of Business Building",
        "phone": "+1-805-756-2705",
        "ref": "3",
        "website": "https://www.cob.calpoly.edu/",
        "amenity": "business"
      },
      "geometry": {
        "type": "Polygon",
        "coordinates": [
          [
            [
              -120.6646127,
              35.3002752
            ],
            [
              -120.6648373,
              35.3002363
            ],
            [
              -120.6649218,
              35.3002225
            ],
            [
              -120.6650147,
              35.3002035
            ],
            [
              -120.6650934,
              35.3001892
            ],
            [
              -120.6652927,
              35.3001515
            ],
            [
              -120.665323,
              35.3001386
            ],
            [
              -120.6653426,
              35.3001247
            ],
            [
              -120.6653489,
              35.3001126
            ],
            [
              -120.6653513,
              35.3001016
            ],
            [
              -120.6653521,
              35.3000855
            ],
            [
              -120.6653462,
              35.3000712
            ],
            [
              -120.6653294,
              35.3000497
            ],
            [
              -120.6653126,
              35.3000412
            ],
            [
              -120.6652894,
              35.3000359
            ],
            [
              -120.6652653,
              35.3000382
            ],
            [
              -120.6652118,
              35.3000453
            ],
            [
              -120.6652039,
              35.3000177
            ],
            [
              -120.6651821,
              35.2999628
            ],
            [
              -120.6651355,
              35.2998919
            ],
            [
              -120.6650894,
              35.2998417
            ],
            [
              -120.6650413,
              35.2997949
            ],
            [
              -120.6649775,
              35.2997559
            ],
            [
              -120.6649117,
              35.2997246
            ],
            [
              -120.6648423,
              35.2996973
            ],
            [
              -120.6647667,
              35.2996829
            ],
            [
              -120.6646848,
              35.2996736
            ],
            [
              -120.6646015,
              35.2996773
            ],
            [
              -120.664505,
              35.2996899
            ],
            [
              -120.6645675,
              35.2998652
            ],
            [
              -120.6645829,
              35.2999261
            ],
            [
              -120.664635,
              35.2999181
            ],
            [
              -120.6646824,
              35.2999167
            ],
            [
              -120.6647296,
              35.299922
            ],
            [
              -120.6647824,
              35.2999389
            ],
            [
              -120.6648214,
              35.2999588
            ],
            [
              -120.6648645,
              35.29999
            ],
            [
              -120.6648974,
              35.3000312
            ],
            [
              -120.6649183,
              35.300074
            ],
            [
              -120.6649243,
              35.300103
            ],
            [
              -120.6645859,
              35.3001682
            ],
            [
              -120.6645945,
              35.3002027
            ],
            [
              -120.6645978,
              35.3002155
            ],
            [
              -120.6646007,
              35.3002269
            ],
            [
              -120.6646127,
              35.3002752
            ]
          ]
        ]
      },
      "id": "way/160415342"
    },
    {
      "type": "Feature",
      "properties": {
        "@id": "way/160997971",
        "building": "yes",
        "man_made": "water_tower",
        "name": "Water Tank"
      },
      "geometry": {
        "type": "Polygon",
        "coordinates": [
          [
            [
              -120.6609614,
              35.2993859
            ],
            [
              -120.6609444,
              35.2994155
            ],
            [
              -120.6609426,
              35.2994482
            ],
            [
              -120.6609563,
              35.2994789
            ],
            [
              -120.6609834,
              35.2995031
            ],
            [
              -120.6610197,
              35.2995169
            ],
            [
              -120.6610597,
              35.2995184
            ],
            [
              -120.6610974,
              35.2995072
            ],
            [
              -120.661127,
              35.2994851
            ],
            [
              -120.661144,
              35.2994555
            ],
            [
              -120.6611457,
              35.2994228
            ],
            [
              -120.6611321,
              35.299392
            ],
            [
              -120.661105,
              35.2993679
            ],
            [
              -120.6610687,
              35.2993541
            ],
            [
              -120.6610286,
              35.2993526
            ],
            [
              -120.660991,
              35.2993638
            ],
            [
              -120.6609614,
              35.2993859
            ]
          ]
        ]
      },
      "id": "way/160997971"
    },
    {
      "type": "Feature",
      "properties": {
        "@id": "way/204428010",
        "bridge": "yes",
        "building": "university",
        "layer": "2",
        "man_made": "bridge"
      },
      "geometry": {
        "type": "Polygon",
        "coordinates": [
          [
            [
              -120.6595704,
              35.3021149
            ],
            [
              -120.6595624,
              35.3020875
            ],
            [
              -120.659491,
              35.302099
            ],
            [
              -120.6594374,
              35.3021126
            ],
            [
              -120.6594432,
              35.3021351
            ],
            [
              -120.6595704,
              35.3021149
            ]
          ]
        ]
      },
      "id": "way/204428010"
    },
    {
      "type": "Feature",
      "properties": {
        "@id": "way/205393261",
        "building": "yes",
        "name": "04D- Aero Jet Engine Test Facility",
        "amenity": "maintenance"
      },
      "geometry": {
        "type": "Polygon",
        "coordinates": [
          [
            [
              -120.6652039,
              35.3055905
            ],
            [
              -120.6651493,
              35.3056372
            ],
            [
              -120.665208,
              35.3056768
            ],
            [
              -120.6652589,
              35.3056274
            ],
            [
              -120.6652039,
              35.3055905
            ]
          ]
        ]
      },
      "id": "way/205393261"
    },
    {
      "type": "Feature",
      "properties": {
        "@id": "way/205393270",
        "building": "yes"
      },
      "geometry": {
        "type": "Polygon",
        "coordinates": [
          [
            [
              -120.664144,
              35.3057518
            ],
            [
              -120.6641503,
              35.305869
            ],
            [
              -120.6641963,
              35.3058669
            ],
            [
              -120.6641867,
              35.3057535
            ],
            [
              -120.664144,
              35.3057518
            ]
          ]
        ]
      },
      "id": "way/205393270"
    },
    {
      "type": "Feature",
      "properties": {
        "@id": "way/205393309",
        "building": "yes",
        "name": "160F- Sport Complex Maintenance Building",
        "amenity": "maintenance"
      },
      "geometry": {
        "type": "Polygon",
        "coordinates": [
          [
            [
              -120.6643004,
              35.3058638
            ],
            [
              -120.6642575,
              35.3059317
            ],
            [
              -120.6643842,
              35.3060264
            ],
            [
              -120.6644539,
              35.3059547
            ],
            [
              -120.6643004,
              35.3058638
            ]
          ]
        ]
      },
      "id": "way/205393309"
    },
    {
      "type": "Feature",
      "properties": {
        "@id": "way/205393312",
        "building": "yes"
      },
      "geometry": {
        "type": "Polygon",
        "coordinates": [
          [
            [
              -120.6646617,
              35.3050414
            ],
            [
              -120.664696,
              35.3050649
            ],
            [
              -120.6647227,
              35.3050389
            ],
            [
              -120.6646883,
              35.3050155
            ],
            [
              -120.6646617,
              35.3050414
            ]
          ]
        ]
      },
      "id": "way/205393312"
    },
    {
      "type": "Feature",
      "properties": {
        "@id": "way/205407027",
        "building": "university"
      },
      "geometry": {
        "type": "Polygon",
        "coordinates": [
          [
            [
              -120.6649049,
              35.3003763
            ],
            [
              -120.6649604,
              35.3004069
            ],
            [
              -120.6650279,
              35.3004085
            ],
            [
              -120.6650833,
              35.3003846
            ],
            [
              -120.6651192,
              35.300339
            ],
            [
              -120.6651203,
              35.300285
            ],
            [
              -120.6650891,
              35.3002376
            ],
            [
              -120.6650349,
              35.3002078
            ],
            [
              -120.6650147,
              35.3002035
            ],
            [
              -120.6649218,
              35.3002225
            ],
            [
              -120.6649056,
              35.3002335
            ],
            [
              -120.6648778,
              35.3002784
            ],
            [
              -120.6648755,
              35.3003308
            ],
            [
              -120.6649049,
              35.3003763
            ]
          ]
        ]
      },
      "id": "way/205407027"
    },
    {
      "type": "Feature",
      "properties": {
        "@id": "way/205407029",
        "addr:housenumber": "187",
        "building": "university",
        "name": "Materials Demonstration Lab",
        "university-function": "academic school or college",
        "amenity": "academic",
        "ref": "187"
      },
      "geometry": {
        "type": "Polygon",
        "coordinates": [
          [
            [
              -120.662793,
              35.2993569
            ],
            [
              -120.6623711,
              35.2994387
            ],
            [
              -120.6624036,
              35.2995521
            ],
            [
              -120.6628268,
              35.2994732
            ],
            [
              -120.662793,
              35.2993569
            ]
          ]
        ]
      },
      "id": "way/205407029"
    },
    {
      "type": "Feature",
      "properties": {
        "@id": "way/205407031",
        "building": "university"
      },
      "geometry": {
        "type": "Polygon",
        "coordinates": [
          [
            [
              -120.6612229,
              35.3037076
            ],
            [
              -120.6611595,
              35.3037115
            ],
            [
              -120.6611644,
              35.3037644
            ],
            [
              -120.6612278,
              35.3037605
            ],
            [
              -120.6612229,
              35.3037076
            ]
          ]
        ]
      },
      "id": "way/205407031"
    },
    {
      "type": "Feature",
      "properties": {
        "@id": "way/205407033",
        "building": "school",
        "nohousenumber": "yes"
      },
      "geometry": {
        "type": "Polygon",
        "coordinates": [
          [
            [
              -120.6615715,
              35.3007842
            ],
            [
              -120.6615066,
              35.3008227
            ],
            [
              -120.66156,
              35.3008828
            ],
            [
              -120.661625,
              35.3008443
            ],
            [
              -120.6615715,
              35.3007842
            ]
          ]
        ]
      },
      "id": "way/205407033"
    },
    {
      "type": "Feature",
      "properties": {
        "@id": "way/205407036",
        "building": "university"
      },
      "geometry": {
        "type": "Polygon",
        "coordinates": [
          [
            [
              -120.6611609,
              35.3035027
            ],
            [
              -120.6611747,
              35.3036638
            ],
            [
              -120.6612351,
              35.3036603
            ],
            [
              -120.6612306,
              35.3036082
            ],
            [
              -120.6612514,
              35.303607
            ],
            [
              -120.661242,
              35.3034981
            ],
            [
              -120.6611609,
              35.3035027
            ]
          ]
        ]
      },
      "id": "way/205407036"
    },
    {
      "type": "Feature",
      "properties": {
        "@id": "way/205407037",
        "building": "university"
      },
      "geometry": {
        "type": "Polygon",
        "coordinates": [
          [
            [
              -120.6610884,
              35.3037644
            ],
            [
              -120.6610942,
              35.3038253
            ],
            [
              -120.6611001,
              35.3038249
            ],
            [
              -120.6611052,
              35.3038781
            ],
            [
              -120.6611799,
              35.3038733
            ],
            [
              -120.6611696,
              35.3037668
            ],
            [
              -120.6611599,
              35.3037674
            ],
            [
              -120.661159,
              35.3037582
            ],
            [
              -120.6610884,
              35.3037644
            ]
          ]
        ]
      },
      "id": "way/205407037"
    },
    {
      "type": "Feature",
      "properties": {
        "@id": "way/205411389",
        "addr:city": "San Luis Obispo",
        "addr:postcode": "93407",
        "addr:street": "Grand",
        "building": "university",
        "name": "Natatorium Faculty Office",
        "ref": "46T",
        "amenity": "administrative"
      },
      "geometry": {
        "type": "Polygon",
        "coordinates": [
          [
            [
              -120.6643963,
              35.2993331
            ],
            [
              -120.6643289,
              35.2990971
            ],
            [
              -120.6642852,
              35.2991055
            ],
            [
              -120.6642115,
              35.2988477
            ],
            [
              -120.6640269,
              35.2988828
            ],
            [
              -120.6640991,
              35.2991356
            ],
            [
              -120.6639214,
              35.2991694
            ],
            [
              -120.6639801,
              35.2993747
            ],
            [
              -120.6640631,
              35.2993589
            ],
            [
              -120.6640684,
              35.2993833
            ],
            [
              -120.6642226,
              35.2993576
            ],
            [
              -120.6642247,
              35.2993671
            ],
            [
              -120.6643963,
              35.2993331
            ]
          ]
        ]
      },
      "id": "way/205411389"
    },
    {
      "type": "Feature",
      "properties": {
        "@id": "way/217565201",
        "building": "yes"
      },
      "geometry": {
        "type": "Polygon",
        "coordinates": [
          [
            [
              -120.6650162,
              35.3011091
            ],
            [
              -120.6651968,
              35.3010777
            ],
            [
              -120.6651784,
              35.301007
            ],
            [
              -120.6649977,
              35.3010385
            ],
            [
              -120.6650162,
              35.3011091
            ]
          ]
        ]
      },
      "id": "way/217565201"
    },
    {
      "type": "Feature",
      "properties": {
        "@id": "way/322170587",
        "addr:housenumber": "180",
        "addr:street": "Grand",
        "building": "university",
        "building:levels": "7",
        "name": "Warren J. Baker Center",
        "ref": "180",
        "amenity": "academic"
      },
      "geometry": {
        "type": "Polygon",
        "coordinates": [
          [
            [
              -120.6611427,
              35.3008592
            ],
            [
              -120.6608573,
              35.3009879
            ],
            [
              -120.6608444,
              35.3009934
            ],
            [
              -120.6609036,
              35.3010588
            ],
            [
              -120.6608477,
              35.3010793
            ],
            [
              -120.6608675,
              35.3011008
            ],
            [
              -120.6605997,
              35.3011928
            ],
            [
              -120.6604943,
              35.3012204
            ],
            [
              -120.6604343,
              35.3012008
            ],
            [
              -120.6603623,
              35.3012152
            ],
            [
              -120.6602296,
              35.301242
            ],
            [
              -120.6602607,
              35.3013424
            ],
            [
              -120.6597327,
              35.3013517
            ],
            [
              -120.6597427,
              35.3015911
            ],
            [
              -120.66017,
              35.3015913
            ],
            [
              -120.6601713,
              35.3015384
            ],
            [
              -120.6601987,
              35.3015379
            ],
            [
              -120.660342,
              35.3015354
            ],
            [
              -120.6603563,
              35.3015833
            ],
            [
              -120.6604539,
              35.3015665
            ],
            [
              -120.6606434,
              35.301534
            ],
            [
              -120.6606045,
              35.3014122
            ],
            [
              -120.6611285,
              35.3012451
            ],
            [
              -120.6611677,
              35.301305
            ],
            [
              -120.6612299,
              35.3012843
            ],
            [
              -120.6613089,
              35.3012276
            ],
            [
              -120.6613406,
              35.3011775
            ],
            [
              -120.6612252,
              35.3011289
            ],
            [
              -120.6611882,
              35.3010684
            ],
            [
              -120.6613077,
              35.3010153
            ],
            [
              -120.6612358,
              35.3009124
            ],
            [
              -120.6611976,
              35.3009254
            ],
            [
              -120.6611427,
              35.3008592
            ]
          ]
        ]
      },
      "id": "way/322170587"
    },
    {
      "type": "Feature",
      "properties": {
        "@id": "way/323359887",
        "addr:city": "San Luis Obispo",
        "addr:street": "Grand",
        "building": "university",
        "name": "Faculty Offices North",
        "ref": "47",
        "amenity": "administrative"
      },
      "geometry": {
        "type": "Polygon",
        "coordinates": [
          [
            [
              -120.6605878,
              35.3026507
            ],
            [
              -120.6605553,
              35.3025382
            ],
            [
              -120.6604552,
              35.3025575
            ],
            [
              -120.6604468,
              35.3025285
            ],
            [
              -120.6602433,
              35.3025677
            ],
            [
              -120.6602536,
              35.3026031
            ],
            [
              -120.6602387,
              35.3026059
            ],
            [
              -120.6602297,
              35.3025747
            ],
            [
              -120.6601871,
              35.3025829
            ],
            [
              -120.660182,
              35.3025655
            ],
            [
              -120.660151,
              35.3025715
            ],
            [
              -120.6601425,
              35.3025419
            ],
            [
              -120.659943,
              35.3025803
            ],
            [
              -120.659953,
              35.3026152
            ],
            [
              -120.6599374,
              35.3026182
            ],
            [
              -120.6599283,
              35.3025866
            ],
            [
              -120.6598411,
              35.3026034
            ],
            [
              -120.6598266,
              35.3025533
            ],
            [
              -120.6597562,
              35.3025668
            ],
            [
              -120.6597519,
              35.302552
            ],
            [
              -120.6596722,
              35.3025673
            ],
            [
              -120.6596917,
              35.3026347
            ],
            [
              -120.659708,
              35.3026316
            ],
            [
              -120.6597248,
              35.3026896
            ],
            [
              -120.6598488,
              35.3026658
            ],
            [
              -120.6598445,
              35.3026507
            ],
            [
              -120.6598564,
              35.3026484
            ],
            [
              -120.6598749,
              35.3027126
            ],
            [
              -120.65991,
              35.3027059
            ],
            [
              -120.6599022,
              35.3026791
            ],
            [
              -120.6601671,
              35.3026281
            ],
            [
              -120.6601838,
              35.3026857
            ],
            [
              -120.660189,
              35.3027037
            ],
            [
              -120.6602177,
              35.3026982
            ],
            [
              -120.6602154,
              35.3026901
            ],
            [
              -120.660208,
              35.3026645
            ],
            [
              -120.6604686,
              35.3026143
            ],
            [
              -120.6604762,
              35.3026406
            ],
            [
              -120.6605094,
              35.3026342
            ],
            [
              -120.660518,
              35.3026642
            ],
            [
              -120.6605878,
              35.3026507
            ]
          ]
        ]
      },
      "id": "way/323359887"
    },
    {
      "type": "Feature",
      "properties": {
        "@id": "way/323359888",
        "addr:city": "San Luis Obispo",
        "addr:street": "Grand",
        "building": "university",
        "name": "Faculty Offices North",
        "ref": "47",
        "amenity": "administrative"
      },
      "geometry": {
        "type": "Polygon",
        "coordinates": [
          [
            [
              -120.6596547,
              35.3024395
            ],
            [
              -120.6596829,
              35.3025409
            ],
            [
              -120.6597462,
              35.3025292
            ],
            [
              -120.6597416,
              35.3025128
            ],
            [
              -120.6598141,
              35.3024993
            ],
            [
              -120.6598169,
              35.3025097
            ],
            [
              -120.6598495,
              35.3025036
            ],
            [
              -120.6598573,
              35.3025314
            ],
            [
              -120.6601248,
              35.3024818
            ],
            [
              -120.6601272,
              35.3024903
            ],
            [
              -120.6601505,
              35.302486
            ],
            [
              -120.6601587,
              35.3025155
            ],
            [
              -120.660427,
              35.3024658
            ],
            [
              -120.6604304,
              35.3024779
            ],
            [
              -120.6604614,
              35.3024722
            ],
            [
              -120.6604704,
              35.3025047
            ],
            [
              -120.6606124,
              35.3024784
            ],
            [
              -120.6605829,
              35.3023724
            ],
            [
              -120.6605106,
              35.3023858
            ],
            [
              -120.6605146,
              35.3024003
            ],
            [
              -120.6604467,
              35.3024129
            ],
            [
              -120.6604373,
              35.3023791
            ],
            [
              -120.6601495,
              35.3024324
            ],
            [
              -120.6601445,
              35.3024144
            ],
            [
              -120.660111,
              35.3024206
            ],
            [
              -120.6601041,
              35.3023958
            ],
            [
              -120.6599009,
              35.3024334
            ],
            [
              -120.6599101,
              35.3024666
            ],
            [
              -120.6598946,
              35.3024695
            ],
            [
              -120.6598864,
              35.30244
            ],
            [
              -120.6598355,
              35.3024494
            ],
            [
              -120.6598241,
              35.3024081
            ],
            [
              -120.6596547,
              35.3024395
            ]
          ]
        ]
      },
      "id": "way/323359888"
    },
    {
      "type": "Feature",
      "properties": {
        "@id": "way/323359890",
        "building": "yes"
      },
      "geometry": {
        "type": "Polygon",
        "coordinates": [
          [
            [
              -120.6580626,
              35.3039583
            ],
            [
              -120.6580513,
              35.303887
            ],
            [
              -120.6579938,
              35.3038931
            ],
            [
              -120.6580051,
              35.3039643
            ],
            [
              -120.6580626,
              35.3039583
            ]
          ]
        ]
      },
      "id": "way/323359890"
    },
    {
      "type": "Feature",
      "properties": {
        "@id": "way/323359891",
        "building": "yes"
      },
      "geometry": {
        "type": "Polygon",
        "coordinates": [
          [
            [
              -120.6578887,
              35.3039451
            ],
            [
              -120.6578782,
              35.303885
            ],
            [
              -120.6578226,
              35.3038915
            ],
            [
              -120.6578331,
              35.3039515
            ],
            [
              -120.6578887,
              35.3039451
            ]
          ]
        ]
      },
      "id": "way/323359891"
    },
    {
      "type": "Feature",
      "properties": {
        "@id": "way/323359892",
        "building": "yes"
      },
      "geometry": {
        "type": "Polygon",
        "coordinates": [
          [
            [
              -120.6581581,
              35.3039576
            ],
            [
              -120.6582764,
              35.3039437
            ],
            [
              -120.6582602,
              35.303852
            ],
            [
              -120.6581419,
              35.3038658
            ],
            [
              -120.6581581,
              35.3039576
            ]
          ]
        ]
      },
      "id": "way/323359892"
    },
    {
      "type": "Feature",
      "properties": {
        "@id": "way/326108645",
        "building": "yes"
      },
      "geometry": {
        "type": "Polygon",
        "coordinates": [
          [
            [
              -120.6555446,
              35.3024887
            ],
            [
              -120.6554666,
              35.3024973
            ],
            [
              -120.6554736,
              35.3025388
            ],
            [
              -120.6555506,
              35.3025302
            ],
            [
              -120.6555446,
              35.3024887
            ]
          ]
        ]
      },
      "id": "way/326108645"
    },
    {
      "type": "Feature",
      "properties": {
        "@id": "way/328836004",
        "building": "yes"
      },
      "geometry": {
        "type": "Polygon",
        "coordinates": [
          [
            [
              -120.6582651,
              35.3039949
            ],
            [
              -120.6581619,
              35.3040025
            ],
            [
              -120.6581666,
              35.3040451
            ],
            [
              -120.6582698,
              35.3040375
            ],
            [
              -120.6582651,
              35.3039949
            ]
          ]
        ]
      },
      "id": "way/328836004"
    },
    {
      "type": "Feature",
      "properties": {
        "@id": "way/329352916",
        "building": "yes",
        "ref": "203"
      },
      "geometry": {
        "type": "Polygon",
        "coordinates": [
          [
            [
              -120.6556559,
              35.3028238
            ],
            [
              -120.65545,
              35.3028604
            ],
            [
              -120.655528,
              35.3031525
            ],
            [
              -120.6557339,
              35.3031159
            ],
            [
              -120.6556559,
              35.3028238
            ]
          ]
        ]
      },
      "id": "way/329352916"
    },
    {
      "type": "Feature",
      "properties": {
        "@id": "way/379478428",
        "bridge": "yes",
        "bridge:structure": "beam",
        "building": "university",
        "layer": "1",
        "man_made": "bridge"
      },
      "geometry": {
        "type": "Polygon",
        "coordinates": [
          [
            [
              -120.6631581,
              35.299614
            ],
            [
              -120.6631001,
              35.2994156
            ],
            [
              -120.6630842,
              35.2994188
            ],
            [
              -120.6630653,
              35.2994233
            ],
            [
              -120.6631238,
              35.2996201
            ],
            [
              -120.6631399,
              35.2996172
            ],
            [
              -120.6631581,
              35.299614
            ]
          ]
        ]
      },
      "id": "way/379478428"
    },
    {
      "type": "Feature",
      "properties": {
        "@id": "way/392337505",
        "addr:housenumber": "92",
        "building": "yes",
        "university-function": "academic school or college"
      },
      "geometry": {
        "type": "Polygon",
        "coordinates": [
          [
            [
              -120.6661459,
              35.3011085
            ],
            [
              -120.6661171,
              35.300947
            ],
            [
              -120.6660441,
              35.3009551
            ],
            [
              -120.6660688,
              35.3011155
            ],
            [
              -120.6661459,
              35.3011085
            ]
          ]
        ]
      },
      "id": "way/392337505"
    },
    {
      "type": "Feature",
      "properties": {
        "@id": "way/392337506",
        "building": "yes",
        "university-function": "academic school or college"
      },
      "geometry": {
        "type": "Polygon",
        "coordinates": [
          [
            [
              -120.6660417,
              35.3011039
            ],
            [
              -120.666017,
              35.3009424
            ],
            [
              -120.66594,
              35.3009516
            ],
            [
              -120.6659661,
              35.3011109
            ],
            [
              -120.6660417,
              35.3011039
            ]
          ]
        ]
      },
      "id": "way/392337506"
    },
    {
      "type": "Feature",
      "properties": {
        "@id": "way/392337507",
        "building": "yes",
        "university-function": "academic school or college"
      },
      "geometry": {
        "type": "Polygon",
        "coordinates": [
          [
            [
              -120.6662481,
              35.3010968
            ],
            [
              -120.6662192,
              35.3009418
            ],
            [
              -120.6661489,
              35.3009499
            ],
            [
              -120.666171,
              35.301106
            ],
            [
              -120.6662481,
              35.3010968
            ]
          ]
        ]
      },
      "id": "way/392337507"
    },
    {
      "type": "Feature",
      "properties": {
        "@id": "way/486219813",
        "addr:city": "San Luis Obispo",
        "addr:postcode": "93407",
        "addr:street": "Grand",
        "air_conditioning": "yes",
        "building": "university",
        "building:levels": "4",
        "name": "Christopher Cohan Performing Arts Center",
        "ref": "6",
        "smoking": "no",
        "start_date": "1996",
        "website": "https://www.pacslo.org/",
        "wheelchair": "yes",
        "amenity": "performing_arts"
      },
      "geometry": {
        "type": "Polygon",
        "coordinates": [
          [
            [
              -120.6575679,
              35.2994286
            ],
            [
              -120.6575853,
              35.2994557
            ],
            [
              -120.6575466,
              35.2994734
            ],
            [
              -120.6573901,
              35.2992462
            ],
            [
              -120.6574628,
              35.2992122
            ],
            [
              -120.6573526,
              35.2990529
            ],
            [
              -120.6573273,
              35.2990645
            ],
            [
              -120.6573035,
              35.2990758
            ],
            [
              -120.6572808,
              35.2990868
            ],
            [
              -120.6572466,
              35.2991013
            ],
            [
              -120.6572201,
              35.2991125
            ],
            [
              -120.6571815,
              35.2991232
            ],
            [
              -120.6571483,
              35.2991262
            ],
            [
              -120.6571078,
              35.2991273
            ],
            [
              -120.6570776,
              35.2991314
            ],
            [
              -120.6570417,
              35.2991459
            ],
            [
              -120.657023,
              35.2991598
            ],
            [
              -120.6570075,
              35.299176
            ],
            [
              -120.6569797,
              35.2992118
            ],
            [
              -120.6569593,
              35.2992408
            ],
            [
              -120.6569311,
              35.2992827
            ],
            [
              -120.6568919,
              35.299336
            ],
            [
              -120.6568503,
              35.2993971
            ],
            [
              -120.6568269,
              35.2994314
            ],
            [
              -120.6568198,
              35.2994418
            ],
            [
              -120.6569297,
              35.2995942
            ],
            [
              -120.6569495,
              35.2995849
            ],
            [
              -120.6571292,
              35.2998453
            ],
            [
              -120.657154,
              35.2998338
            ],
            [
              -120.65726,
              35.2999821
            ],
            [
              -120.6573693,
              35.2999306
            ],
            [
              -120.6573961,
              35.299964
            ],
            [
              -120.6576187,
              35.2998628
            ],
            [
              -120.6574906,
              35.29968
            ],
            [
              -120.6575617,
              35.2996465
            ],
            [
              -120.6577381,
              35.2995614
            ],
            [
              -120.657714,
              35.2995292
            ],
            [
              -120.6576912,
              35.2995399
            ],
            [
              -120.6576197,
              35.2994397
            ],
            [
              -120.6576128,
              35.2994429
            ],
            [
              -120.6575947,
              35.299415
            ],
            [
              -120.6576101,
              35.2994088
            ],
            [
              -120.6574882,
              35.2992333
            ],
            [
              -120.6574198,
              35.2992641
            ],
            [
              -120.6575416,
              35.29944
            ],
            [
              -120.6575679,
              35.2994286
            ]
          ]
        ]
      },
      "id": "way/486219813"
    },
    {
      "type": "Feature",
      "properties": {
        "@id": "way/672441026",
        "amenity": "fast_food",
        "building": "yes",
        "fast_food": "cafeteria",
        "internet_access": "wlan",
        "internet_access:fee": "customers",
        "name": "112 Vista Grande Dining Complex",
        "outdoor_seating": "yes",
        "smoking": "no",
        "wheelchair": "yes",
        "ref": "112"
      },
      "geometry": {
        "type": "Polygon",
        "coordinates": [
          [
            [
              -120.6562343,
              35.2992385
            ],
            [
              -120.6558512,
              35.2990229
            ],
            [
              -120.6558671,
              35.299004
            ],
            [
              -120.655791,
              35.2989615
            ],
            [
              -120.6556457,
              35.2991349
            ],
            [
              -120.6556332,
              35.2991279
            ],
            [
              -120.6555824,
              35.2991885
            ],
            [
              -120.655657,
              35.2992301
            ],
            [
              -120.6554876,
              35.2994321
            ],
            [
              -120.6556834,
              35.2995414
            ],
            [
              -120.6557017,
              35.2995195
            ],
            [
              -120.6557664,
              35.2995556
            ],
            [
              -120.6557773,
              35.2995425
            ],
            [
              -120.6558663,
              35.2995922
            ],
            [
              -120.6559081,
              35.2995423
            ],
            [
              -120.655924,
              35.2995512
            ],
            [
              -120.6559856,
              35.2994777
            ],
            [
              -120.6560226,
              35.2994983
            ],
            [
              -120.6562343,
              35.2992385
            ]
          ]
        ]
      },
      "id": "way/672441026"
    },
    {
      "type": "Feature",
      "properties": {
        "@id": "way/779674243",
        "building": "yes"
      },
      "geometry": {
        "type": "Polygon",
        "coordinates": [
          [
            [
              -120.6642915,
              35.3060483
            ],
            [
              -120.6641964,
              35.3059761
            ],
            [
              -120.6641763,
              35.3059932
            ],
            [
              -120.664274,
              35.3060667
            ],
            [
              -120.6642915,
              35.3060483
            ]
          ]
        ]
      },
      "id": "way/779674243"
    },
    {
      "type": "Feature",
      "properties": {
        "@id": "way/780303445",
        "building": "yes"
      },
      "geometry": {
        "type": "Polygon",
        "coordinates": [
          [
            [
              -120.6611224,
              35.3029899
            ],
            [
              -120.6610737,
              35.3028271
            ],
            [
              -120.6609897,
              35.3028439
            ],
            [
              -120.6610384,
              35.3030066
            ],
            [
              -120.6611224,
              35.3029899
            ]
          ]
        ]
      },
      "id": "way/780303445"
    },
    {
      "type": "Feature",
      "properties": {
        "@id": "way/780303446",
        "building": "yes"
      },
      "geometry": {
        "type": "Polygon",
        "coordinates": [
          [
            [
              -120.661087,
              35.3032353
            ],
            [
              -120.6610259,
              35.3030405
            ],
            [
              -120.6608353,
              35.3030804
            ],
            [
              -120.6608964,
              35.3032752
            ],
            [
              -120.661087,
              35.3032353
            ]
          ]
        ]
      },
      "id": "way/780303446"
    },
    {
      "type": "Feature",
      "properties": {
        "@id": "way/941993005",
        "building": "shed"
      },
      "geometry": {
        "type": "Polygon",
        "coordinates": [
          [
            [
              -120.6614713,
              35.3056366
            ],
            [
              -120.6614566,
              35.3056178
            ],
            [
              -120.6614312,
              35.3056292
            ],
            [
              -120.6614451,
              35.3056486
            ],
            [
              -120.6614713,
              35.3056366
            ]
          ]
        ]
      },
      "id": "way/941993005"
    },
    {
      "type": "Feature",
      "properties": {
        "@id": "way/960271028",
        "building": "greenhouse",
        "name": "Cal Poly Plant Conservatory",
        "ref": "72"
      },
      "geometry": {
        "type": "Polygon",
        "coordinates": [
          [
            [
              -120.6587203,
              35.3046043
            ],
            [
              -120.6586408,
              35.304789
            ],
            [
              -120.6590988,
              35.3049075
            ],
            [
              -120.6591409,
              35.3048066
            ],
            [
              -120.659029,
              35.3047767
            ],
            [
              -120.6590587,
              35.3046998
            ],
            [
              -120.6587203,
              35.3046043
            ]
          ]
        ]
      },
      "id": "way/960271028"
    },
    {
      "type": "Feature",
      "properties": {
        "@id": "way/965100219",
        "building": "roof",
        "layer": "1"
      },
      "geometry": {
        "type": "Polygon",
        "coordinates": [
          [
            [
              -120.6624064,
              35.3002578
            ],
            [
              -120.6624137,
              35.3002823
            ],
            [
              -120.6624246,
              35.3003153
            ],
            [
              -120.6624903,
              35.3003021
            ],
            [
              -120.6625097,
              35.3003809
            ],
            [
              -120.6625507,
              35.300373
            ],
            [
              -120.6625357,
              35.3003127
            ],
            [
              -120.6625256,
              35.3003137
            ],
            [
              -120.6625182,
              35.3002898
            ],
            [
              -120.6625957,
              35.3002746
            ],
            [
              -120.6626388,
              35.3002663
            ],
            [
              -120.6627043,
              35.3002518
            ],
            [
              -120.6626947,
              35.3002208
            ],
            [
              -120.6626892,
              35.3002018
            ],
            [
              -120.6625816,
              35.300223
            ],
            [
              -120.6624064,
              35.3002578
            ]
          ]
        ]
      },
      "id": "way/965100219"
    },
    {
      "type": "Feature",
      "properties": {
        "@id": "way/965100220",
        "building": "yes"
      },
      "geometry": {
        "type": "Polygon",
        "coordinates": [
          [
            [
              -120.6631873,
              35.3002328
            ],
            [
              -120.6633162,
              35.3002085
            ],
            [
              -120.6633115,
              35.3001927
            ],
            [
              -120.6633064,
              35.3001767
            ],
            [
              -120.6631785,
              35.3002026
            ],
            [
              -120.6631836,
              35.3002179
            ],
            [
              -120.6631873,
              35.3002328
            ]
          ]
        ]
      },
      "id": "way/965100220"
    },
    {
      "type": "Feature",
      "properties": {
        "@id": "way/1115832121",
        "building": "university",
        "building:levels": "1",
        "name": "Building 072 Offices",
        "amenity": "administrative"
      },
      "geometry": {
        "type": "Polygon",
        "coordinates": [
          [
            [
              -120.6590988,
              35.3049075
            ],
            [
              -120.6591409,
              35.3048066
            ],
            [
              -120.659029,
              35.3047767
            ],
            [
              -120.6589885,
              35.3048776
            ],
            [
              -120.6590988,
              35.3049075
            ]
          ]
        ]
      },
      "id": "way/1115832121"
    },
    {
      "type": "Feature",
      "properties": {
        "@id": "way/1133955261",
        "building": "shed"
      },
      "geometry": {
        "type": "Polygon",
        "coordinates": [
          [
            [
              -120.6654967,
              35.3023869
            ],
            [
              -120.6654786,
              35.3023164
            ],
            [
              -120.6654557,
              35.3023204
            ],
            [
              -120.6653727,
              35.3023351
            ],
            [
              -120.6653943,
              35.3024063
            ],
            [
              -120.6654748,
              35.3023911
            ],
            [
              -120.6654967,
              35.3023869
            ]
          ]
        ]
      },
      "id": "way/1133955261"
    },
    {
      "type": "Feature",
      "properties": {
        "@id": "way/1135803678",
        "access": "yes",
        "building": "yes",
        "man_made": "observatory",
        "name": "Cal Poly Observatory (52B)",
        "operator": "California Polytechnic State University",
        "start_date": "1966",
        "website": "https://sites.google.com/view/calpolyobservatory/home"
      },
      "geometry": {
        "type": "Polygon",
        "coordinates": [
          [
            [
              -120.6599939,
              35.3005066
            ],
            [
              -120.6599936,
              35.3004968
            ],
            [
              -120.6599855,
              35.3004874
            ],
            [
              -120.6599739,
              35.3004851
            ],
            [
              -120.6599638,
              35.3004848
            ],
            [
              -120.6599543,
              35.3004891
            ],
            [
              -120.6599501,
              35.3004966
            ],
            [
              -120.659954,
              35.3005089
            ],
            [
              -120.6599617,
              35.3005149
            ],
            [
              -120.6599743,
              35.3005172
            ],
            [
              -120.6599859,
              35.3005143
            ],
            [
              -120.6599939,
              35.3005066
            ]
          ]
        ]
      },
      "id": "way/1135803678"
    },
    {
      "type": "Feature",
      "properties": {
        "@id": "way/1217465601",
        "addr:city": "San Luis Obispo",
        "addr:housenumber": "1",
        "addr:postcode": "93407",
        "addr:state": "CA",
        "addr:street": "Grand Avenue",
        "building": "university",
        "building:levels": "4",
        "name": "William and Linda Frost Center for Research and Innovation (181)",
        "ref": "181",
        "amenity": "academic"
      },
      "geometry": {
        "type": "Polygon",
        "coordinates": [
          [
            [
              -120.6613409,
              35.3020552
            ],
            [
              -120.6612842,
              35.301862
            ],
            [
              -120.6612579,
              35.3018601
            ],
            [
              -120.6612588,
              35.3017238
            ],
            [
              -120.6612115,
              35.30165
            ],
            [
              -120.6611613,
              35.3016662
            ],
            [
              -120.6611231,
              35.3016383
            ],
            [
              -120.6610953,
              35.3016542
            ],
            [
              -120.6610901,
              35.3015976
            ],
            [
              -120.6608562,
              35.3016039
            ],
            [
              -120.6606875,
              35.301697
            ],
            [
              -120.6605622,
              35.3017015
            ],
            [
              -120.6605097,
              35.3017037
            ],
            [
              -120.6605212,
              35.3018369
            ],
            [
              -120.660501,
              35.3018458
            ],
            [
              -120.6604061,
              35.301722
            ],
            [
              -120.6603392,
              35.3017273
            ],
            [
              -120.6602181,
              35.301796
            ],
            [
              -120.6602664,
              35.3018675
            ],
            [
              -120.6602939,
              35.3019079
            ],
            [
              -120.6602967,
              35.3020819
            ],
            [
              -120.660411,
              35.3022399
            ],
            [
              -120.6604773,
              35.3022163
            ],
            [
              -120.6604668,
              35.3022519
            ],
            [
              -120.6605896,
              35.3022539
            ],
            [
              -120.6605838,
              35.3021628
            ],
            [
              -120.6604985,
              35.3020491
            ],
            [
              -120.660495,
              35.30193
            ],
            [
              -120.6604717,
              35.3019296
            ],
            [
              -120.6604719,
              35.301911
            ],
            [
              -120.6605737,
              35.3019118
            ],
            [
              -120.6606588,
              35.3020156
            ],
            [
              -120.6606594,
              35.3020275
            ],
            [
              -120.6607691,
              35.3020259
            ],
            [
              -120.6607669,
              35.3019312
            ],
            [
              -120.6607497,
              35.3019312
            ],
            [
              -120.6607497,
              35.3019097
            ],
            [
              -120.6609134,
              35.3019059
            ],
            [
              -120.6609127,
              35.3018849
            ],
            [
              -120.6610194,
              35.3018836
            ],
            [
              -120.6610191,
              35.3018735
            ],
            [
              -120.6611513,
              35.3018708
            ],
            [
              -120.6611568,
              35.3019251
            ],
            [
              -120.6610626,
              35.301928
            ],
            [
              -120.6611167,
              35.3021008
            ],
            [
              -120.6613409,
              35.3020552
            ]
          ]
        ]
      },
      "id": "way/1217465601"
    },
    {
      "type": "Feature",
      "properties": {
        "@id": "way/1274247194",
        "addr:city": "San Luis Obispo",
        "addr:postcode": "93407",
        "addr:street": "Grand",
        "building": "university",
        "building:levels": "1",
        "name": "Pavilion",
        "ref": "19A",
        "amenity": "academic"
      },
      "geometry": {
        "type": "Polygon",
        "coordinates": [
          [
            [
              -120.6601578,
              35.2998089
            ],
            [
              -120.6597426,
              35.2999069
            ],
            [
              -120.6597653,
              35.2999819
            ],
            [
              -120.6599079,
              35.2999836
            ],
            [
              -120.6598982,
              35.2999552
            ],
            [
              -120.6601862,
              35.2998872
            ],
            [
              -120.6601578,
              35.2998089
            ]
          ]
        ]
      },
      "id": "way/1274247194"
    },
    {
      "type": "Feature",
      "properties": {
        "@id": "way/1347838965",
        "building": "roof"
      },
      "geometry": {
        "type": "Polygon",
        "coordinates": [
          [
            [
              -120.6578228,
              35.2999566
            ],
            [
              -120.6577416,
              35.2998444
            ],
            [
              -120.6576614,
              35.2998831
            ],
            [
              -120.6577613,
              35.300021
            ],
            [
              -120.6578414,
              35.2999823
            ],
            [
              -120.6578228,
              35.2999566
            ]
          ]
        ]
      },
      "id": "way/1347838965"
    },
    {
      "type": "Feature",
      "properties": {
        "@id": "way/1347838966",
        "building": "roof"
      },
      "geometry": {
        "type": "Polygon",
        "coordinates": [
          [
            [
              -120.657699,
              35.2997855
            ],
            [
              -120.6576511,
              35.2997193
            ],
            [
              -120.6576239,
              35.2997324
            ],
            [
              -120.6575958,
              35.299746
            ],
            [
              -120.6576437,
              35.2998122
            ],
            [
              -120.657699,
              35.2997855
            ]
          ]
        ]
      },
      "id": "way/1347838966"
    },
    {
      "type": "Feature",
      "properties": {
        "@id": "way/1431844835",
        "building": "yes",
        "indoor": "corridor",
        "level": "2"
      },
      "geometry": {
        "type": "Polygon",
        "coordinates": [
          [
            [
              -120.6645574,
              35.3002337
            ],
            [
              -120.6646007,
              35.3002269
            ],
            [
              -120.6645978,
              35.3002155
            ],
            [
              -120.6645945,
              35.3002027
            ],
            [
              -120.6645512,
              35.3002101
            ],
            [
              -120.6645539,
              35.3002205
            ],
            [
              -120.6645545,
              35.3002226
            ],
            [
              -120.6645574,
              35.3002337
            ]
          ]
        ]
      },
      "id": "way/1431844835"
    },
    {
      "type": "Feature",
      "properties": {
        "@id": "node/581585285",
        "addr:city": "San Luis Obispo",
        "addr:housenumber": "1",
        "addr:postcode": "93407",
        "addr:state": "CA",
        "addr:street": "Grand Avenue",
        "amenity": "cafe",
        "branch": "CSU San Luis Obispo Student Union",
        "brand": "Starbucks",
        "brand:wikidata": "Q37158",
        "cuisine": "coffee_shop",
        "name": "Starbucks",
        "official_name": "Starbucks Coffee",
        "phone": "+1 805-756-6527",
        "ref": "10668",
        "takeaway": "yes",
        "website": "https://www.starbucks.com/store-locator/store/10668/csu-san-luis-obispo-student-un-1-grand-ave-san-luis-obispo-ca-93407-us"
      },
      "geometry": {
        "type": "Point",
        "coordinates": [
          -120.6587601,
          35.3001765
        ]
      },
      "id": "node/581585285"
    },
    {
      "type": "Feature",
      "properties": {
        "@id": "node/1438859169",
        "amenity": "atm",
        "cash_in": "yes",
        "check_date": "2025-09-13",
        "drive_through": "no",
        "indoor": "no",
        "lit": "no",
        "operator": "Golden 1 Credit Union"
      },
      "geometry": {
        "type": "Point",
        "coordinates": [
          -120.66271,
          35.3034983
        ]
      },
      "id": "node/1438859169"
    },
    {
      "type": "Feature",
      "properties": {
        "@id": "node/1474528994",
        "amenity": "bicycle_parking",
        "bicycle_parking": "wall_loops",
        "capacity": "20",
        "covered": "no",
        "fee": "no",
        "indoor": "no",
        "lit": "yes"
      },
      "geometry": {
        "type": "Point",
        "coordinates": [
          -120.662409,
          35.3005251
        ]
      },
      "id": "node/1474528994"
    },
    {
      "type": "Feature",
      "properties": {
        "@id": "node/1542001431",
        "amenity": "vending_machine",
        "check_date": "2025-11-18"
      },
      "geometry": {
        "type": "Point",
        "coordinates": [
          -120.6621757,
          35.3002509
        ]
      },
      "id": "node/1542001431"
    },
    {
      "type": "Feature",
      "properties": {
        "@id": "node/1542001449",
        "addr:city": "San Luis Obispo",
        "addr:postcode": "93407",
        "addr:state": "CA",
        "amenity": "fast_food",
        "delivery": "no",
        "diet:healthy": "yes",
        "drive_through": "no",
        "email": "campusdining@calpoly.edu",
        "name": "Health Snacks",
        "operator": "Cal Poly Campus Dining",
        "outdoor_seating": "no",
        "phone": "+1-805-756-5135",
        "smoking": "no",
        "takeaway": "only",
        "website": "https://www.calpolydining.com/tutaco/"
      },
      "geometry": {
        "type": "Point",
        "coordinates": [
          -120.662892,
          35.3011768
        ]
      },
      "id": "node/1542001449"
    },
    {
      "type": "Feature",
      "properties": {
        "@id": "node/1547728296",
        "amenity": "restaurant",
        "cuisine": "pizza;wine;beer",
        "name": "Mustang Station"
      },
      "geometry": {
        "type": "Point",
        "coordinates": [
          -120.6586819,
          35.3000165
        ]
      },
      "id": "node/1547728296"
    },
    {
      "type": "Feature",
      "properties": {
        "@id": "node/1562064611",
        "amenity": "atm",
        "brand": "U.S. Bank",
        "brand:wikidata": "Q739084",
        "name": "U.S. Bank",
        "operator": "U.S. Bank",
        "operator:wikidata": "Q739084",
        "operator:wikipedia": "en:U.S. Bancorp"
      },
      "geometry": {
        "type": "Point",
        "coordinates": [
          -120.6594903,
          35.2999503
        ]
      },
      "id": "node/1562064611"
    },
    {
      "type": "Feature",
      "properties": {
        "@id": "node/3254644723",
        "addr:city": "San Luis Obispo",
        "addr:postcode": "93407",
        "addr:state": "CA",
        "addr:street": "Grand Avenue",
        "addr:unit": "Room 301",
        "amenity": "studio",
        "name": "KCPR 91.3",
        "phone": "+1 805-756-5277",
        "studio": "audio",
        "website": "https://kcpr.org/",
        "wikidata": "Q14682555",
        "wikipedia": "en:KCPR"
      },
      "geometry": {
        "type": "Point",
        "coordinates": [
          -120.661993,
          35.2992973
        ]
      },
      "id": "node/3254644723"
    },
    {
      "type": "Feature",
      "properties": {
        "@id": "node/3317648617",
        "amenity": "restaurant",
        "name": "Red Radish"
      },
      "geometry": {
        "type": "Point",
        "coordinates": [
          -120.6586438,
          35.299926
        ]
      },
      "id": "node/3317648617"
    },
    {
      "type": "Feature",
      "properties": {
        "@id": "node/3362196884",
        "amenity": "bicycle_repair_station",
        "check_date": "2025-09-22"
      },
      "geometry": {
        "type": "Point",
        "coordinates": [
          -120.6604686,
          35.2998837
        ]
      },
      "id": "node/3362196884"
    },
    {
      "type": "Feature",
      "properties": {
        "@id": "node/3362203550",
        "amenity": "waste_disposal"
      },
      "geometry": {
        "type": "Point",
        "coordinates": [
          -120.6575148,
          35.3042278
        ]
      },
      "id": "node/3362203550"
    },
    {
      "type": "Feature",
      "properties": {
        "@id": "node/3362203602",
        "amenity": "waste_disposal"
      },
      "geometry": {
        "type": "Point",
        "coordinates": [
          -120.6565068,
          35.3047344
        ]
      },
      "id": "node/3362203602"
    },
    {
      "type": "Feature",
      "properties": {
        "@id": "node/3362203630",
        "amenity": "waste_disposal"
      },
      "geometry": {
        "type": "Point",
        "coordinates": [
          -120.6576303,
          35.3050837
        ]
      },
      "id": "node/3362203630"
    },
    {
      "type": "Feature",
      "properties": {
        "@id": "node/3362203646",
        "amenity": "waste_disposal"
      },
      "geometry": {
        "type": "Point",
        "coordinates": [
          -120.6568313,
          35.3052317
        ]
      },
      "id": "node/3362203646"
    },
    {
      "type": "Feature",
      "properties": {
        "@id": "node/3639530495",
        "amenity": "bench",
        "backrest": "yes",
        "bench": "yes",
        "description": "Einstein Statue",
        "material": "metal",
        "monument": "statue"
      },
      "geometry": {
        "type": "Point",
        "coordinates": [
          -120.660411,
          35.3011166
        ]
      },
      "id": "node/3639530495"
    },
    {
      "type": "Feature",
      "properties": {
        "@id": "node/3639544132",
        "addr:city": "San Luis Obispo",
        "addr:postcode": "93407",
        "addr:state": "CA",
        "amenity": "fast_food",
        "brand": "Subway",
        "brand:wikidata": "Q244457",
        "cuisine": "sandwich",
        "name": "Subway (PCV)",
        "opening_hours": "Mo-Su 07:00-02:00",
        "phone": "+1 805-756-7829",
        "takeaway": "yes",
        "website": "https://restaurants.subway.com/united-states/ca/san-luis-obispo/dexter-building"
      },
      "geometry": {
        "type": "Point",
        "coordinates": [
          -120.6632937,
          35.3008774
        ]
      },
      "id": "node/3639544132"
    },
    {
      "type": "Feature",
      "properties": {
        "@id": "node/3827741979",
        "amenity": "bicycle_parking",
        "bicycle_parking": "wall_loops",
        "capacity": "150",
        "covered": "no"
      },
      "geometry": {
        "type": "Point",
        "coordinates": [
          -120.6625923,
          35.3001214
        ]
      },
      "id": "node/3827741979"
    },
    {
      "type": "Feature",
      "properties": {
        "@id": "node/4368702564",
        "amenity": "bank",
        "brand": "Chase",
        "brand:wikidata": "Q524629",
        "name": "Chase",
        "operator": "Chase",
        "ref": "115"
      },
      "geometry": {
        "type": "Point",
        "coordinates": [
          -120.658826,
          35.3001062
        ]
      },
      "id": "node/4368702564"
    },
    {
      "type": "Feature",
      "properties": {
        "@id": "node/4436986554",
        "addr:city": "San Luis Obispo",
        "addr:housenumber": "1",
        "addr:postcode": "93407",
        "addr:state": "CA",
        "addr:street": "Grand Avenue",
        "amenity": "cafe",
        "name": "Sequel Tea",
        "opening_hours": "Mo-Th 07:30-16:30; Fr 07:30-16:00"
      },
      "geometry": {
        "type": "Point",
        "coordinates": [
          -120.662752,
          35.3033415
        ]
      },
      "id": "node/4436986554"
    },
    {
      "type": "Feature",
      "properties": {
        "@id": "node/6633556206",
        "amenity": "bicycle_parking"
      },
      "geometry": {
        "type": "Point",
        "coordinates": [
          -120.6582485,
          35.3000491
        ]
      },
      "id": "node/6633556206"
    },
    {
      "type": "Feature",
      "properties": {
        "@id": "node/6633556207",
        "amenity": "bicycle_parking"
      },
      "geometry": {
        "type": "Point",
        "coordinates": [
          -120.6583293,
          35.2999414
        ]
      },
      "id": "node/6633556207"
    },
    {
      "type": "Feature",
      "properties": {
        "@id": "node/6633556209",
        "amenity": "bicycle_parking"
      },
      "geometry": {
        "type": "Point",
        "coordinates": [
          -120.6584201,
          35.299827
        ]
      },
      "id": "node/6633556209"
    },
    {
      "type": "Feature",
      "properties": {
        "@id": "node/6634516055",
        "amenity": "bicycle_parking",
        "bicycle_parking": "wall_loops",
        "covered": "no"
      },
      "geometry": {
        "type": "Point",
        "coordinates": [
          -120.6593803,
          35.2991684
        ]
      },
      "id": "node/6634516055"
    },
    {
      "type": "Feature",
      "properties": {
        "@id": "node/6634516056",
        "amenity": "bicycle_parking",
        "bicycle_parking": "wall_loops",
        "covered": "no"
      },
      "geometry": {
        "type": "Point",
        "coordinates": [
          -120.6593016,
          35.2992002
        ]
      },
      "id": "node/6634516056"
    },
    {
      "type": "Feature",
      "properties": {
        "@id": "node/6635965683",
        "amenity": "bicycle_repair_station",
        "fee": "no",
        "opening_hours": "24/7",
        "operator": "California Polytechnic State University",
        "service:bicycle:pump": "yes",
        "service:bicycle:tools": "yes"
      },
      "geometry": {
        "type": "Point",
        "coordinates": [
          -120.6605843,
          35.3049712
        ]
      },
      "id": "node/6635965683"
    },
    {
      "type": "Feature",
      "properties": {
        "@id": "node/6636615893",
        "amenity": "bicycle_parking"
      },
      "geometry": {
        "type": "Point",
        "coordinates": [
          -120.6654712,
          35.3025344
        ]
      },
      "id": "node/6636615893"
    },
    {
      "type": "Feature",
      "properties": {
        "@id": "node/8725881445",
        "amenity": "loading_dock"
      },
      "geometry": {
        "type": "Point",
        "coordinates": [
          -120.664341,
          35.2998698
        ]
      },
      "id": "node/8725881445"
    },
    {
      "type": "Feature",
      "properties": {
        "@id": "node/8726909293",
        "amenity": "bench"
      },
      "geometry": {
        "type": "Point",
        "coordinates": [
          -120.6641895,
          35.3030184
        ]
      },
      "id": "node/8726909293"
    },
    {
      "type": "Feature",
      "properties": {
        "@id": "node/8726909294",
        "amenity": "bench"
      },
      "geometry": {
        "type": "Point",
        "coordinates": [
          -120.6643083,
          35.3029956
        ]
      },
      "id": "node/8726909294"
    },
    {
      "type": "Feature",
      "properties": {
        "@id": "node/8726909295",
        "amenity": "bench"
      },
      "geometry": {
        "type": "Point",
        "coordinates": [
          -120.6644535,
          35.3029421
        ]
      },
      "id": "node/8726909295"
    },
    {
      "type": "Feature",
      "properties": {
        "@id": "node/8726909296",
        "amenity": "bench"
      },
      "geometry": {
        "type": "Point",
        "coordinates": [
          -120.6645207,
          35.3029113
        ]
      },
      "id": "node/8726909296"
    },
    {
      "type": "Feature",
      "properties": {
        "@id": "node/8726909297",
        "amenity": "bench"
      },
      "geometry": {
        "type": "Point",
        "coordinates": [
          -120.6646355,
          35.3028418
        ]
      },
      "id": "node/8726909297"
    },
    {
      "type": "Feature",
      "properties": {
        "@id": "node/8726909298",
        "amenity": "bench"
      },
      "geometry": {
        "type": "Point",
        "coordinates": [
          -120.6645887,
          35.3028732
        ]
      },
      "id": "node/8726909298"
    },
    {
      "type": "Feature",
      "properties": {
        "@id": "node/8726909299",
        "amenity": "bench"
      },
      "geometry": {
        "type": "Point",
        "coordinates": [
          -120.6647002,
          35.3027929
        ]
      },
      "id": "node/8726909299"
    },
    {
      "type": "Feature",
      "properties": {
        "@id": "node/8726909300",
        "amenity": "shelter",
        "bench": "yes",
        "bin": "yes",
        "lit": "yes",
        "shelter_type": "public_transport"
      },
      "geometry": {
        "type": "Point",
        "coordinates": [
          -120.663246,
          35.3022944
        ]
      },
      "id": "node/8726909300"
    },
    {
      "type": "Feature",
      "properties": {
        "@id": "node/8726909301",
        "amenity": "shelter",
        "bench": "yes",
        "bin": "yes",
        "lit": "yes",
        "shelter_type": "public_transport"
      },
      "geometry": {
        "type": "Point",
        "coordinates": [
          -120.663564,
          35.302358
        ]
      },
      "id": "node/8726909301"
    },
    {
      "type": "Feature",
      "properties": {
        "@id": "node/8726909315",
        "amenity": "bench"
      },
      "geometry": {
        "type": "Point",
        "coordinates": [
          -120.6626121,
          35.3036473
        ]
      },
      "id": "node/8726909315"
    },
    {
      "type": "Feature",
      "properties": {
        "@id": "node/8726909316",
        "amenity": "bench"
      },
      "geometry": {
        "type": "Point",
        "coordinates": [
          -120.662601,
          35.3036115
        ]
      },
      "id": "node/8726909316"
    },
    {
      "type": "Feature",
      "properties": {
        "@id": "node/8726917017",
        "amenity": "bench"
      },
      "geometry": {
        "type": "Point",
        "coordinates": [
          -120.6625877,
          35.3035565
        ]
      },
      "id": "node/8726917017"
    },
    {
      "type": "Feature",
      "properties": {
        "@id": "node/8726917018",
        "amenity": "bench"
      },
      "geometry": {
        "type": "Point",
        "coordinates": [
          -120.6625803,
          35.3035276
        ]
      },
      "id": "node/8726917018"
    },
    {
      "type": "Feature",
      "properties": {
        "@id": "node/8726917019",
        "amenity": "bench"
      },
      "geometry": {
        "type": "Point",
        "coordinates": [
          -120.6625671,
          35.3034813
        ]
      },
      "id": "node/8726917019"
    },
    {
      "type": "Feature",
      "properties": {
        "@id": "node/8726917020",
        "amenity": "bench",
        "backrest": "yes"
      },
      "geometry": {
        "type": "Point",
        "coordinates": [
          -120.66256,
          35.3034519
        ]
      },
      "id": "node/8726917020"
    },
    {
      "type": "Feature",
      "properties": {
        "@id": "node/8726917021",
        "amenity": "bench",
        "backrest": "yes"
      },
      "geometry": {
        "type": "Point",
        "coordinates": [
          -120.662545,
          35.3033987
        ]
      },
      "id": "node/8726917021"
    },
    {
      "type": "Feature",
      "properties": {
        "@id": "node/8726917022",
        "amenity": "bench",
        "backrest": "yes"
      },
      "geometry": {
        "type": "Point",
        "coordinates": [
          -120.662533,
          35.3033503
        ]
      },
      "id": "node/8726917022"
    },
    {
      "type": "Feature",
      "properties": {
        "@id": "node/8726917023",
        "amenity": "bench",
        "backrest": "yes"
      },
      "geometry": {
        "type": "Point",
        "coordinates": [
          -120.662522,
          35.3033067
        ]
      },
      "id": "node/8726917023"
    },
    {
      "type": "Feature",
      "properties": {
        "@id": "node/8726917024",
        "amenity": "bench",
        "backrest": "yes"
      },
      "geometry": {
        "type": "Point",
        "coordinates": [
          -120.662508,
          35.303266
        ]
      },
      "id": "node/8726917024"
    },
    {
      "type": "Feature",
      "properties": {
        "@id": "node/8726917025",
        "amenity": "bench",
        "backrest": "yes"
      },
      "geometry": {
        "type": "Point",
        "coordinates": [
          -120.662498,
          35.3032215
        ]
      },
      "id": "node/8726917025"
    },
    {
      "type": "Feature",
      "properties": {
        "@id": "node/8726917026",
        "amenity": "bench",
        "backrest": "yes"
      },
      "geometry": {
        "type": "Point",
        "coordinates": [
          -120.662485,
          35.3031687
        ]
      },
      "id": "node/8726917026"
    },
    {
      "type": "Feature",
      "properties": {
        "@id": "node/8726917031",
        "amenity": "bench"
      },
      "geometry": {
        "type": "Point",
        "coordinates": [
          -120.6590303,
          35.2993664
        ]
      },
      "id": "node/8726917031"
    },
    {
      "type": "Feature",
      "properties": {
        "@id": "node/8726917032",
        "amenity": "bench"
      },
      "geometry": {
        "type": "Point",
        "coordinates": [
          -120.6590175,
          35.2994148
        ]
      },
      "id": "node/8726917032"
    },
    {
      "type": "Feature",
      "properties": {
        "@id": "node/8726917033",
        "amenity": "bench"
      },
      "geometry": {
        "type": "Point",
        "coordinates": [
          -120.6590096,
          35.2994407
        ]
      },
      "id": "node/8726917033"
    },
    {
      "type": "Feature",
      "properties": {
        "@id": "node/8726917034",
        "amenity": "bench"
      },
      "geometry": {
        "type": "Point",
        "coordinates": [
          -120.6590011,
          35.2994667
        ]
      },
      "id": "node/8726917034"
    },
    {
      "type": "Feature",
      "properties": {
        "@id": "node/8726917035",
        "amenity": "bench",
        "backrest": "no"
      },
      "geometry": {
        "type": "Point",
        "coordinates": [
          -120.6587061,
          35.2996581
        ]
      },
      "id": "node/8726917035"
    },
    {
      "type": "Feature",
      "properties": {
        "@id": "node/8726923778",
        "amenity": "bench",
        "backrest": "yes"
      },
      "geometry": {
        "type": "Point",
        "coordinates": [
          -120.6627762,
          35.3037529
        ]
      },
      "id": "node/8726923778"
    },
    {
      "type": "Feature",
      "properties": {
        "@id": "node/8726923779",
        "amenity": "bicycle_parking",
        "bicycle_parking": "safe_loops",
        "capacity": "16",
        "covered": "no",
        "fee": "no",
        "indoor": "no"
      },
      "geometry": {
        "type": "Point",
        "coordinates": [
          -120.662733,
          35.303651
        ]
      },
      "id": "node/8726923779"
    },
    {
      "type": "Feature",
      "properties": {
        "@id": "node/8921093996",
        "amenity": "bicycle_parking",
        "bicycle_parking": "lockers",
        "covered": "yes",
        "fee": "yes",
        "indoor": "no"
      },
      "geometry": {
        "type": "Point",
        "coordinates": [
          -120.658935,
          35.3031892
        ]
      },
      "id": "node/8921093996"
    },
    {
      "type": "Feature",
      "properties": {
        "@id": "node/8921093997",
        "amenity": "bicycle_parking",
        "bicycle_parking": "lockers",
        "covered": "no",
        "fee": "yes",
        "indoor": "no",
        "payment:online_payment": "yes"
      },
      "geometry": {
        "type": "Point",
        "coordinates": [
          -120.657327,
          35.3032271
        ]
      },
      "id": "node/8921093997"
    },
    {
      "type": "Feature",
      "properties": {
        "@id": "node/8921094002",
        "access": "permit",
        "amenity": "bicycle_parking",
        "bicycle_parking": "lockers",
        "charge": "75USD per year",
        "covered": "yes",
        "fee": "yes",
        "operator": "Transportation and Parking Services",
        "operator:type": "university"
      },
      "geometry": {
        "type": "Point",
        "coordinates": [
          -120.656004,
          35.3011161
        ]
      },
      "id": "node/8921094002"
    },
    {
      "type": "Feature",
      "properties": {
        "@id": "node/8925823390",
        "access": "customers",
        "amenity": "bicycle_parking",
        "bicycle_parking": "lockers"
      },
      "geometry": {
        "type": "Point",
        "coordinates": [
          -120.6605067,
          35.2999179
        ]
      },
      "id": "node/8925823390"
    },
    {
      "type": "Feature",
      "properties": {
        "@id": "node/8925823391",
        "access": "customers",
        "amenity": "bicycle_parking",
        "bicycle_parking": "lockers",
        "capacity": "18",
        "covered": "yes",
        "fee": "yes",
        "indoor": "no",
        "lit": "yes"
      },
      "geometry": {
        "type": "Point",
        "coordinates": [
          -120.662512,
          35.3005132
        ]
      },
      "id": "node/8925823391"
    },
    {
      "type": "Feature",
      "properties": {
        "@id": "node/8925823393",
        "amenity": "bicycle_parking",
        "bicycle_parking": "safe_loops",
        "capacity": "96",
        "covered": "no",
        "fee": "no",
        "indoor": "no",
        "lit": "yes"
      },
      "geometry": {
        "type": "Point",
        "coordinates": [
          -120.664385,
          35.3017794
        ]
      },
      "id": "node/8925823393"
    },
    {
      "type": "Feature",
      "properties": {
        "@id": "node/8925823396",
        "amenity": "bicycle_parking",
        "bicycle_parking": "lockers"
      },
      "geometry": {
        "type": "Point",
        "coordinates": [
          -120.6633508,
          35.3016196
        ]
      },
      "id": "node/8925823396"
    },
    {
      "type": "Feature",
      "properties": {
        "@id": "node/8925823397",
        "amenity": "bicycle_parking",
        "covered": "no",
        "fee": "no",
        "indoor": "no"
      },
      "geometry": {
        "type": "Point",
        "coordinates": [
          -120.661519,
          35.3013737
        ]
      },
      "id": "node/8925823397"
    },
    {
      "type": "Feature",
      "properties": {
        "@id": "node/8927848821",
        "amenity": "bicycle_parking",
        "bicycle_parking": "wall_loops",
        "capacity": "192",
        "covered": "no",
        "fee": "no",
        "indoor": "no",
        "lit": "yes"
      },
      "geometry": {
        "type": "Point",
        "coordinates": [
          -120.661066,
          35.300613
        ]
      },
      "id": "node/8927848821"
    },
    {
      "type": "Feature",
      "properties": {
        "@id": "node/8927848828",
        "amenity": "bicycle_parking",
        "covered": "no",
        "fee": "no",
        "indoor": "no"
      },
      "geometry": {
        "type": "Point",
        "coordinates": [
          -120.66173,
          35.3023801
        ]
      },
      "id": "node/8927848828"
    },
    {
      "type": "Feature",
      "properties": {
        "@id": "node/8927872018",
        "amenity": "bicycle_parking",
        "covered": "no",
        "fee": "no",
        "indoor": "no"
      },
      "geometry": {
        "type": "Point",
        "coordinates": [
          -120.6633947,
          35.302089
        ]
      },
      "id": "node/8927872018"
    },
    {
      "type": "Feature",
      "properties": {
        "@id": "node/8927872019",
        "amenity": "bicycle_parking",
        "covered": "no",
        "fee": "no",
        "indoor": "no",
        "lit": "yes"
      },
      "geometry": {
        "type": "Point",
        "coordinates": [
          -120.663601,
          35.3023576
        ]
      },
      "id": "node/8927872019"
    },
    {
      "type": "Feature",
      "properties": {
        "@id": "node/8927872020",
        "amenity": "bicycle_parking",
        "covered": "no"
      },
      "geometry": {
        "type": "Point",
        "coordinates": [
          -120.6633336,
          35.3015805
        ]
      },
      "id": "node/8927872020"
    },
    {
      "type": "Feature",
      "properties": {
        "@id": "node/9169748761",
        "amenity": "bicycle_repair_station",
        "check_date": "2025-11-18",
        "description": "Does not have gauge when pumping the tire. Right next to bike lockers and light pole so more difficult to use.",
        "fee": "no",
        "service:bicycle:chain_tool": "no",
        "service:bicycle:pump": "yes",
        "service:bicycle:stand": "yes",
        "service:bicycle:tools": "yes"
      },
      "geometry": {
        "type": "Point",
        "coordinates": [
          -120.662442,
          35.3005131
        ]
      },
      "id": "node/9169748761"
    },
    {
      "type": "Feature",
      "properties": {
        "@id": "node/9169748763",
        "amenity": "vending_machine",
        "vending": "food;drinks"
      },
      "geometry": {
        "type": "Point",
        "coordinates": [
          -120.6592742,
          35.3011427
        ]
      },
      "id": "node/9169748763"
    },
    {
      "type": "Feature",
      "properties": {
        "@id": "node/9661207939",
        "amenity": "waste_basket",
        "waste": "trash"
      },
      "geometry": {
        "type": "Point",
        "coordinates": [
          -120.658056,
          35.3003026
        ]
      },
      "id": "node/9661207939"
    },
    {
      "type": "Feature",
      "properties": {
        "@id": "node/9661207940",
        "amenity": "recycling",
        "covered": "no",
        "indoor": "no",
        "recycling:beverage_cartons": "no",
        "recycling:cans": "yes",
        "recycling:glass_bottles": "yes",
        "recycling:paper": "yes",
        "recycling:plastic": "no",
        "recycling:plastic_bottles": "yes",
        "recycling:plastic_packaging": "no",
        "recycling_type": "container",
        "wheelchair": "yes"
      },
      "geometry": {
        "type": "Point",
        "coordinates": [
          -120.658043,
          35.3003021
        ]
      },
      "id": "node/9661207940"
    },
    {
      "type": "Feature",
      "properties": {
        "@id": "node/9661207941",
        "amenity": "bench",
        "backrest": "no"
      },
      "geometry": {
        "type": "Point",
        "coordinates": [
          -120.658285,
          35.3003422
        ]
      },
      "id": "node/9661207941"
    },
    {
      "type": "Feature",
      "properties": {
        "@id": "node/9661207942",
        "amenity": "bench",
        "backrest": "no"
      },
      "geometry": {
        "type": "Point",
        "coordinates": [
          -120.6583903,
          35.300085
        ]
      },
      "id": "node/9661207942"
    },
    {
      "type": "Feature",
      "properties": {
        "@id": "node/9661207943",
        "amenity": "telephone",
        "covered": "yes",
        "indoor": "no",
        "lit": "yes",
        "payment:coins": "yes",
        "wheelchair": "yes"
      },
      "geometry": {
        "type": "Point",
        "coordinates": [
          -120.6577477,
          35.2998869
        ]
      },
      "id": "node/9661207943"
    },
    {
      "type": "Feature",
      "properties": {
        "@id": "node/9661207944",
        "amenity": "bench",
        "backrest": "yes",
        "lit": "yes"
      },
      "geometry": {
        "type": "Point",
        "coordinates": [
          -120.6577071,
          35.299842
        ]
      },
      "id": "node/9661207944"
    },
    {
      "type": "Feature",
      "properties": {
        "@id": "node/9661207945",
        "amenity": "bicycle_parking",
        "covered": "no",
        "fee": "no",
        "indoor": "no"
      },
      "geometry": {
        "type": "Point",
        "coordinates": [
          -120.65768,
          35.2998052
        ]
      },
      "id": "node/9661207945"
    },
    {
      "type": "Feature",
      "properties": {
        "@id": "node/9661207946",
        "amenity": "bench",
        "backrest": "yes",
        "lit": "yes"
      },
      "geometry": {
        "type": "Point",
        "coordinates": [
          -120.6567051,
          35.2991606
        ]
      },
      "id": "node/9661207946"
    },
    {
      "type": "Feature",
      "properties": {
        "@id": "node/9661207947",
        "amenity": "waste_basket"
      },
      "geometry": {
        "type": "Point",
        "coordinates": [
          -120.6568755,
          35.2993479
        ]
      },
      "id": "node/9661207947"
    },
    {
      "type": "Feature",
      "properties": {
        "@id": "node/9661207948",
        "amenity": "bench",
        "backrest": "yes"
      },
      "geometry": {
        "type": "Point",
        "coordinates": [
          -120.6568717,
          35.2995008
        ]
      },
      "id": "node/9661207948"
    },
    {
      "type": "Feature",
      "properties": {
        "@id": "node/9661207954",
        "amenity": "waste_basket",
        "waste": "trash"
      },
      "geometry": {
        "type": "Point",
        "coordinates": [
          -120.6627826,
          35.3017427
        ]
      },
      "id": "node/9661207954"
    },
    {
      "type": "Feature",
      "properties": {
        "@id": "node/9661207955",
        "amenity": "recycling",
        "covered": "no",
        "indoor": "no",
        "recycling_type": "container"
      },
      "geometry": {
        "type": "Point",
        "coordinates": [
          -120.6627797,
          35.3017539
        ]
      },
      "id": "node/9661207955"
    },
    {
      "type": "Feature",
      "properties": {
        "@id": "node/9661207956",
        "amenity": "post_box",
        "colour": "blue",
        "covered": "no",
        "drive_through": "no",
        "indoor": "no",
        "operator": "United States Postal Service",
        "operator:short": "USPS",
        "operator:type": "public",
        "operator:website": "https://www.usps.com",
        "operator:wikidata": "Q668687",
        "operator:wikipedia": "en:United States Postal Service"
      },
      "geometry": {
        "type": "Point",
        "coordinates": [
          -120.6630736,
          35.3021773
        ]
      },
      "id": "node/9661207956"
    },
    {
      "type": "Feature",
      "properties": {
        "@id": "node/9661207957",
        "amenity": "bench",
        "backrest": "yes"
      },
      "geometry": {
        "type": "Point",
        "coordinates": [
          -120.6624443,
          35.3023685
        ]
      },
      "id": "node/9661207957"
    },
    {
      "type": "Feature",
      "properties": {
        "@id": "node/9661207958",
        "amenity": "vending_machine",
        "covered": "no",
        "description": "Mustang News",
        "fee": "yes",
        "indoor": "no",
        "vending": "newspapers"
      },
      "geometry": {
        "type": "Point",
        "coordinates": [
          -120.662293,
          35.3026375
        ]
      },
      "id": "node/9661207958"
    },
    {
      "type": "Feature",
      "properties": {
        "@id": "node/9661207960",
        "amenity": "bicycle_parking",
        "covered": "no",
        "fee": "no",
        "indoor": "no"
      },
      "geometry": {
        "type": "Point",
        "coordinates": [
          -120.6582675,
          35.3010148
        ]
      },
      "id": "node/9661207960"
    },
    {
      "type": "Feature",
      "properties": {
        "@id": "node/9661207961",
        "amenity": "post_box",
        "covered": "no",
        "drive_through": "no",
        "indoor": "no",
        "operator": "United States Postal Service",
        "operator:short": "USPS",
        "operator:type": "public",
        "operator:website": "https://www.usps.com",
        "operator:wikidata": "Q668687",
        "operator:wikipedia": "en:United States Postal Service"
      },
      "geometry": {
        "type": "Point",
        "coordinates": [
          -120.6581575,
          35.3011746
        ]
      },
      "id": "node/9661207961"
    },
    {
      "type": "Feature",
      "properties": {
        "@id": "node/9661207962",
        "amenity": "post_box",
        "brand": "UPS",
        "brand:wikidata": "Q155026",
        "covered": "no",
        "drive_through": "no",
        "indoor": "no",
        "official_name": "United Parcel Service",
        "operator": "UPS",
        "operator:type": "private",
        "operator:wikidata": "Q155026",
        "operator:wikipedia": "en:United Parcel Service"
      },
      "geometry": {
        "type": "Point",
        "coordinates": [
          -120.6581559,
          35.3011606
        ]
      },
      "id": "node/9661207962"
    },
    {
      "type": "Feature",
      "properties": {
        "@id": "node/9661207963",
        "amenity": "bench",
        "backrest": "yes",
        "lit": "yes"
      },
      "geometry": {
        "type": "Point",
        "coordinates": [
          -120.6585007,
          35.302174
        ]
      },
      "id": "node/9661207963"
    },
    {
      "type": "Feature",
      "properties": {
        "@id": "node/9661207964",
        "amenity": "bicycle_parking",
        "covered": "no",
        "fee": "no",
        "indoor": "no"
      },
      "geometry": {
        "type": "Point",
        "coordinates": [
          -120.6593663,
          35.3025511
        ]
      },
      "id": "node/9661207964"
    },
    {
      "type": "Feature",
      "properties": {
        "@id": "node/9661207965",
        "amenity": "car_sharing",
        "lit": "yes",
        "operator": "Zipcar",
        "operator:wikidata": "Q1069924",
        "operator:wikipedia": "en:Zipcar",
        "supervised": "no"
      },
      "geometry": {
        "type": "Point",
        "coordinates": [
          -120.6587745,
          35.303152
        ]
      },
      "id": "node/9661207965"
    },
    {
      "type": "Feature",
      "properties": {
        "@id": "node/9661207966",
        "amenity": "bench",
        "backrest": "yes"
      },
      "geometry": {
        "type": "Point",
        "coordinates": [
          -120.6589558,
          35.3032534
        ]
      },
      "id": "node/9661207966"
    },
    {
      "type": "Feature",
      "properties": {
        "@id": "node/9661207967",
        "amenity": "bicycle_parking",
        "covered": "no",
        "fee": "no",
        "indoor": "no"
      },
      "geometry": {
        "type": "Point",
        "coordinates": [
          -120.6580005,
          35.303561
        ]
      },
      "id": "node/9661207967"
    },
    {
      "type": "Feature",
      "properties": {
        "@id": "node/9661207968",
        "amenity": "bicycle_parking",
        "covered": "no",
        "fee": "no",
        "indoor": "no",
        "lit": "yes"
      },
      "geometry": {
        "type": "Point",
        "coordinates": [
          -120.6577415,
          35.3036953
        ]
      },
      "id": "node/9661207968"
    },
    {
      "type": "Feature",
      "properties": {
        "@id": "node/9661207969",
        "amenity": "car_sharing",
        "lit": "yes",
        "operator": "Zipcar",
        "operator:wikidata": "Q1069924",
        "operator:wikipedia": "en:Zipcar",
        "supervised": "no"
      },
      "geometry": {
        "type": "Point",
        "coordinates": [
          -120.6576962,
          35.3037874
        ]
      },
      "id": "node/9661207969"
    },
    {
      "type": "Feature",
      "properties": {
        "@id": "node/9661207996",
        "amenity": "recycling",
        "covered": "no",
        "indoor": "no",
        "recycling_type": "container"
      },
      "geometry": {
        "type": "Point",
        "coordinates": [
          -120.6636875,
          35.3041255
        ]
      },
      "id": "node/9661207996"
    },
    {
      "type": "Feature",
      "properties": {
        "@id": "node/9661207997",
        "amenity": "waste_basket"
      },
      "geometry": {
        "type": "Point",
        "coordinates": [
          -120.6636947,
          35.3041571
        ]
      },
      "id": "node/9661207997"
    },
    {
      "type": "Feature",
      "properties": {
        "@id": "node/9661207998",
        "amenity": "waste_basket"
      },
      "geometry": {
        "type": "Point",
        "coordinates": [
          -120.6631443,
          35.3029555
        ]
      },
      "id": "node/9661207998"
    },
    {
      "type": "Feature",
      "properties": {
        "@id": "node/9661207999",
        "amenity": "bench",
        "backrest": "yes",
        "lit": "yes"
      },
      "geometry": {
        "type": "Point",
        "coordinates": [
          -120.6631362,
          35.3029386
        ]
      },
      "id": "node/9661207999"
    },
    {
      "type": "Feature",
      "properties": {
        "@id": "node/9661208001",
        "amenity": "bicycle_parking",
        "bicycle_parking": "safe_loops",
        "covered": "no",
        "fee": "no",
        "indoor": "no",
        "lit": "yes"
      },
      "geometry": {
        "type": "Point",
        "coordinates": [
          -120.6631046,
          35.3028414
        ]
      },
      "id": "node/9661208001"
    },
    {
      "type": "Feature",
      "properties": {
        "@id": "node/9661208002",
        "amenity": "post_box",
        "brand": "UPS",
        "brand:wikidata": "Q155026",
        "collection_times": "Mo-Fr 15:30",
        "covered": "no",
        "drive_through": "no",
        "indoor": "no",
        "official_name": "United Parcel Service",
        "operator": "UPS",
        "operator:type": "private",
        "operator:wikidata": "Q155026",
        "operator:wikipedia": "en:United Parcel Service"
      },
      "geometry": {
        "type": "Point",
        "coordinates": [
          -120.6630677,
          35.3027391
        ]
      },
      "id": "node/9661208002"
    },
    {
      "type": "Feature",
      "properties": {
        "@id": "node/9662164657",
        "amenity": "telephone",
        "check_date": "2025-09-21",
        "covered": "no",
        "description": "On campus calls only",
        "indoor": "yes",
        "level": "2",
        "lit": "yes",
        "operator": "Cal Poly"
      },
      "geometry": {
        "type": "Point",
        "coordinates": [
          -120.6643739,
          35.300218
        ]
      },
      "id": "node/9662164657"
    },
    {
      "type": "Feature",
      "properties": {
        "@id": "node/9662164658",
        "access": "yes",
        "amenity": "drinking_water",
        "bottle": "no",
        "covered": "yes",
        "fee": "no",
        "fountain": "bubbler",
        "indoor": "yes",
        "level": "1",
        "wheelchair": "yes"
      },
      "geometry": {
        "type": "Point",
        "coordinates": [
          -120.6628548,
          35.3028846
        ]
      },
      "id": "node/9662164658"
    },
    {
      "type": "Feature",
      "properties": {
        "@id": "node/9662164659",
        "amenity": "telephone",
        "check_date": "2025-11-18",
        "covered": "yes",
        "description": "On campus calls only",
        "indoor": "no",
        "level": "1",
        "lit": "yes",
        "operator": "Cal Poly",
        "payment:free": "yes"
      },
      "geometry": {
        "type": "Point",
        "coordinates": [
          -120.6628618,
          35.3029007
        ]
      },
      "id": "node/9662164659"
    },
    {
      "type": "Feature",
      "properties": {
        "@id": "node/9662164661",
        "amenity": "vending_machine",
        "covered": "no",
        "description": "Mustang News",
        "fee": "no",
        "indoor": "no",
        "operator": "Cal Poly",
        "vending": "newspapers"
      },
      "geometry": {
        "type": "Point",
        "coordinates": [
          -120.6626512,
          35.304006
        ]
      },
      "id": "node/9662164661"
    },
    {
      "type": "Feature",
      "properties": {
        "@id": "node/9662164662",
        "amenity": "bicycle_parking",
        "bicycle_parking": "safe_loops",
        "capacity": "109",
        "covered": "no",
        "fee": "no",
        "indoor": "no"
      },
      "geometry": {
        "type": "Point",
        "coordinates": [
          -120.6572146,
          35.3006983
        ]
      },
      "id": "node/9662164662"
    },
    {
      "type": "Feature",
      "properties": {
        "@id": "node/9662164663",
        "amenity": "bench",
        "backrest": "yes"
      },
      "geometry": {
        "type": "Point",
        "coordinates": [
          -120.6571845,
          35.300595
        ]
      },
      "id": "node/9662164663"
    },
    {
      "type": "Feature",
      "properties": {
        "@id": "node/9662164664",
        "amenity": "bench",
        "backrest": "no"
      },
      "geometry": {
        "type": "Point",
        "coordinates": [
          -120.6584759,
          35.3005171
        ]
      },
      "id": "node/9662164664"
    },
    {
      "type": "Feature",
      "properties": {
        "@id": "node/9662164665",
        "amenity": "bench",
        "backrest": "no"
      },
      "geometry": {
        "type": "Point",
        "coordinates": [
          -120.6584812,
          35.3005809
        ]
      },
      "id": "node/9662164665"
    },
    {
      "type": "Feature",
      "properties": {
        "@id": "node/9662164666",
        "amenity": "bench",
        "backrest": "yes"
      },
      "geometry": {
        "type": "Point",
        "coordinates": [
          -120.6585278,
          35.3007142
        ]
      },
      "id": "node/9662164666"
    },
    {
      "type": "Feature",
      "properties": {
        "@id": "node/9662164671",
        "amenity": "bench",
        "backrest": "yes"
      },
      "geometry": {
        "type": "Point",
        "coordinates": [
          -120.6619687,
          35.3023287
        ]
      },
      "id": "node/9662164671"
    },
    {
      "type": "Feature",
      "properties": {
        "@id": "node/9662164672",
        "amenity": "bench",
        "backrest": "yes"
      },
      "geometry": {
        "type": "Point",
        "coordinates": [
          -120.6620273,
          35.3023907
        ]
      },
      "id": "node/9662164672"
    },
    {
      "type": "Feature",
      "properties": {
        "@id": "node/9662164673",
        "amenity": "bench",
        "backrest": "yes"
      },
      "geometry": {
        "type": "Point",
        "coordinates": [
          -120.6619655,
          35.3023797
        ]
      },
      "id": "node/9662164673"
    },
    {
      "type": "Feature",
      "properties": {
        "@id": "node/9662164674",
        "amenity": "bench",
        "backrest": "yes"
      },
      "geometry": {
        "type": "Point",
        "coordinates": [
          -120.662035,
          35.3023407
        ]
      },
      "id": "node/9662164674"
    },
    {
      "type": "Feature",
      "properties": {
        "@id": "node/9662164675",
        "amenity": "recycling",
        "covered": "no",
        "indoor": "no",
        "recycling_type": "container"
      },
      "geometry": {
        "type": "Point",
        "coordinates": [
          -120.6592391,
          35.3061082
        ]
      },
      "id": "node/9662164675"
    },
    {
      "type": "Feature",
      "properties": {
        "@id": "node/9662164676",
        "amenity": "waste_basket",
        "covered": "no",
        "indoor": "no"
      },
      "geometry": {
        "type": "Point",
        "coordinates": [
          -120.659252,
          35.3061069
        ]
      },
      "id": "node/9662164676"
    },
    {
      "type": "Feature",
      "properties": {
        "@id": "node/9662164684",
        "amenity": "car_sharing",
        "lit": "yes",
        "operator": "Zipcar",
        "operator:wikidata": "Q1069924",
        "operator:wikipedia": "en:Zipcar",
        "supervised": "no"
      },
      "geometry": {
        "type": "Point",
        "coordinates": [
          -120.6634509,
          35.3025247
        ]
      },
      "id": "node/9662164684"
    },
    {
      "type": "Feature",
      "properties": {
        "@id": "node/9662164686",
        "amenity": "waste_basket",
        "covered": "yes",
        "indoor": "no"
      },
      "geometry": {
        "type": "Point",
        "coordinates": [
          -120.6633472,
          35.3018358
        ]
      },
      "id": "node/9662164686"
    },
    {
      "type": "Feature",
      "properties": {
        "@id": "node/9662164687",
        "amenity": "recycling",
        "covered": "yes",
        "indoor": "yes",
        "recycling_type": "container"
      },
      "geometry": {
        "type": "Point",
        "coordinates": [
          -120.6633426,
          35.3018259
        ]
      },
      "id": "node/9662164687"
    },
    {
      "type": "Feature",
      "properties": {
        "@id": "node/9662164688",
        "amenity": "vending_machine",
        "covered": "yes",
        "description": "Mustang News",
        "fee": "no",
        "indoor": "no",
        "operator": "Cal Poly",
        "vending": "newspapers"
      },
      "geometry": {
        "type": "Point",
        "coordinates": [
          -120.6633456,
          35.3018618
        ]
      },
      "id": "node/9662164688"
    },
    {
      "type": "Feature",
      "properties": {
        "@id": "node/9662164689",
        "amenity": "car_sharing",
        "lit": "yes",
        "operator": "Zipcar",
        "operator:wikidata": "Q1069924",
        "operator:wikipedia": "en:Zipcar",
        "supervised": "no"
      },
      "geometry": {
        "type": "Point",
        "coordinates": [
          -120.6587128,
          35.301522
        ]
      },
      "id": "node/9662164689"
    },
    {
      "type": "Feature",
      "properties": {
        "@id": "node/9662164691",
        "amenity": "bench",
        "backrest": "yes"
      },
      "geometry": {
        "type": "Point",
        "coordinates": [
          -120.6584774,
          35.3013673
        ]
      },
      "id": "node/9662164691"
    },
    {
      "type": "Feature",
      "properties": {
        "@id": "node/9662164692",
        "amenity": "bench",
        "backrest": "no",
        "lit": "yes"
      },
      "geometry": {
        "type": "Point",
        "coordinates": [
          -120.6583118,
          35.3013084
        ]
      },
      "id": "node/9662164692"
    },
    {
      "type": "Feature",
      "properties": {
        "@id": "node/9662164693",
        "amenity": "vending_machine",
        "covered": "no",
        "description": "Mustang News",
        "fee": "no",
        "indoor": "no",
        "operator": "Cal Poly",
        "vending": "newspapers"
      },
      "geometry": {
        "type": "Point",
        "coordinates": [
          -120.6582996,
          35.3012819
        ]
      },
      "id": "node/9662164693"
    },
    {
      "type": "Feature",
      "properties": {
        "@id": "node/9663572689",
        "amenity": "bicycle_parking",
        "covered": "no",
        "fee": "no",
        "indoor": "no"
      },
      "geometry": {
        "type": "Point",
        "coordinates": [
          -120.6658465,
          35.3017665
        ]
      },
      "id": "node/9663572689"
    },
    {
      "type": "Feature",
      "properties": {
        "@id": "node/9663572690",
        "amenity": "telephone",
        "covered": "no",
        "description": "On campus calls only",
        "indoor": "no",
        "lit": "yes",
        "operator": "Cal Poly",
        "payment:free": "yes"
      },
      "geometry": {
        "type": "Point",
        "coordinates": [
          -120.663319,
          35.301082
        ]
      },
      "id": "node/9663572690"
    },
    {
      "type": "Feature",
      "properties": {
        "@id": "node/9663572691",
        "amenity": "bench",
        "armrest": "yes",
        "backrest": "no",
        "colour": "brown",
        "material": "wood",
        "seats": "3"
      },
      "geometry": {
        "type": "Point",
        "coordinates": [
          -120.6595465,
          35.3011258
        ]
      },
      "id": "node/9663572691"
    },
    {
      "type": "Feature",
      "properties": {
        "@id": "node/9663572693",
        "amenity": "telephone",
        "covered": "yes",
        "description": "On campus calls only.",
        "indoor": "no",
        "lit": "yes",
        "payment:free": "yes"
      },
      "geometry": {
        "type": "Point",
        "coordinates": [
          -120.6632916,
          35.3001551
        ]
      },
      "id": "node/9663572693"
    },
    {
      "type": "Feature",
      "properties": {
        "@id": "node/9663572694",
        "amenity": "bbq",
        "covered": "no"
      },
      "geometry": {
        "type": "Point",
        "coordinates": [
          -120.6578683,
          35.3029707
        ]
      },
      "id": "node/9663572694"
    },
    {
      "type": "Feature",
      "properties": {
        "@id": "node/9663572695",
        "amenity": "bench",
        "backrest": "yes"
      },
      "geometry": {
        "type": "Point",
        "coordinates": [
          -120.657898,
          35.3031087
        ]
      },
      "id": "node/9663572695"
    },
    {
      "type": "Feature",
      "properties": {
        "@id": "node/9663572697",
        "amenity": "bicycle_parking",
        "bicycle_parking": "lockers",
        "covered": "yes",
        "fee": "yes",
        "indoor": "no",
        "payment:online_payment": "yes"
      },
      "geometry": {
        "type": "Point",
        "coordinates": [
          -120.6611785,
          35.3021765
        ]
      },
      "id": "node/9663572697"
    },
    {
      "type": "Feature",
      "properties": {
        "@id": "node/9663572698",
        "amenity": "bench",
        "backrest": "no"
      },
      "geometry": {
        "type": "Point",
        "coordinates": [
          -120.6611924,
          35.302011
        ]
      },
      "id": "node/9663572698"
    },
    {
      "type": "Feature",
      "properties": {
        "@id": "node/9663572699",
        "amenity": "vending_machine",
        "covered": "no",
        "description": "Mustang News and New Times.",
        "fee": "no",
        "indoor": "no",
        "vending": "newspapers"
      },
      "geometry": {
        "type": "Point",
        "coordinates": [
          -120.660809,
          35.3026624
        ]
      },
      "id": "node/9663572699"
    },
    {
      "type": "Feature",
      "properties": {
        "@id": "node/9663572700",
        "amenity": "bicycle_parking",
        "covered": "no",
        "fee": "no",
        "indoor": "no",
        "lit": "yes"
      },
      "geometry": {
        "type": "Point",
        "coordinates": [
          -120.6608001,
          35.3026233
        ]
      },
      "id": "node/9663572700"
    },
    {
      "type": "Feature",
      "properties": {
        "@id": "node/9663572702",
        "amenity": "vending_machine",
        "covered": "no",
        "description": "Mustang News",
        "fee": "no",
        "indoor": "no",
        "operator": "Cal Poly",
        "vending": "newspapers"
      },
      "geometry": {
        "type": "Point",
        "coordinates": [
          -120.6633022,
          35.3022863
        ]
      },
      "id": "node/9663572702"
    },
    {
      "type": "Feature",
      "properties": {
        "@id": "node/9668219954",
        "amenity": "car_sharing",
        "lit": "no",
        "operator": "Zipcar",
        "operator:wikidata": "Q1069924",
        "operator:wikipedia": "en:Zipcar",
        "supervised": "no"
      },
      "geometry": {
        "type": "Point",
        "coordinates": [
          -120.6560738,
          35.3042288
        ]
      },
      "id": "node/9668219954"
    },
    {
      "type": "Feature",
      "properties": {
        "@id": "node/9668219955",
        "amenity": "bench",
        "backrest": "yes",
        "colour": "white",
        "lit": "yes",
        "material": "concrete"
      },
      "geometry": {
        "type": "Point",
        "coordinates": [
          -120.6572852,
          35.3042591
        ]
      },
      "id": "node/9668219955"
    },
    {
      "type": "Feature",
      "properties": {
        "@id": "node/9668219956",
        "amenity": "bench",
        "backrest": "yes",
        "colour": "white",
        "lit": "yes",
        "material": "concrete"
      },
      "geometry": {
        "type": "Point",
        "coordinates": [
          -120.6572644,
          35.3042296
        ]
      },
      "id": "node/9668219956"
    },
    {
      "type": "Feature",
      "properties": {
        "@id": "node/9668219957",
        "amenity": "bench",
        "backrest": "yes",
        "colour": "white",
        "lit": "yes",
        "material": "concrete"
      },
      "geometry": {
        "type": "Point",
        "coordinates": [
          -120.6572143,
          35.3042753
        ]
      },
      "id": "node/9668219957"
    },
    {
      "type": "Feature",
      "properties": {
        "@id": "node/9668219958",
        "amenity": "bench",
        "backrest": "yes",
        "colour": "white",
        "lit": "yes",
        "material": "concrete"
      },
      "geometry": {
        "type": "Point",
        "coordinates": [
          -120.6571548,
          35.3041943
        ]
      },
      "id": "node/9668219958"
    },
    {
      "type": "Feature",
      "properties": {
        "@id": "node/9668219960",
        "amenity": "vending_machine",
        "bin": "no",
        "covered": "no",
        "fee": "no",
        "indoor": "no",
        "vending": "excrement_bags"
      },
      "geometry": {
        "type": "Point",
        "coordinates": [
          -120.6572274,
          35.3043021
        ]
      },
      "id": "node/9668219960"
    },
    {
      "type": "Feature",
      "properties": {
        "@id": "node/9668219961",
        "amenity": "bench",
        "backrest": "yes",
        "colour": "white",
        "lit": "yes",
        "material": "concrete"
      },
      "geometry": {
        "type": "Point",
        "coordinates": [
          -120.65725,
          35.3043445
        ]
      },
      "id": "node/9668219961"
    },
    {
      "type": "Feature",
      "properties": {
        "@id": "node/9668219962",
        "amenity": "waste_basket",
        "covered": "no",
        "indoor": "no"
      },
      "geometry": {
        "type": "Point",
        "coordinates": [
          -120.6572527,
          35.3042138
        ]
      },
      "id": "node/9668219962"
    },
    {
      "type": "Feature",
      "properties": {
        "@id": "node/9668219963",
        "amenity": "recycling",
        "covered": "no",
        "indoor": "no",
        "recycling_type": "container"
      },
      "geometry": {
        "type": "Point",
        "coordinates": [
          -120.6572464,
          35.3042053
        ]
      },
      "id": "node/9668219963"
    },
    {
      "type": "Feature",
      "properties": {
        "@id": "node/9668219964",
        "amenity": "bench",
        "backrest": "yes",
        "colour": "white",
        "lit": "yes",
        "material": "concrete"
      },
      "geometry": {
        "type": "Point",
        "coordinates": [
          -120.6573083,
          35.304707
        ]
      },
      "id": "node/9668219964"
    },
    {
      "type": "Feature",
      "properties": {
        "@id": "node/9921260618",
        "amenity": "parking_space",
        "capacity": "9",
        "parking_space": "disabled"
      },
      "geometry": {
        "type": "Point",
        "coordinates": [
          -120.6636674,
          35.3025607
        ]
      },
      "id": "node/9921260618"
    },
    {
      "type": "Feature",
      "properties": {
        "@id": "node/10205291658",
        "addr:city": "San Luis Obispo",
        "addr:housenumber": "1",
        "addr:postcode": "93407",
        "addr:state": "CA",
        "addr:street": "Grand Avenue",
        "alt_name": "Jamba Juice",
        "amenity": "fast_food",
        "branch": "Cal Poly Vista Grande",
        "brand": "Jamba",
        "brand:wikidata": "Q3088784",
        "cuisine": "juice",
        "name": "Jamba",
        "opening_hours": "Mo-Fr 06:30-21:00; Sa-Su 08:00-20:00",
        "phone": "+1 805-756-1955",
        "takeaway": "yes",
        "website": "https://locations.jamba.com/ca/san-luis-obispo/1-grand-ave"
      },
      "geometry": {
        "type": "Point",
        "coordinates": [
          -120.6561414,
          35.2992172
        ]
      },
      "id": "node/10205291658"
    },
    {
      "type": "Feature",
      "properties": {
        "@id": "node/10205291660",
        "amenity": "restaurant",
        "diet:allergen-free": "yes",
        "name": "Balance Cafe"
      },
      "geometry": {
        "type": "Point",
        "coordinates": [
          -120.6559103,
          35.2994427
        ]
      },
      "id": "node/10205291660"
    },
    {
      "type": "Feature",
      "properties": {
        "@id": "node/10205291661",
        "amenity": "restaurant",
        "cuisine": "italian",
        "name": "Hearth"
      },
      "geometry": {
        "type": "Point",
        "coordinates": [
          -120.6558611,
          35.2993533
        ]
      },
      "id": "node/10205291661"
    },
    {
      "type": "Feature",
      "properties": {
        "@id": "node/10205291662",
        "amenity": "restaurant",
        "cuisine": "breakfast",
        "name": "Brunch"
      },
      "geometry": {
        "type": "Point",
        "coordinates": [
          -120.6556963,
          35.2993812
        ]
      },
      "id": "node/10205291662"
    },
    {
      "type": "Feature",
      "properties": {
        "@id": "node/10205291663",
        "amenity": "restaurant",
        "cuisine": "noodle",
        "name": "Noodles"
      },
      "geometry": {
        "type": "Point",
        "coordinates": [
          -120.6557627,
          35.2994189
        ]
      },
      "id": "node/10205291663"
    },
    {
      "type": "Feature",
      "properties": {
        "@id": "node/10205291665",
        "amenity": "restaurant",
        "cuisine": "street_food;burger;mexican;american",
        "name": "Streats"
      },
      "geometry": {
        "type": "Point",
        "coordinates": [
          -120.6560701,
          35.299359
        ]
      },
      "id": "node/10205291665"
    },
    {
      "type": "Feature",
      "properties": {
        "@id": "node/10205291666",
        "amenity": "restaurant",
        "name": "Mingle + Nosh"
      },
      "geometry": {
        "type": "Point",
        "coordinates": [
          -120.6558139,
          35.299432
        ]
      },
      "id": "node/10205291666"
    },
    {
      "type": "Feature",
      "properties": {
        "@id": "node/10205351961",
        "amenity": "bank",
        "atm": "yes",
        "drive_through": "no",
        "name": "Sesloc Federal Credit Union"
      },
      "geometry": {
        "type": "Point",
        "coordinates": [
          -120.6589748,
          35.3002766
        ]
      },
      "id": "node/10205351961"
    },
    {
      "type": "Feature",
      "properties": {
        "@id": "node/10205351992",
        "amenity": "bench",
        "backrest": "yes",
        "material": "concrete"
      },
      "geometry": {
        "type": "Point",
        "coordinates": [
          -120.6599147,
          35.301864
        ]
      },
      "id": "node/10205351992"
    },
    {
      "type": "Feature",
      "properties": {
        "@id": "node/10205352017",
        "amenity": "cafe",
        "name": "Julian's"
      },
      "geometry": {
        "type": "Point",
        "coordinates": [
          -120.663522,
          35.3019518
        ]
      },
      "id": "node/10205352017"
    },
    {
      "type": "Feature",
      "properties": {
        "@id": "node/10205352023",
        "amenity": "charging_station"
      },
      "geometry": {
        "type": "Point",
        "coordinates": [
          -120.6635188,
          35.302555
        ]
      },
      "id": "node/10205352023"
    },
    {
      "type": "Feature",
      "properties": {
        "@id": "node/10205352024",
        "amenity": "charging_station"
      },
      "geometry": {
        "type": "Point",
        "coordinates": [
          -120.6635056,
          35.3025336
        ]
      },
      "id": "node/10205352024"
    },
    {
      "type": "Feature",
      "properties": {
        "@id": "node/10205352025",
        "amenity": "charging_station"
      },
      "geometry": {
        "type": "Point",
        "coordinates": [
          -120.6634963,
          35.302507
        ]
      },
      "id": "node/10205352025"
    },
    {
      "type": "Feature",
      "properties": {
        "@id": "node/10205352026",
        "amenity": "parking_space",
        "parking_space": "disabled"
      },
      "geometry": {
        "type": "Point",
        "coordinates": [
          -120.6636407,
          35.3024995
        ]
      },
      "id": "node/10205352026"
    },
    {
      "type": "Feature",
      "properties": {
        "@id": "node/10205352027",
        "amenity": "parking_space",
        "parking_space": "disabled"
      },
      "geometry": {
        "type": "Point",
        "coordinates": [
          -120.6636528,
          35.3025274
        ]
      },
      "id": "node/10205352027"
    },
    {
      "type": "Feature",
      "properties": {
        "@id": "node/10205352028",
        "amenity": "parking_space",
        "parking_space": "disabled"
      },
      "geometry": {
        "type": "Point",
        "coordinates": [
          -120.663665,
          35.3025914
        ]
      },
      "id": "node/10205352028"
    },
    {
      "type": "Feature",
      "properties": {
        "@id": "node/10205352029",
        "amenity": "parking_space",
        "parking_space": "disabled"
      },
      "geometry": {
        "type": "Point",
        "coordinates": [
          -120.6636793,
          35.3026302
        ]
      },
      "id": "node/10205352029"
    },
    {
      "type": "Feature",
      "properties": {
        "@id": "node/10205352030",
        "amenity": "parking_space",
        "parking_space": "disabled"
      },
      "geometry": {
        "type": "Point",
        "coordinates": [
          -120.6636915,
          35.3026761
        ]
      },
      "id": "node/10205352030"
    },
    {
      "type": "Feature",
      "properties": {
        "@id": "node/10205352031",
        "amenity": "parking_space",
        "parking_space": "disabled"
      },
      "geometry": {
        "type": "Point",
        "coordinates": [
          -120.663697,
          35.3027392
        ]
      },
      "id": "node/10205352031"
    },
    {
      "type": "Feature",
      "properties": {
        "@id": "node/10205352032",
        "amenity": "bicycle_parking",
        "covered": "no"
      },
      "geometry": {
        "type": "Point",
        "coordinates": [
          -120.6649135,
          35.3025166
        ]
      },
      "id": "node/10205352032"
    },
    {
      "type": "Feature",
      "properties": {
        "@id": "node/10557771850",
        "amenity": "bench",
        "backrest": "yes"
      },
      "geometry": {
        "type": "Point",
        "coordinates": [
          -120.6572077,
          35.3012135
        ]
      },
      "id": "node/10557771850"
    },
    {
      "type": "Feature",
      "properties": {
        "@id": "node/10587599606",
        "amenity": "parking_space",
        "parking_space": "disabled"
      },
      "geometry": {
        "type": "Point",
        "coordinates": [
          -120.6641736,
          35.2996905
        ]
      },
      "id": "node/10587599606"
    },
    {
      "type": "Feature",
      "properties": {
        "@id": "node/10587599703",
        "amenity": "parking_space",
        "parking_space": "disabled"
      },
      "geometry": {
        "type": "Point",
        "coordinates": [
          -120.6659971,
          35.2997025
        ]
      },
      "id": "node/10587599703"
    },
    {
      "type": "Feature",
      "properties": {
        "@id": "node/10587599704",
        "amenity": "parking_space",
        "parking_space": "disabled"
      },
      "geometry": {
        "type": "Point",
        "coordinates": [
          -120.6659775,
          35.2996494
        ]
      },
      "id": "node/10587599704"
    },
    {
      "type": "Feature",
      "properties": {
        "@id": "node/10587641405",
        "amenity": "parking_space",
        "parking_space": "disabled"
      },
      "geometry": {
        "type": "Point",
        "coordinates": [
          -120.6625565,
          35.3014517
        ]
      },
      "id": "node/10587641405"
    },
    {
      "type": "Feature",
      "properties": {
        "@id": "node/10587641406",
        "amenity": "parking_space",
        "parking_space": "disabled"
      },
      "geometry": {
        "type": "Point",
        "coordinates": [
          -120.6625307,
          35.301365
        ]
      },
      "id": "node/10587641406"
    },
    {
      "type": "Feature",
      "properties": {
        "@id": "node/10587641407",
        "amenity": "parking_space",
        "parking_space": "disabled"
      },
      "geometry": {
        "type": "Point",
        "coordinates": [
          -120.6625103,
          35.3013205
        ]
      },
      "id": "node/10587641407"
    },
    {
      "type": "Feature",
      "properties": {
        "@id": "node/10587641408",
        "amenity": "parking_space",
        "parking_space": "disabled"
      },
      "geometry": {
        "type": "Point",
        "coordinates": [
          -120.6617775,
          35.3028608
        ]
      },
      "id": "node/10587641408"
    },
    {
      "type": "Feature",
      "properties": {
        "@id": "node/10587641409",
        "amenity": "parking_space",
        "parking_space": "disabled"
      },
      "geometry": {
        "type": "Point",
        "coordinates": [
          -120.6600069,
          35.3031929
        ]
      },
      "id": "node/10587641409"
    },
    {
      "type": "Feature",
      "properties": {
        "@id": "node/10587641410",
        "amenity": "parking_space",
        "parking_space": "disabled"
      },
      "geometry": {
        "type": "Point",
        "coordinates": [
          -120.6600051,
          35.3031679
        ]
      },
      "id": "node/10587641410"
    },
    {
      "type": "Feature",
      "properties": {
        "@id": "node/10587641411",
        "amenity": "parking_space",
        "parking_space": "disabled"
      },
      "geometry": {
        "type": "Point",
        "coordinates": [
          -120.6600033,
          35.3031273
        ]
      },
      "id": "node/10587641411"
    },
    {
      "type": "Feature",
      "properties": {
        "@id": "node/10587641412",
        "amenity": "parking_space",
        "parking_space": "disabled"
      },
      "geometry": {
        "type": "Point",
        "coordinates": [
          -120.6600003,
          35.3030964
        ]
      },
      "id": "node/10587641412"
    },
    {
      "type": "Feature",
      "properties": {
        "@id": "node/13156115663",
        "amenity": "bicycle_parking",
        "bicycle_parking": "rack",
        "capacity": "16",
        "covered": "no",
        "fee": "none",
        "lit": "no",
        "supervised": "no",
        "surface": "concrete"
      },
      "geometry": {
        "type": "Point",
        "coordinates": [
          -120.6564143,
          35.300268
        ]
      },
      "id": "node/13156115663"
    },
    {
      "type": "Feature",
      "properties": {
        "@id": "node/13156138458",
        "amenity": "recycling",
        "recycling:waste": "s",
        "recycling_type": "container"
      },
      "geometry": {
        "type": "Point",
        "coordinates": [
          -120.6618545,
          35.3012815
        ]
      },
      "id": "node/13156138458"
    },
    {
      "type": "Feature",
      "properties": {
        "@id": "node/13156138489",
        "amenity": "waste_basket",
        "waste": "trash"
      },
      "geometry": {
        "type": "Point",
        "coordinates": [
          -120.6618479,
          35.3012837
        ]
      },
      "id": "node/13156138489"
    },
    {
      "type": "Feature",
      "properties": {
        "@id": "node/13157074581",
        "amenity": "bench",
        "armrest": "yes",
        "backrest": "no",
        "colour": "brown",
        "direction": "235",
        "material": "wood",
        "seats": "3"
      },
      "geometry": {
        "type": "Point",
        "coordinates": [
          -120.6593343,
          35.3011489
        ]
      },
      "id": "node/13157074581"
    },
    {
      "type": "Feature",
      "properties": {
        "@id": "node/13157074583",
        "amenity": "bench",
        "armrest": "yes",
        "backrest": "yes",
        "colour": "black",
        "direction": "S",
        "material": "wood",
        "seats": "3"
      },
      "geometry": {
        "type": "Point",
        "coordinates": [
          -120.6595887,
          35.3011803
        ]
      },
      "id": "node/13157074583"
    },
    {
      "type": "Feature",
      "properties": {
        "@id": "node/13157074589",
        "amenity": "bench",
        "armrest": "yes",
        "backrest": "yes",
        "colour": "brown",
        "direction": "129",
        "material": "wood",
        "seats": "3"
      },
      "geometry": {
        "type": "Point",
        "coordinates": [
          -120.6594899,
          35.3011723
        ]
      },
      "id": "node/13157074589"
    },
    {
      "type": "Feature",
      "properties": {
        "@id": "node/13157074590",
        "amenity": "bench",
        "armrest": "yes",
        "backrest": "yes",
        "colour": "gray",
        "direction": "2",
        "material": "wood",
        "seats": "3"
      },
      "geometry": {
        "type": "Point",
        "coordinates": [
          -120.6594014,
          35.3010643
        ]
      },
      "id": "node/13157074590"
    },
    {
      "type": "Feature",
      "properties": {
        "@id": "way/45599071",
        "addr:city": "San Luis Obispo",
        "addr:postcode": "93407",
        "addr:street": "Grand",
        "building": "university",
        "building:levels": "2",
        "name": "Davidson Music Center",
        "official_name": "H. P. Davidson Music Center",
        "ref": "45",
        "amenity": "performing_arts"
      },
      "geometry": {
        "type": "Polygon",
        "coordinates": [
          [
            [
              -120.6578997,
              35.2994835
            ],
            [
              -120.6578176,
              35.2995231
            ],
            [
              -120.6578798,
              35.299609
            ],
            [
              -120.6578568,
              35.2996201
            ],
            [
              -120.657896,
              35.2996743
            ],
            [
              -120.6580093,
              35.2996197
            ],
            [
              -120.6581322,
              35.2995605
            ],
            [
              -120.6583028,
              35.2994782
            ],
            [
              -120.657965,
              35.2990116
            ],
            [
              -120.6578659,
              35.2990594
            ],
            [
              -120.6578373,
              35.2990198
            ],
            [
              -120.6577507,
              35.2990616
            ],
            [
              -120.6577777,
              35.2990989
            ],
            [
              -120.6576618,
              35.2991548
            ],
            [
              -120.6578997,
              35.2994835
            ]
          ]
        ]
      },
      "id": "way/45599071"
    },
    {
      "type": "Feature",
      "properties": {
        "@id": "way/45599074",
        "addr:city": "San Luis Obispo",
        "addr:postcode": "93407",
        "addr:street": "Grand",
        "building": "university",
        "name": "Robert E. Mott Physical Education",
        "ref": "42",
        "amenity": "recreation"
      },
      "geometry": {
        "type": "Polygon",
        "coordinates": [
          [
            [
              -120.6585142,
              35.2992021
            ],
            [
              -120.6589459,
              35.298995
            ],
            [
              -120.6589789,
              35.2990415
            ],
            [
              -120.6591717,
              35.2989503
            ],
            [
              -120.6591333,
              35.2988963
            ],
            [
              -120.6594094,
              35.2987656
            ],
            [
              -120.6591123,
              35.2983472
            ],
            [
              -120.6588295,
              35.298481
            ],
            [
              -120.658811,
              35.298455
            ],
            [
              -120.6583848,
              35.2986567
            ],
            [
              -120.658404,
              35.2986837
            ],
            [
              -120.6582095,
              35.2987757
            ],
            [
              -120.6585142,
              35.2992021
            ]
          ]
        ]
      },
      "id": "way/45599074"
    },
    {
      "type": "Feature",
      "properties": {
        "@id": "way/45599075",
        "addr:city": "San Luis Obispo",
        "addr:postcode": "93407",
        "addr:street": "Grand",
        "building": "dormitory",
        "name": "113A Sierra Madre Hall: Tower 0",
        "amenity": "dormitory",
        "ref": "113"
      },
      "geometry": {
        "type": "Polygon",
        "coordinates": [
          [
            [
              -120.6550425,
              35.2992363
            ],
            [
              -120.6550535,
              35.2992615
            ],
            [
              -120.6552732,
              35.2991972
            ],
            [
              -120.6552621,
              35.2991718
            ],
            [
              -120.6553367,
              35.2991499
            ],
            [
              -120.6553131,
              35.299096
            ],
            [
              -120.6552704,
              35.2991085
            ],
            [
              -120.6552477,
              35.2990567
            ],
            [
              -120.6552139,
              35.2990666
            ],
            [
              -120.6552025,
              35.2990407
            ],
            [
              -120.6549851,
              35.2991042
            ],
            [
              -120.6549969,
              35.2991311
            ],
            [
              -120.6549226,
              35.2991528
            ],
            [
              -120.6549459,
              35.299206
            ],
            [
              -120.6549886,
              35.2991935
            ],
            [
              -120.6550114,
              35.2992454
            ],
            [
              -120.6550425,
              35.2992363
            ]
          ]
        ]
      },
      "id": "way/45599075"
    },
    {
      "type": "Feature",
      "properties": {
        "@id": "way/45599078",
        "addr:city": "San Luis Obispo",
        "addr:postcode": "93407",
        "addr:street": "Grand",
        "building": "dormitory",
        "name": "113C Sierra Madre Hall: Tower 2",
        "smoking": "no",
        "wheelchair": "no",
        "amenity": "dormitory",
        "ref": "113"
      },
      "geometry": {
        "type": "Polygon",
        "coordinates": [
          [
            [
              -120.6547369,
              35.2993086
            ],
            [
              -120.65472,
              35.2992694
            ],
            [
              -120.6547834,
              35.2992512
            ],
            [
              -120.6547722,
              35.2992252
            ],
            [
              -120.6548044,
              35.299216
            ],
            [
              -120.6547281,
              35.2990391
            ],
            [
              -120.6546959,
              35.2990483
            ],
            [
              -120.6546696,
              35.2989872
            ],
            [
              -120.6546037,
              35.2990061
            ],
            [
              -120.6546182,
              35.2990399
            ],
            [
              -120.6545555,
              35.2990579
            ],
            [
              -120.6545681,
              35.2990872
            ],
            [
              -120.6545364,
              35.2990963
            ],
            [
              -120.654614,
              35.2992764
            ],
            [
              -120.6546474,
              35.2992668
            ],
            [
              -120.6546732,
              35.2993268
            ],
            [
              -120.6547369,
              35.2993086
            ]
          ]
        ]
      },
      "id": "way/45599078"
    },
    {
      "type": "Feature",
      "properties": {
        "@id": "way/45600360",
        "addr:city": "San Luis Obispo",
        "addr:postcode": "93407",
        "addr:street": "Grand",
        "building": "dormitory",
        "name": "Sierra Madre Hall: Tower 3",
        "smoking": "no",
        "wheelchair": "no",
        "amenity": "dormitory",
        "ref": "113"
      },
      "geometry": {
        "type": "Polygon",
        "coordinates": [
          [
            [
              -120.6544118,
              35.2989675
            ],
            [
              -120.6543834,
              35.2989029
            ],
            [
              -120.6544148,
              35.2988936
            ],
            [
              -120.6543371,
              35.2987171
            ],
            [
              -120.6543065,
              35.2987261
            ],
            [
              -120.6542951,
              35.2987002
            ],
            [
              -120.6542326,
              35.2987186
            ],
            [
              -120.654217,
              35.2986834
            ],
            [
              -120.6541519,
              35.2987025
            ],
            [
              -120.6541788,
              35.2987635
            ],
            [
              -120.6541458,
              35.2987732
            ],
            [
              -120.6542249,
              35.2989527
            ],
            [
              -120.6542573,
              35.2989432
            ],
            [
              -120.654269,
              35.2989697
            ],
            [
              -120.6543308,
              35.2989516
            ],
            [
              -120.6543463,
              35.2989867
            ],
            [
              -120.6544118,
              35.2989675
            ]
          ]
        ]
      },
      "id": "way/45600360"
    },
    {
      "type": "Feature",
      "properties": {
        "@id": "way/45600361",
        "addr:city": "San Luis Obispo",
        "addr:postcode": "93407",
        "addr:street": "Grand",
        "building": "dormitory",
        "name": "Sierra Madre Hall: Tower 5",
        "smoking": "no",
        "wheelchair": "no",
        "amenity": "dormitory",
        "ref": "113"
      },
      "geometry": {
        "type": "Polygon",
        "coordinates": [
          [
            [
              -120.6545528,
              35.2986818
            ],
            [
              -120.6545645,
              35.2987081
            ],
            [
              -120.6547752,
              35.2986452
            ],
            [
              -120.654766,
              35.2986246
            ],
            [
              -120.6548084,
              35.2986119
            ],
            [
              -120.6547825,
              35.298554
            ],
            [
              -120.6548339,
              35.2985387
            ],
            [
              -120.654826,
              35.2985212
            ],
            [
              -120.6548177,
              35.2985237
            ],
            [
              -120.6548008,
              35.2984859
            ],
            [
              -120.654726,
              35.2985083
            ],
            [
              -120.6547145,
              35.2984827
            ],
            [
              -120.6544947,
              35.2985483
            ],
            [
              -120.6545068,
              35.2985752
            ],
            [
              -120.6544745,
              35.2985848
            ],
            [
              -120.6544975,
              35.2986361
            ],
            [
              -120.6544534,
              35.2986493
            ],
            [
              -120.654478,
              35.2987041
            ],
            [
              -120.6545528,
              35.2986818
            ]
          ]
        ]
      },
      "id": "way/45600361"
    },
    {
      "type": "Feature",
      "properties": {
        "@id": "way/45600362",
        "addr:city": "San Luis Obispo",
        "addr:postcode": "93407",
        "addr:street": "Grand",
        "amenity": "community_centre",
        "building": "dormitory",
        "name": "113 Sierra Madre Community Center",
        "smoking": "no",
        "wheelchair": "limited",
        "ref": "113"
      },
      "geometry": {
        "type": "Polygon",
        "coordinates": [
          [
            [
              -120.6551052,
              35.2989642
            ],
            [
              -120.6550467,
              35.2988303
            ],
            [
              -120.6551092,
              35.2988121
            ],
            [
              -120.6550979,
              35.2987863
            ],
            [
              -120.655127,
              35.2987778
            ],
            [
              -120.65508,
              35.2986704
            ],
            [
              -120.6550663,
              35.2986744
            ],
            [
              -120.6550222,
              35.2985736
            ],
            [
              -120.6549914,
              35.2985825
            ],
            [
              -120.6549811,
              35.2985589
            ],
            [
              -120.6548982,
              35.298583
            ],
            [
              -120.6549318,
              35.2986597
            ],
            [
              -120.6548365,
              35.2986875
            ],
            [
              -120.6548627,
              35.2987473
            ],
            [
              -120.6549253,
              35.2987291
            ],
            [
              -120.6549323,
              35.2987449
            ],
            [
              -120.6547746,
              35.2987909
            ],
            [
              -120.6548321,
              35.2989224
            ],
            [
              -120.6549912,
              35.298876
            ],
            [
              -120.6550383,
              35.2989836
            ],
            [
              -120.6551052,
              35.2989642
            ]
          ]
        ]
      },
      "id": "way/45600362"
    },
    {
      "type": "Feature",
      "properties": {
        "@id": "way/45600363",
        "addr:city": "San Luis Obispo",
        "addr:postcode": "93407",
        "addr:street": "Grand",
        "building": "dormitory",
        "name": "Sierra Madre Hall: Tower 4",
        "smoking": "no",
        "wheelchair": "no",
        "amenity": "dormitory",
        "ref": "113"
      },
      "geometry": {
        "type": "Polygon",
        "coordinates": [
          [
            [
              -120.6544047,
              35.2986223
            ],
            [
              -120.6543823,
              35.2985709
            ],
            [
              -120.6544142,
              35.2985617
            ],
            [
              -120.654336,
              35.2983826
            ],
            [
              -120.6543054,
              35.2983915
            ],
            [
              -120.6542942,
              35.2983657
            ],
            [
              -120.6542339,
              35.2983832
            ],
            [
              -120.6542185,
              35.2983479
            ],
            [
              -120.6541502,
              35.2983678
            ],
            [
              -120.6541771,
              35.2984293
            ],
            [
              -120.6541454,
              35.2984386
            ],
            [
              -120.6542233,
              35.298617
            ],
            [
              -120.6542546,
              35.2986079
            ],
            [
              -120.6542659,
              35.2986337
            ],
            [
              -120.6543291,
              35.2986153
            ],
            [
              -120.6543403,
              35.298641
            ],
            [
              -120.6544047,
              35.2986223
            ]
          ]
        ]
      },
      "id": "way/45600363"
    },
    {
      "type": "Feature",
      "properties": {
        "@id": "way/45600364",
        "addr:city": "San Luis Obispo",
        "addr:postcode": "93407",
        "addr:street": "Grand Avenue",
        "amenity": "community_centre",
        "building": "dormitory",
        "name": "Yosemite Community Center"
      },
      "geometry": {
        "type": "Polygon",
        "coordinates": [
          [
            [
              -120.653852,
              35.2978918
            ],
            [
              -120.6538063,
              35.2977886
            ],
            [
              -120.6538962,
              35.297762
            ],
            [
              -120.6538332,
              35.2976199
            ],
            [
              -120.6538161,
              35.2976249
            ],
            [
              -120.653775,
              35.2975321
            ],
            [
              -120.6537449,
              35.2975409
            ],
            [
              -120.653733,
              35.2975142
            ],
            [
              -120.6536516,
              35.2975382
            ],
            [
              -120.6536864,
              35.2976166
            ],
            [
              -120.6535913,
              35.2976447
            ],
            [
              -120.6536173,
              35.2977034
            ],
            [
              -120.6536785,
              35.2976854
            ],
            [
              -120.6536871,
              35.2977049
            ],
            [
              -120.6535301,
              35.2977512
            ],
            [
              -120.6535897,
              35.2978857
            ],
            [
              -120.653753,
              35.2978375
            ],
            [
              -120.6537857,
              35.2979114
            ],
            [
              -120.653852,
              35.2978918
            ]
          ]
        ]
      },
      "id": "way/45600364"
    },
    {
      "type": "Feature",
      "properties": {
        "@id": "way/45600395",
        "addr:city": "San Luis Obispo",
        "addr:postcode": "93407",
        "addr:street": "Grand",
        "amenity": "theatre",
        "building": "university",
        "building:levels": "2",
        "building:levels:underground": "1",
        "name": "Spanos Theatre",
        "official_name": "Alex and Faye Spanos Theater",
        "ref": "44",
        "start_date": "1960",
        "website": "https://spanostheatre.calpoly.edu/"
      },
      "geometry": {
        "type": "Polygon",
        "coordinates": [
          [
            [
              -120.657896,
              35.2996743
            ],
            [
              -120.6578568,
              35.2996201
            ],
            [
              -120.6578798,
              35.299609
            ],
            [
              -120.6578176,
              35.2995231
            ],
            [
              -120.6577381,
              35.2995614
            ],
            [
              -120.6575617,
              35.2996465
            ],
            [
              -120.6576239,
              35.2997324
            ],
            [
              -120.6576511,
              35.2997193
            ],
            [
              -120.657699,
              35.2997855
            ],
            [
              -120.6577416,
              35.2998444
            ],
            [
              -120.6578228,
              35.2999566
            ],
            [
              -120.6580286,
              35.2998574
            ],
            [
              -120.657896,
              35.2996743
            ]
          ]
        ]
      },
      "id": "way/45600395"
    },
    {
      "type": "Feature",
      "properties": {
        "@id": "way/45600409",
        "addr:city": "San Luis Obispo",
        "addr:postcode": "93407",
        "addr:street": "Grand",
        "building": "dormitory",
        "building:levels": "3",
        "name": "110 Tenaya Hall",
        "ref": "110",
        "smoking": "no",
        "amenity": "dormitory"
      },
      "geometry": {
        "type": "Polygon",
        "coordinates": [
          [
            [
              -120.6567931,
              35.3003949
            ],
            [
              -120.6566103,
              35.3000498
            ],
            [
              -120.6567595,
              35.2999972
            ],
            [
              -120.6567181,
              35.299919
            ],
            [
              -120.656618,
              35.2999544
            ],
            [
              -120.656612,
              35.2999446
            ],
            [
              -120.6564205,
              35.2995817
            ],
            [
              -120.6563418,
              35.2996095
            ],
            [
              -120.6563548,
              35.2996339
            ],
            [
              -120.6563067,
              35.2996509
            ],
            [
              -120.6564576,
              35.2999359
            ],
            [
              -120.6562567,
              35.3000068
            ],
            [
              -120.6563329,
              35.3001507
            ],
            [
              -120.6564282,
              35.3001171
            ],
            [
              -120.6564064,
              35.300076
            ],
            [
              -120.6564641,
              35.3000556
            ],
            [
              -120.6566543,
              35.3004146
            ],
            [
              -120.6567015,
              35.3003979
            ],
            [
              -120.6567146,
              35.3004226
            ],
            [
              -120.6567931,
              35.3003949
            ]
          ]
        ]
      },
      "id": "way/45600409"
    },
    {
      "type": "Feature",
      "properties": {
        "@id": "way/45600410",
        "addr:city": "San Luis Obispo",
        "addr:postcode": "93407",
        "addr:street": "Grand",
        "building": "dormitory",
        "building:levels": "3",
        "name": "109 Fremont Hall",
        "ref": "109",
        "smoking": "no",
        "amenity": "dormitory"
      },
      "geometry": {
        "type": "Polygon",
        "coordinates": [
          [
            [
              -120.6560109,
              35.3007067
            ],
            [
              -120.6559089,
              35.3003388
            ],
            [
              -120.6560715,
              35.3003088
            ],
            [
              -120.6560489,
              35.3002273
            ],
            [
              -120.6559383,
              35.3002477
            ],
            [
              -120.655934,
              35.3002342
            ],
            [
              -120.6558286,
              35.2998515
            ],
            [
              -120.6557464,
              35.2998666
            ],
            [
              -120.6557534,
              35.299892
            ],
            [
              -120.655702,
              35.2999015
            ],
            [
              -120.6557865,
              35.3002064
            ],
            [
              -120.6555748,
              35.3002454
            ],
            [
              -120.6556164,
              35.3003956
            ],
            [
              -120.6557157,
              35.3003772
            ],
            [
              -120.6557041,
              35.3003354
            ],
            [
              -120.655764,
              35.3003244
            ],
            [
              -120.6558698,
              35.3007063
            ],
            [
              -120.6559207,
              35.300697
            ],
            [
              -120.6559276,
              35.3007221
            ],
            [
              -120.6560109,
              35.3007067
            ]
          ]
        ]
      },
      "id": "way/45600410"
    },
    {
      "type": "Feature",
      "properties": {
        "@id": "way/45600411",
        "addr:city": "San Luis Obispo",
        "addr:postcode": "93407",
        "addr:street": "Grand",
        "building": "dormitory",
        "name": "113B Sierra Madre Hall: Tower 1",
        "amenity": "dormitory",
        "ref": "113"
      },
      "geometry": {
        "type": "Polygon",
        "coordinates": [
          [
            [
              -120.6550001,
              35.2995766
            ],
            [
              -120.6549843,
              35.2995402
            ],
            [
              -120.655047,
              35.299522
            ],
            [
              -120.6550355,
              35.2994956
            ],
            [
              -120.6550665,
              35.2994867
            ],
            [
              -120.6549886,
              35.2993072
            ],
            [
              -120.6549571,
              35.2993163
            ],
            [
              -120.6549302,
              35.2992544
            ],
            [
              -120.6548628,
              35.2992739
            ],
            [
              -120.6548789,
              35.2993109
            ],
            [
              -120.6548203,
              35.2993278
            ],
            [
              -120.6548331,
              35.2993573
            ],
            [
              -120.6547971,
              35.2993678
            ],
            [
              -120.6548734,
              35.2995436
            ],
            [
              -120.6549056,
              35.2995343
            ],
            [
              -120.6549324,
              35.2995961
            ],
            [
              -120.6550001,
              35.2995766
            ]
          ]
        ]
      },
      "id": "way/45600411"
    },
    {
      "type": "Feature",
      "properties": {
        "@id": "way/45638367",
        "addr:city": "San Luis Obispo",
        "addr:postcode": "93407",
        "addr:street": "Grand Avenue",
        "building": "dormitory",
        "name": "Yosemite Hall: Tower 7",
        "amenity": "dormitory",
        "ref": "114"
      },
      "geometry": {
        "type": "Polygon",
        "coordinates": [
          [
            [
              -120.6528989,
              35.2977802
            ],
            [
              -120.6530174,
              35.2977452
            ],
            [
              -120.6530537,
              35.2977346
            ],
            [
              -120.6530419,
              35.2977078
            ],
            [
              -120.6530708,
              35.2976992
            ],
            [
              -120.6530233,
              35.2975917
            ],
            [
              -120.652991,
              35.2976012
            ],
            [
              -120.6529769,
              35.2975695
            ],
            [
              -120.6528619,
              35.2976034
            ],
            [
              -120.652824,
              35.2976145
            ],
            [
              -120.6528378,
              35.2976457
            ],
            [
              -120.6528071,
              35.2976548
            ],
            [
              -120.6528556,
              35.2977643
            ],
            [
              -120.6528878,
              35.2977548
            ],
            [
              -120.6528989,
              35.2977802
            ]
          ]
        ]
      },
      "id": "way/45638367"
    },
    {
      "type": "Feature",
      "properties": {
        "@id": "way/45638368",
        "addr:city": "San Luis Obispo",
        "addr:postcode": "93407",
        "addr:street": "Grand Avenue",
        "building": "dormitory",
        "name": "Yosemite Hall: Tower 6",
        "amenity": "dormitory",
        "ref": "114"
      },
      "geometry": {
        "type": "Polygon",
        "coordinates": [
          [
            [
              -120.6530286,
              35.2977702
            ],
            [
              -120.6529974,
              35.2977794
            ],
            [
              -120.6530554,
              35.2979092
            ],
            [
              -120.6530873,
              35.2978998
            ],
            [
              -120.6530988,
              35.2979255
            ],
            [
              -120.6532257,
              35.2978877
            ],
            [
              -120.6532133,
              35.29786
            ],
            [
              -120.6532418,
              35.2978515
            ],
            [
              -120.6531846,
              35.2977234
            ],
            [
              -120.6531554,
              35.2977321
            ],
            [
              -120.6531443,
              35.2977074
            ],
            [
              -120.6530537,
              35.2977346
            ],
            [
              -120.6530174,
              35.2977452
            ],
            [
              -120.6530286,
              35.2977702
            ]
          ]
        ]
      },
      "id": "way/45638368"
    },
    {
      "type": "Feature",
      "properties": {
        "@id": "way/45638369",
        "addr:city": "San Luis Obispo",
        "addr:postcode": "93407",
        "addr:street": "Grand Avenue",
        "building": "dormitory",
        "name": "Yosemite Hall: Tower 8",
        "amenity": "dormitory",
        "ref": "114"
      },
      "geometry": {
        "type": "Polygon",
        "coordinates": [
          [
            [
              -120.6532114,
              35.2975996
            ],
            [
              -120.6531998,
              35.2975734
            ],
            [
              -120.6532198,
              35.2975675
            ],
            [
              -120.6531864,
              35.2974918
            ],
            [
              -120.6531954,
              35.2974892
            ],
            [
              -120.6531707,
              35.2974333
            ],
            [
              -120.6531394,
              35.2974425
            ],
            [
              -120.6531278,
              35.2974162
            ],
            [
              -120.6529987,
              35.2974542
            ],
            [
              -120.6530108,
              35.2974816
            ],
            [
              -120.6529808,
              35.2974904
            ],
            [
              -120.653038,
              35.29762
            ],
            [
              -120.6530708,
              35.2976103
            ],
            [
              -120.6530827,
              35.2976374
            ],
            [
              -120.6532114,
              35.2975996
            ]
          ]
        ]
      },
      "id": "way/45638369"
    },
    {
      "type": "Feature",
      "properties": {
        "@id": "way/45638370",
        "addr:city": "San Luis Obispo",
        "addr:postcode": "93407",
        "addr:street": "Grand Avenue",
        "building": "dormitory",
        "name": "Yosemite Hall: Tower 9",
        "amenity": "dormitory",
        "ref": "114"
      },
      "geometry": {
        "type": "Polygon",
        "coordinates": [
          [
            [
              -120.6534667,
              35.2976161
            ],
            [
              -120.6534547,
              35.2975895
            ],
            [
              -120.6534898,
              35.297579
            ],
            [
              -120.6534428,
              35.2974747
            ],
            [
              -120.6534107,
              35.2974843
            ],
            [
              -120.6533992,
              35.2974588
            ],
            [
              -120.6532429,
              35.2975057
            ],
            [
              -120.6532529,
              35.2975277
            ],
            [
              -120.6532206,
              35.2975374
            ],
            [
              -120.6532686,
              35.297644
            ],
            [
              -120.6533,
              35.2976346
            ],
            [
              -120.6533125,
              35.2976624
            ],
            [
              -120.6534667,
              35.2976161
            ]
          ]
        ]
      },
      "id": "way/45638370"
    },
    {
      "type": "Feature",
      "properties": {
        "@id": "way/45638377",
        "addr:city": "San Luis Obispo",
        "addr:postcode": "93407",
        "addr:street": "Grand Avenue",
        "building": "dormitory",
        "name": "Yosemite Hall: Tower 0",
        "amenity": "dormitory",
        "ref": "114"
      },
      "geometry": {
        "type": "Polygon",
        "coordinates": [
          [
            [
              -120.6539176,
              35.2980731
            ],
            [
              -120.6540735,
              35.298026
            ],
            [
              -120.6540618,
              35.2980003
            ],
            [
              -120.6540957,
              35.2979901
            ],
            [
              -120.6540474,
              35.2978836
            ],
            [
              -120.6540123,
              35.2978942
            ],
            [
              -120.6540008,
              35.2978688
            ],
            [
              -120.6538481,
              35.2979149
            ],
            [
              -120.6538606,
              35.2979425
            ],
            [
              -120.6538279,
              35.2979524
            ],
            [
              -120.6538758,
              35.2980581
            ],
            [
              -120.6539065,
              35.2980488
            ],
            [
              -120.6539176,
              35.2980731
            ]
          ]
        ]
      },
      "id": "way/45638377"
    },
    {
      "type": "Feature",
      "properties": {
        "@id": "way/45638378",
        "addr:city": "San Luis Obispo",
        "addr:postcode": "93407",
        "addr:street": "Grand Avenue",
        "building": "dormitory",
        "name": "Yosemite Hall: Tower 1",
        "amenity": "dormitory",
        "ref": "114"
      },
      "geometry": {
        "type": "Polygon",
        "coordinates": [
          [
            [
              -120.6540338,
              35.2981867
            ],
            [
              -120.6539901,
              35.2980858
            ],
            [
              -120.6539546,
              35.298096
            ],
            [
              -120.6539421,
              35.2980672
            ],
            [
              -120.6537907,
              35.2981109
            ],
            [
              -120.6538021,
              35.2981372
            ],
            [
              -120.653771,
              35.2981462
            ],
            [
              -120.6538173,
              35.2982531
            ],
            [
              -120.6538482,
              35.2982441
            ],
            [
              -120.6538588,
              35.2982685
            ],
            [
              -120.6540089,
              35.2982251
            ],
            [
              -120.6539968,
              35.2981973
            ],
            [
              -120.6540338,
              35.2981867
            ]
          ]
        ]
      },
      "id": "way/45638378"
    },
    {
      "type": "Feature",
      "properties": {
        "@id": "way/45638379",
        "addr:city": "San Luis Obispo",
        "addr:postcode": "93407",
        "addr:street": "Grand Avenue",
        "building": "dormitory",
        "name": "Yosemite Hall: Tower 3",
        "amenity": "dormitory",
        "ref": "114"
      },
      "geometry": {
        "type": "Polygon",
        "coordinates": [
          [
            [
              -120.6536186,
              35.2983087
            ],
            [
              -120.6535718,
              35.2982026
            ],
            [
              -120.6535412,
              35.2982115
            ],
            [
              -120.6535304,
              35.2981869
            ],
            [
              -120.6533763,
              35.298232
            ],
            [
              -120.6533876,
              35.2982577
            ],
            [
              -120.6533565,
              35.2982668
            ],
            [
              -120.6534038,
              35.2983742
            ],
            [
              -120.6534277,
              35.2983672
            ],
            [
              -120.6534382,
              35.2983912
            ],
            [
              -120.6535981,
              35.2983443
            ],
            [
              -120.6535866,
              35.2983181
            ],
            [
              -120.6536186,
              35.2983087
            ]
          ]
        ]
      },
      "id": "way/45638379"
    },
    {
      "type": "Feature",
      "properties": {
        "@id": "way/45638380",
        "addr:city": "San Luis Obispo",
        "addr:postcode": "93407",
        "addr:street": "Grand Avenue",
        "building": "dormitory",
        "name": "Yosemite Hall: Tower 2",
        "amenity": "dormitory",
        "ref": "114"
      },
      "geometry": {
        "type": "Polygon",
        "coordinates": [
          [
            [
              -120.6538568,
              35.2983501
            ],
            [
              -120.6538026,
              35.2982283
            ],
            [
              -120.6537715,
              35.2982375
            ],
            [
              -120.6537571,
              35.2982051
            ],
            [
              -120.6536303,
              35.2982427
            ],
            [
              -120.6536448,
              35.2982752
            ],
            [
              -120.6536121,
              35.2982848
            ],
            [
              -120.653667,
              35.2984082
            ],
            [
              -120.6536979,
              35.298399
            ],
            [
              -120.6537091,
              35.2984242
            ],
            [
              -120.6538363,
              35.2983866
            ],
            [
              -120.6538244,
              35.2983597
            ],
            [
              -120.6538568,
              35.2983501
            ]
          ]
        ]
      },
      "id": "way/45638380"
    },
    {
      "type": "Feature",
      "properties": {
        "@id": "way/45638381",
        "addr:city": "San Luis Obispo",
        "addr:postcode": "93407",
        "addr:street": "Grand Avenue",
        "building": "dormitory",
        "name": "Yosemite Hall: Tower 5",
        "amenity": "dormitory",
        "ref": "114"
      },
      "geometry": {
        "type": "Polygon",
        "coordinates": [
          [
            [
              -120.6534677,
              35.2979368
            ],
            [
              -120.6534557,
              35.2979098
            ],
            [
              -120.6534858,
              35.2979009
            ],
            [
              -120.6534281,
              35.2977706
            ],
            [
              -120.6533955,
              35.2977802
            ],
            [
              -120.6533849,
              35.2977563
            ],
            [
              -120.6532581,
              35.2977937
            ],
            [
              -120.65327,
              35.2978206
            ],
            [
              -120.6532401,
              35.2978295
            ],
            [
              -120.6532966,
              35.2979569
            ],
            [
              -120.6533271,
              35.2979479
            ],
            [
              -120.653339,
              35.2979748
            ],
            [
              -120.6534677,
              35.2979368
            ]
          ]
        ]
      },
      "id": "way/45638381"
    },
    {
      "type": "Feature",
      "properties": {
        "@id": "way/45638382",
        "addr:city": "San Luis Obispo",
        "addr:postcode": "93407",
        "addr:street": "Grand Avenue",
        "building": "dormitory",
        "name": "Yosemite Hall: Tower 4",
        "amenity": "dormitory",
        "ref": "114"
      },
      "geometry": {
        "type": "Polygon",
        "coordinates": [
          [
            [
              -120.6536261,
              35.2981577
            ],
            [
              -120.6536146,
              35.2981314
            ],
            [
              -120.6536455,
              35.2981223
            ],
            [
              -120.6535901,
              35.2979961
            ],
            [
              -120.653559,
              35.2980052
            ],
            [
              -120.6535469,
              35.2979777
            ],
            [
              -120.6534193,
              35.298015
            ],
            [
              -120.6534311,
              35.2980418
            ],
            [
              -120.6533995,
              35.2980511
            ],
            [
              -120.6534567,
              35.2981811
            ],
            [
              -120.653488,
              35.2981719
            ],
            [
              -120.6534982,
              35.2981951
            ],
            [
              -120.6536261,
              35.2981577
            ]
          ]
        ]
      },
      "id": "way/45638382"
    },
    {
      "type": "Feature",
      "properties": {
        "@id": "way/45644098",
        "access": "permit",
        "amenity": "parking",
        "building": "parking",
        "building:levels": "4",
        "fee": "no",
        "name": "Grand Avenue Parking Structure",
        "opening_hours": "24/7",
        "parking": "multi-storey",
        "ref": "130"
      },
      "geometry": {
        "type": "Polygon",
        "coordinates": [
          [
            [
              -120.6580566,
              35.2982899
            ],
            [
              -120.6580211,
              35.2982404
            ],
            [
              -120.6576376,
              35.2977056
            ],
            [
              -120.6575864,
              35.29773
            ],
            [
              -120.6575574,
              35.2976897
            ],
            [
              -120.6567883,
              35.2980571
            ],
            [
              -120.6568191,
              35.2981001
            ],
            [
              -120.6567642,
              35.2981263
            ],
            [
              -120.656976,
              35.2984224
            ],
            [
              -120.6572123,
              35.2987554
            ],
            [
              -120.6572522,
              35.2987362
            ],
            [
              -120.6572837,
              35.2987211
            ],
            [
              -120.6577523,
              35.2984959
            ],
            [
              -120.657788,
              35.2985456
            ],
            [
              -120.6578575,
              35.2985123
            ],
            [
              -120.6578196,
              35.2984595
            ],
            [
              -120.6580343,
              35.2983569
            ],
            [
              -120.6580042,
              35.298315
            ],
            [
              -120.6580566,
              35.2982899
            ]
          ]
        ]
      },
      "id": "way/45644098"
    },
    {
      "type": "Feature",
      "properties": {
        "@id": "way/206420912",
        "addr:city": "San Luis Obispo",
        "addr:housenumber": "1",
        "addr:postcode": "93405",
        "addr:state": "CA",
        "addr:street": "Grand Avenue",
        "building": "school",
        "ref": "45-T"
      },
      "geometry": {
        "type": "Polygon",
        "coordinates": [
          [
            [
              -120.6577653,
              35.2987732
            ],
            [
              -120.6576928,
              35.2988047
            ],
            [
              -120.6577663,
              35.2989066
            ],
            [
              -120.6578399,
              35.2988773
            ],
            [
              -120.6577653,
              35.2987732
            ]
          ]
        ]
      },
      "id": "way/206420912"
    },
    {
      "type": "Feature",
      "properties": {
        "@id": "way/206420918",
        "building": "school"
      },
      "geometry": {
        "type": "Polygon",
        "coordinates": [
          [
            [
              -120.6584089,
              35.2974617
            ],
            [
              -120.658335,
              35.2974972
            ],
            [
              -120.658404,
              35.2975928
            ],
            [
              -120.6584778,
              35.2975573
            ],
            [
              -120.6584089,
              35.2974617
            ]
          ]
        ]
      },
      "id": "way/206420918"
    },
    {
      "type": "Feature",
      "properties": {
        "@id": "way/206420920",
        "building": "yes"
      },
      "geometry": {
        "type": "Polygon",
        "coordinates": [
          [
            [
              -120.6527059,
              35.2992127
            ],
            [
              -120.6527839,
              35.2992293
            ],
            [
              -120.652805,
              35.2991635
            ],
            [
              -120.652727,
              35.2991469
            ],
            [
              -120.6527059,
              35.2992127
            ]
          ]
        ]
      },
      "id": "way/206420920"
    },
    {
      "type": "Feature",
      "properties": {
        "@id": "way/486219813",
        "addr:city": "San Luis Obispo",
        "addr:postcode": "93407",
        "addr:street": "Grand",
        "air_conditioning": "yes",
        "building": "university",
        "building:levels": "4",
        "name": "Christopher Cohan Performing Arts Center",
        "ref": "6",
        "smoking": "no",
        "start_date": "1996",
        "website": "https://www.pacslo.org/",
        "wheelchair": "yes",
        "amenity": "performing_arts"
      },
      "geometry": {
        "type": "Polygon",
        "coordinates": [
          [
            [
              -120.6575679,
              35.2994286
            ],
            [
              -120.6575853,
              35.2994557
            ],
            [
              -120.6575466,
              35.2994734
            ],
            [
              -120.6573901,
              35.2992462
            ],
            [
              -120.6574628,
              35.2992122
            ],
            [
              -120.6573526,
              35.2990529
            ],
            [
              -120.6573273,
              35.2990645
            ],
            [
              -120.6573035,
              35.2990758
            ],
            [
              -120.6572808,
              35.2990868
            ],
            [
              -120.6572466,
              35.2991013
            ],
            [
              -120.6572201,
              35.2991125
            ],
            [
              -120.6571815,
              35.2991232
            ],
            [
              -120.6571483,
              35.2991262
            ],
            [
              -120.6571078,
              35.2991273
            ],
            [
              -120.6570776,
              35.2991314
            ],
            [
              -120.6570417,
              35.2991459
            ],
            [
              -120.657023,
              35.2991598
            ],
            [
              -120.6570075,
              35.299176
            ],
            [
              -120.6569797,
              35.2992118
            ],
            [
              -120.6569593,
              35.2992408
            ],
            [
              -120.6569311,
              35.2992827
            ],
            [
              -120.6568919,
              35.299336
            ],
            [
              -120.6568503,
              35.2993971
            ],
            [
              -120.6568269,
              35.2994314
            ],
            [
              -120.6568198,
              35.2994418
            ],
            [
              -120.6569297,
              35.2995942
            ],
            [
              -120.6569495,
              35.2995849
            ],
            [
              -120.6571292,
              35.2998453
            ],
            [
              -120.657154,
              35.2998338
            ],
            [
              -120.65726,
              35.2999821
            ],
            [
              -120.6573693,
              35.2999306
            ],
            [
              -120.6573961,
              35.299964
            ],
            [
              -120.6576187,
              35.2998628
            ],
            [
              -120.6574906,
              35.29968
            ],
            [
              -120.6575617,
              35.2996465
            ],
            [
              -120.6577381,
              35.2995614
            ],
            [
              -120.657714,
              35.2995292
            ],
            [
              -120.6576912,
              35.2995399
            ],
            [
              -120.6576197,
              35.2994397
            ],
            [
              -120.6576128,
              35.2994429
            ],
            [
              -120.6575947,
              35.299415
            ],
            [
              -120.6576101,
              35.2994088
            ],
            [
              -120.6574882,
              35.2992333
            ],
            [
              -120.6574198,
              35.2992641
            ],
            [
              -120.6575416,
              35.29944
            ],
            [
              -120.6575679,
              35.2994286
            ]
          ]
        ]
      },
      "id": "way/486219813"
    },
    {
      "type": "Feature",
      "properties": {
        "@id": "way/626938150",
        "building": "residential",
        "name": "172D t\u0161\u0268\u0142kukun\u0268t\u0161",
        "name:obi": "t\u0161\u0268\u0142kukun\u0268t\u0161",
        "operator": "California Polytechnic State University",
        "ref": "172D",
        "residential": "university",
        "short_name": "tkk"
      },
      "geometry": {
        "type": "Polygon",
        "coordinates": [
          [
            [
              -120.6536788,
              35.2971519
            ],
            [
              -120.6537427,
              35.2971082
            ],
            [
              -120.6540368,
              35.297303
            ],
            [
              -120.6540339,
              35.297306
            ],
            [
              -120.6540374,
              35.2973083
            ],
            [
              -120.6540748,
              35.2972703
            ],
            [
              -120.6540574,
              35.2972589
            ],
            [
              -120.6540695,
              35.2972465
            ],
            [
              -120.6540851,
              35.2972568
            ],
            [
              -120.6540879,
              35.297254
            ],
            [
              -120.6540833,
              35.297251
            ],
            [
              -120.654128,
              35.2972057
            ],
            [
              -120.6541326,
              35.2972087
            ],
            [
              -120.6541354,
              35.2972058
            ],
            [
              -120.6540944,
              35.2971787
            ],
            [
              -120.6540784,
              35.2971947
            ],
            [
              -120.6538462,
              35.2970413
            ],
            [
              -120.6538569,
              35.2970339
            ],
            [
              -120.6538529,
              35.29703
            ],
            [
              -120.6538869,
              35.2970066
            ],
            [
              -120.6538458,
              35.2969665
            ],
            [
              -120.6538505,
              35.2969634
            ],
            [
              -120.6538418,
              35.2969549
            ],
            [
              -120.6538371,
              35.2969581
            ],
            [
              -120.653812,
              35.2969337
            ],
            [
              -120.6538167,
              35.2969304
            ],
            [
              -120.6538081,
              35.2969221
            ],
            [
              -120.653793,
              35.2969324
            ],
            [
              -120.6537313,
              35.2968722
            ],
            [
              -120.653631,
              35.2969412
            ],
            [
              -120.6535188,
              35.2968319
            ],
            [
              -120.6535383,
              35.2968184
            ],
            [
              -120.6535046,
              35.2967856
            ],
            [
              -120.6535012,
              35.2967879
            ],
            [
              -120.6535046,
              35.2967912
            ],
            [
              -120.6534501,
              35.2968287
            ],
            [
              -120.6534467,
              35.2968255
            ],
            [
              -120.6534433,
              35.2968279
            ],
            [
              -120.6534538,
              35.2968381
            ],
            [
              -120.6534386,
              35.2968487
            ],
            [
              -120.653426,
              35.2968365
            ],
            [
              -120.6533841,
              35.2968654
            ],
            [
              -120.6536788,
              35.2971519
            ]
          ]
        ]
      },
      "id": "way/626938150"
    },
    {
      "type": "Feature",
      "properties": {
        "@id": "way/626938153",
        "building": "residential",
        "name": "172E nipumu\u0294",
        "name:obi": "nipumu\u0294",
        "operator": "California Polytechnic State University",
        "ref": "172E",
        "residential": "university",
        "short_name": "npm"
      },
      "geometry": {
        "type": "Polygon",
        "coordinates": [
          [
            [
              -120.6539734,
              35.2963604
            ],
            [
              -120.6539824,
              35.2964003
            ],
            [
              -120.6539725,
              35.2964018
            ],
            [
              -120.6539733,
              35.2964054
            ],
            [
              -120.6539833,
              35.2964044
            ],
            [
              -120.654,
              35.2964784
            ],
            [
              -120.6540709,
              35.2964677
            ],
            [
              -120.6540734,
              35.2964755
            ],
            [
              -120.6540775,
              35.2964749
            ],
            [
              -120.6540722,
              35.29645
            ],
            [
              -120.6540905,
              35.2964473
            ],
            [
              -120.654094,
              35.296463
            ],
            [
              -120.6541072,
              35.296461
            ],
            [
              -120.6541061,
              35.2964561
            ],
            [
              -120.6541444,
              35.2964503
            ],
            [
              -120.6541455,
              35.2964552
            ],
            [
              -120.6541587,
              35.2964532
            ],
            [
              -120.6541576,
              35.2964483
            ],
            [
              -120.6542204,
              35.2964388
            ],
            [
              -120.6542123,
              35.296403
            ],
            [
              -120.6542183,
              35.2964021
            ],
            [
              -120.6542159,
              35.2963908
            ],
            [
              -120.6542525,
              35.2963911
            ],
            [
              -120.6542525,
              35.296396
            ],
            [
              -120.6545139,
              35.296398
            ],
            [
              -120.6545137,
              35.2964142
            ],
            [
              -120.6545664,
              35.2964145
            ],
            [
              -120.6545664,
              35.2964109
            ],
            [
              -120.6545605,
              35.2964108
            ],
            [
              -120.6545611,
              35.2963525
            ],
            [
              -120.6545664,
              35.2962881
            ],
            [
              -120.6541879,
              35.2962852
            ],
            [
              -120.6541724,
              35.296218
            ],
            [
              -120.6537231,
              35.2962857
            ],
            [
              -120.6537331,
              35.2963299
            ],
            [
              -120.6537525,
              35.296327
            ],
            [
              -120.653755,
              35.296339
            ],
            [
              -120.6537561,
              35.296343
            ],
            [
              -120.6537389,
              35.2963458
            ],
            [
              -120.6537398,
              35.2963494
            ],
            [
              -120.6537445,
              35.2963488
            ],
            [
              -120.6537583,
              35.2964058
            ],
            [
              -120.6537534,
              35.2964066
            ],
            [
              -120.6537542,
              35.2964102
            ],
            [
              -120.6538056,
              35.2964024
            ],
            [
              -120.653802,
              35.2963863
            ],
            [
              -120.6539734,
              35.2963604
            ]
          ]
        ]
      },
      "id": "way/626938153"
    },
    {
      "type": "Feature",
      "properties": {
        "@id": "way/626938165",
        "building": "residential",
        "building:levels": "4",
        "building:levels:underground": "0",
        "building:use": "residential",
        "max_level": "4",
        "min_level": "1",
        "name": "172A ts\u0268tkawayu",
        "name:obi": "ts\u0268tkawayu",
        "operator": "California Polytechnic State University",
        "ref": "172A",
        "residential": "university",
        "roof:levels": "1",
        "short_name": "tkw"
      },
      "geometry": {
        "type": "Polygon",
        "coordinates": [
          [
            [
              -120.6555987,
              35.2981374
            ],
            [
              -120.6555818,
              35.2980957
            ],
            [
              -120.6555675,
              35.2980992
            ],
            [
              -120.6554786,
              35.2978895
            ],
            [
              -120.6554638,
              35.2978928
            ],
            [
              -120.655296,
              35.2976557
            ],
            [
              -120.6553074,
              35.2976489
            ],
            [
              -120.6552794,
              35.2976106
            ],
            [
              -120.6552169,
              35.2976418
            ],
            [
              -120.6552256,
              35.2976558
            ],
            [
              -120.6552124,
              35.2976603
            ],
            [
              -120.6551892,
              35.2976278
            ],
            [
              -120.6551089,
              35.2976659
            ],
            [
              -120.6551229,
              35.2976879
            ],
            [
              -120.6550609,
              35.2977193
            ],
            [
              -120.6551429,
              35.2978404
            ],
            [
              -120.6551362,
              35.2978457
            ],
            [
              -120.6551611,
              35.2978823
            ],
            [
              -120.655172,
              35.2978796
            ],
            [
              -120.6552147,
              35.2979414
            ],
            [
              -120.6552341,
              35.2979344
            ],
            [
              -120.6553092,
              35.2981068
            ],
            [
              -120.6552997,
              35.2981091
            ],
            [
              -120.6553191,
              35.2981492
            ],
            [
              -120.6553281,
              35.2981474
            ],
            [
              -120.6553577,
              35.298218
            ],
            [
              -120.6554147,
              35.2981989
            ],
            [
              -120.6554093,
              35.2981816
            ],
            [
              -120.6554223,
              35.2981777
            ],
            [
              -120.6554301,
              35.2981937
            ],
            [
              -120.6555987,
              35.2981374
            ]
          ]
        ]
      },
      "id": "way/626938165"
    },
    {
      "type": "Feature",
      "properties": {
        "@id": "way/626938176",
        "building": "residential",
        "building:use": "residential",
        "name": "172G ts\u0268tpxatu",
        "name:obi": "ts\u0268tpxatu",
        "operator": "California Polytechnic State University",
        "ref": "172G",
        "residential": "university",
        "short_name": "tpx"
      },
      "geometry": {
        "type": "Polygon",
        "coordinates": [
          [
            [
              -120.6553531,
              35.2970733
            ],
            [
              -120.6553687,
              35.2970943
            ],
            [
              -120.6553899,
              35.2970873
            ],
            [
              -120.6554411,
              35.2970642
            ],
            [
              -120.6554316,
              35.2970407
            ],
            [
              -120.6554542,
              35.2970566
            ],
            [
              -120.6555093,
              35.2970295
            ],
            [
              -120.6554413,
              35.2969416
            ],
            [
              -120.6554527,
              35.2969301
            ],
            [
              -120.6554065,
              35.2968633
            ],
            [
              -120.6553936,
              35.2968691
            ],
            [
              -120.6553185,
              35.2967668
            ],
            [
              -120.6553212,
              35.2967553
            ],
            [
              -120.6553157,
              35.2967463
            ],
            [
              -120.6553285,
              35.2967363
            ],
            [
              -120.6552602,
              35.2966272
            ],
            [
              -120.6551819,
              35.2966643
            ],
            [
              -120.6552306,
              35.2967443
            ],
            [
              -120.6552084,
              35.2967266
            ],
            [
              -120.6551985,
              35.2967294
            ],
            [
              -120.6550808,
              35.2966117
            ],
            [
              -120.6550902,
              35.2966031
            ],
            [
              -120.6550485,
              35.29656
            ],
            [
              -120.6550338,
              35.2965694
            ],
            [
              -120.6549526,
              35.296494
            ],
            [
              -120.6549334,
              35.2965019
            ],
            [
              -120.6549203,
              35.2964873
            ],
            [
              -120.6548246,
              35.2965507
            ],
            [
              -120.654835,
              35.2965772
            ],
            [
              -120.6548731,
              35.2966189
            ],
            [
              -120.654886,
              35.2966074
            ],
            [
              -120.6550546,
              35.2967642
            ],
            [
              -120.6550685,
              35.2967817
            ],
            [
              -120.6550381,
              35.2968065
            ],
            [
              -120.6550168,
              35.2968051
            ],
            [
              -120.6550061,
              35.2968108
            ],
            [
              -120.6551029,
              35.2969112
            ],
            [
              -120.6551241,
              35.2969048
            ],
            [
              -120.6551335,
              35.2969162
            ],
            [
              -120.6551266,
              35.2969289
            ],
            [
              -120.6551792,
              35.2969952
            ],
            [
              -120.655263,
              35.2969502
            ],
            [
              -120.6552743,
              35.2969314
            ],
            [
              -120.655284,
              35.2969391
            ],
            [
              -120.6553591,
              35.2970443
            ],
            [
              -120.6553398,
              35.2970508
            ],
            [
              -120.6553531,
              35.2970733
            ]
          ]
        ]
      },
      "id": "way/626938176"
    },
    {
      "type": "Feature",
      "properties": {
        "@id": "way/626938183",
        "building": "residential",
        "name": "172C ti\u0142hini",
        "name:obi": "ti\u0142hini",
        "operator": "California Polytechnic State University",
        "ref": "172C",
        "residential": "university",
        "short_name": "thn"
      },
      "geometry": {
        "type": "Polygon",
        "coordinates": [
          [
            [
              -120.6546003,
              35.2973426
            ],
            [
              -120.6545963,
              35.2973368
            ],
            [
              -120.6546198,
              35.2973251
            ],
            [
              -120.654624,
              35.297331
            ],
            [
              -120.6546279,
              35.2973292
            ],
            [
              -120.6545905,
              35.2972782
            ],
            [
              -120.6546107,
              35.2972679
            ],
            [
              -120.6546085,
              35.2972647
            ],
            [
              -120.6546047,
              35.2972667
            ],
            [
              -120.6545185,
              35.2971484
            ],
            [
              -120.6545243,
              35.2971455
            ],
            [
              -120.654522,
              35.2971424
            ],
            [
              -120.6545162,
              35.2971452
            ],
            [
              -120.6544683,
              35.297079
            ],
            [
              -120.6544741,
              35.2970763
            ],
            [
              -120.6544718,
              35.297073
            ],
            [
              -120.6544403,
              35.2970883
            ],
            [
              -120.6543992,
              35.2970319
            ],
            [
              -120.6544202,
              35.2970171
            ],
            [
              -120.6544172,
              35.2970143
            ],
            [
              -120.6544134,
              35.297017
            ],
            [
              -120.654244,
              35.2968554
            ],
            [
              -120.6542389,
              35.2968588
            ],
            [
              -120.6541953,
              35.2968171
            ],
            [
              -120.6541588,
              35.2968428
            ],
            [
              -120.6541738,
              35.2968571
            ],
            [
              -120.6540904,
              35.2969158
            ],
            [
              -120.6541041,
              35.2969289
            ],
            [
              -120.6540891,
              35.2969394
            ],
            [
              -120.6540745,
              35.296927
            ],
            [
              -120.6540334,
              35.2969559
            ],
            [
              -120.6542344,
              35.2971474
            ],
            [
              -120.6542694,
              35.2971236
            ],
            [
              -120.6542966,
              35.2971601
            ],
            [
              -120.6542611,
              35.2971778
            ],
            [
              -120.6544224,
              35.297401
            ],
            [
              -120.6544695,
              35.297378
            ],
            [
              -120.6544548,
              35.2973589
            ],
            [
              -120.6544726,
              35.2973503
            ],
            [
              -120.6544865,
              35.2973699
            ],
            [
              -120.6545646,
              35.297332
            ],
            [
              -120.654551,
              35.2973123
            ],
            [
              -120.6545675,
              35.2973043
            ],
            [
              -120.6545969,
              35.2973443
            ],
            [
              -120.6546003,
              35.2973426
            ]
          ]
        ]
      },
      "id": "way/626938183"
    },
    {
      "type": "Feature",
      "properties": {
        "@id": "way/626938188",
        "amenity": "parking",
        "building": "parking",
        "name": "Parking Structure 131",
        "operator": "California Polytechnic State University",
        "parking": "multi-storey",
        "ref": "131"
      },
      "geometry": {
        "type": "Polygon",
        "coordinates": [
          [
            [
              -120.6557752,
              35.297251
            ],
            [
              -120.6555776,
              35.2973524
            ],
            [
              -120.6554335,
              35.2974249
            ],
            [
              -120.655463,
              35.2974637
            ],
            [
              -120.65548,
              35.2974887
            ],
            [
              -120.6559076,
              35.2980846
            ],
            [
              -120.6559314,
              35.2981123
            ],
            [
              -120.656097,
              35.2980359
            ],
            [
              -120.6562852,
              35.2979409
            ],
            [
              -120.6562266,
              35.2978617
            ],
            [
              -120.6557752,
              35.297251
            ]
          ]
        ]
      },
      "id": "way/626938188"
    },
    {
      "type": "Feature",
      "properties": {
        "@id": "way/626938193",
        "building": "residential",
        "name": "172F ts\u0268tqaw\u0268",
        "name:obi": "ts\u0268tqaw\u0268",
        "operator": "California Polytechnic State University",
        "ref": "172F",
        "residential": "university",
        "short_name": "tqw",
        "website": "https://housing.calpoly.edu/building-172-f"
      },
      "geometry": {
        "type": "Polygon",
        "coordinates": [
          [
            [
              -120.6548174,
              35.2970399
            ],
            [
              -120.6548468,
              35.2970086
            ],
            [
              -120.6548287,
              35.2969971
            ],
            [
              -120.6548956,
              35.296926
            ],
            [
              -120.6548793,
              35.2969151
            ],
            [
              -120.6548913,
              35.2969025
            ],
            [
              -120.654908,
              35.2969127
            ],
            [
              -120.6549414,
              35.2968768
            ],
            [
              -120.654697,
              35.2967226
            ],
            [
              -120.6546689,
              35.2967529
            ],
            [
              -120.6546331,
              35.296721
            ],
            [
              -120.6546636,
              35.2966977
            ],
            [
              -120.6544503,
              35.2965062
            ],
            [
              -120.6544095,
              35.2965368
            ],
            [
              -120.654428,
              35.2965535
            ],
            [
              -120.6544142,
              35.2965639
            ],
            [
              -120.6543952,
              35.2965475
            ],
            [
              -120.6543875,
              35.2965533
            ],
            [
              -120.6543844,
              35.2965505
            ],
            [
              -120.6543671,
              35.2965636
            ],
            [
              -120.6543701,
              35.2965662
            ],
            [
              -120.6543352,
              35.2965875
            ],
            [
              -120.6543381,
              35.2965902
            ],
            [
              -120.6543281,
              35.2965977
            ],
            [
              -120.6543468,
              35.2966144
            ],
            [
              -120.6543322,
              35.2966252
            ],
            [
              -120.6542936,
              35.296591
            ],
            [
              -120.6542906,
              35.2965932
            ],
            [
              -120.6542951,
              35.2965973
            ],
            [
              -120.6542747,
              35.2966125
            ],
            [
              -120.6542701,
              35.2966086
            ],
            [
              -120.6542669,
              35.296611
            ],
            [
              -120.6543162,
              35.2966552
            ],
            [
              -120.6542989,
              35.2966681
            ],
            [
              -120.6543019,
              35.2966706
            ],
            [
              -120.6543056,
              35.2966679
            ],
            [
              -120.6544189,
              35.2967697
            ],
            [
              -120.6544139,
              35.2967734
            ],
            [
              -120.654417,
              35.2967761
            ],
            [
              -120.6544218,
              35.2967722
            ],
            [
              -120.6544852,
              35.2968293
            ],
            [
              -120.6544803,
              35.2968329
            ],
            [
              -120.6544833,
              35.2968355
            ],
            [
              -120.6545106,
              35.2968154
            ],
            [
              -120.6545644,
              35.2968629
            ],
            [
              -120.6545476,
              35.2968817
            ],
            [
              -120.6545513,
              35.2968839
            ],
            [
              -120.6545542,
              35.2968808
            ],
            [
              -120.6547604,
              35.2970107
            ],
            [
              -120.6547645,
              35.2970067
            ],
            [
              -120.6548174,
              35.2970399
            ]
          ]
        ]
      },
      "id": "way/626938193"
    },
    {
      "type": "Feature",
      "properties": {
        "@id": "way/626938199",
        "building": "residential",
        "name": "172B elewexe",
        "name:obi": "elewexe",
        "operator": "California Polytechnic State University",
        "ref": "172B",
        "residential": "university",
        "short_name": "lwx"
      },
      "geometry": {
        "type": "Polygon",
        "coordinates": [
          [
            [
              -120.6550663,
              35.2980526
            ],
            [
              -120.6550557,
              35.2980418
            ],
            [
              -120.6550652,
              35.2980356
            ],
            [
              -120.6550759,
              35.2980441
            ],
            [
              -120.6551314,
              35.2980022
            ],
            [
              -120.6550971,
              35.2979661
            ],
            [
              -120.6550847,
              35.2979751
            ],
            [
              -120.6548921,
              35.2977868
            ],
            [
              -120.6549486,
              35.2977514
            ],
            [
              -120.6548634,
              35.2976664
            ],
            [
              -120.6548448,
              35.2976764
            ],
            [
              -120.6548303,
              35.2976563
            ],
            [
              -120.6548383,
              35.2976518
            ],
            [
              -120.6548246,
              35.2976314
            ],
            [
              -120.6547913,
              35.2975851
            ],
            [
              -120.6547055,
              35.2976271
            ],
            [
              -120.6547114,
              35.2976352
            ],
            [
              -120.6546881,
              35.2976448
            ],
            [
              -120.6546025,
              35.2975232
            ],
            [
              -120.6546139,
              35.2975167
            ],
            [
              -120.6545897,
              35.2974818
            ],
            [
              -120.6544605,
              35.2975448
            ],
            [
              -120.6546507,
              35.2978136
            ],
            [
              -120.6546435,
              35.2978174
            ],
            [
              -120.6546781,
              35.2978924
            ],
            [
              -120.6547511,
              35.2978584
            ],
            [
              -120.6547374,
              35.2978358
            ],
            [
              -120.6547514,
              35.2978248
            ],
            [
              -120.6550219,
              35.2980873
            ],
            [
              -120.6550663,
              35.2980526
            ]
          ]
        ]
      },
      "id": "way/626938199"
    },
    {
      "type": "Feature",
      "properties": {
        "@id": "way/672441026",
        "amenity": "fast_food",
        "building": "yes",
        "fast_food": "cafeteria",
        "internet_access": "wlan",
        "internet_access:fee": "customers",
        "name": "112 Vista Grande Dining Complex",
        "outdoor_seating": "yes",
        "smoking": "no",
        "wheelchair": "yes",
        "ref": "112"
      },
      "geometry": {
        "type": "Polygon",
        "coordinates": [
          [
            [
              -120.6562343,
              35.2992385
            ],
            [
              -120.6558512,
              35.2990229
            ],
            [
              -120.6558671,
              35.299004
            ],
            [
              -120.655791,
              35.2989615
            ],
            [
              -120.6556457,
              35.2991349
            ],
            [
              -120.6556332,
              35.2991279
            ],
            [
              -120.6555824,
              35.2991885
            ],
            [
              -120.655657,
              35.2992301
            ],
            [
              -120.6554876,
              35.2994321
            ],
            [
              -120.6556834,
              35.2995414
            ],
            [
              -120.6557017,
              35.2995195
            ],
            [
              -120.6557664,
              35.2995556
            ],
            [
              -120.6557773,
              35.2995425
            ],
            [
              -120.6558663,
              35.2995922
            ],
            [
              -120.6559081,
              35.2995423
            ],
            [
              -120.655924,
              35.2995512
            ],
            [
              -120.6559856,
              35.2994777
            ],
            [
              -120.6560226,
              35.2994983
            ],
            [
              -120.6562343,
              35.2992385
            ]
          ]
        ]
      },
      "id": "way/672441026"
    },
    {
      "type": "Feature",
      "properties": {
        "@id": "way/935125392",
        "addr:city": "San Luis Obispo",
        "addr:housenumber": "1",
        "addr:postcode": "93405",
        "addr:state": "CA",
        "addr:street": "Grand Avenue",
        "building": "school",
        "building:levels": "1",
        "ref": "45-M"
      },
      "geometry": {
        "type": "Polygon",
        "coordinates": [
          [
            [
              -120.6576663,
              35.2988057
            ],
            [
              -120.6576488,
              35.2987717
            ],
            [
              -120.657626,
              35.2987362
            ],
            [
              -120.657504,
              35.2987953
            ],
            [
              -120.6575496,
              35.2988593
            ],
            [
              -120.6576663,
              35.2988057
            ]
          ]
        ]
      },
      "id": "way/935125392"
    },
    {
      "type": "Feature",
      "properties": {
        "@id": "way/964811081",
        "building": "roof",
        "layer": "1"
      },
      "geometry": {
        "type": "Polygon",
        "coordinates": [
          [
            [
              -120.6559357,
              35.2983363
            ],
            [
              -120.6559186,
              35.2983118
            ],
            [
              -120.65591,
              35.2982995
            ],
            [
              -120.6558835,
              35.2982616
            ],
            [
              -120.6558337,
              35.2982855
            ],
            [
              -120.655887,
              35.2983594
            ],
            [
              -120.6559357,
              35.2983363
            ]
          ]
        ]
      },
      "id": "way/964811081"
    },
    {
      "type": "Feature",
      "properties": {
        "@id": "way/992526574",
        "building": "university",
        "name": "Scout Coffee",
        "amenity": "academic"
      },
      "geometry": {
        "type": "Polygon",
        "coordinates": [
          [
            [
              -120.6560126,
              35.2985385
            ],
            [
              -120.6560625,
              35.2985138
            ],
            [
              -120.6560469,
              35.2984913
            ],
            [
              -120.6561246,
              35.2984523
            ],
            [
              -120.6560165,
              35.2982978
            ],
            [
              -120.655887,
              35.2983594
            ],
            [
              -120.6559478,
              35.2984468
            ],
            [
              -120.6559318,
              35.2984537
            ],
            [
              -120.6559531,
              35.2984829
            ],
            [
              -120.655968,
              35.298476
            ],
            [
              -120.6560126,
              35.2985385
            ]
          ]
        ]
      },
      "id": "way/992526574"
    },
    {
      "type": "Feature",
      "properties": {
        "@id": "way/1347838965",
        "building": "roof"
      },
      "geometry": {
        "type": "Polygon",
        "coordinates": [
          [
            [
              -120.6578228,
              35.2999566
            ],
            [
              -120.6577416,
              35.2998444
            ],
            [
              -120.6576614,
              35.2998831
            ],
            [
              -120.6577613,
              35.300021
            ],
            [
              -120.6578414,
              35.2999823
            ],
            [
              -120.6578228,
              35.2999566
            ]
          ]
        ]
      },
      "id": "way/1347838965"
    },
    {
      "type": "Feature",
      "properties": {
        "@id": "way/1347838966",
        "building": "roof"
      },
      "geometry": {
        "type": "Polygon",
        "coordinates": [
          [
            [
              -120.657699,
              35.2997855
            ],
            [
              -120.6576511,
              35.2997193
            ],
            [
              -120.6576239,
              35.2997324
            ],
            [
              -120.6575958,
              35.299746
            ],
            [
              -120.6576437,
              35.2998122
            ],
            [
              -120.657699,
              35.2997855
            ]
          ]
        ]
      },
      "id": "way/1347838966"
    },
    {
      "type": "Feature",
      "properties": {
        "@id": "node/994359298",
        "amenity": "parking_entrance"
      },
      "geometry": {
        "type": "Point",
        "coordinates": [
          -120.656976,
          35.2984224
        ]
      },
      "id": "node/994359298"
    },
    {
      "type": "Feature",
      "properties": {
        "@id": "node/4462352795",
        "amenity": "vending_machine",
        "vending": "parking_tickets"
      },
      "geometry": {
        "type": "Point",
        "coordinates": [
          -120.6577498,
          35.2964359
        ]
      },
      "id": "node/4462352795"
    },
    {
      "type": "Feature",
      "properties": {
        "@id": "node/6633556207",
        "amenity": "bicycle_parking"
      },
      "geometry": {
        "type": "Point",
        "coordinates": [
          -120.6583293,
          35.2999414
        ]
      },
      "id": "node/6633556207"
    },
    {
      "type": "Feature",
      "properties": {
        "@id": "node/8924808257",
        "amenity": "bicycle_parking",
        "bicycle_parking": "lockers"
      },
      "geometry": {
        "type": "Point",
        "coordinates": [
          -120.6545665,
          35.2984955
        ]
      },
      "id": "node/8924808257"
    },
    {
      "type": "Feature",
      "properties": {
        "@id": "node/8925187262",
        "amenity": "bicycle_parking"
      },
      "geometry": {
        "type": "Point",
        "coordinates": [
          -120.6548587,
          35.2964801
        ]
      },
      "id": "node/8925187262"
    },
    {
      "type": "Feature",
      "properties": {
        "@id": "node/8925187283",
        "amenity": "bicycle_parking"
      },
      "geometry": {
        "type": "Point",
        "coordinates": [
          -120.6552901,
          35.297149
        ]
      },
      "id": "node/8925187283"
    },
    {
      "type": "Feature",
      "properties": {
        "@id": "node/8925227731",
        "amenity": "bicycle_parking",
        "bicycle_parking": "safe_loops",
        "covered": "no"
      },
      "geometry": {
        "type": "Point",
        "coordinates": [
          -120.6552296,
          35.2981322
        ]
      },
      "id": "node/8925227731"
    },
    {
      "type": "Feature",
      "properties": {
        "@id": "node/9661207943",
        "amenity": "telephone",
        "covered": "yes",
        "indoor": "no",
        "lit": "yes",
        "payment:coins": "yes",
        "wheelchair": "yes"
      },
      "geometry": {
        "type": "Point",
        "coordinates": [
          -120.6577477,
          35.2998869
        ]
      },
      "id": "node/9661207943"
    },
    {
      "type": "Feature",
      "properties": {
        "@id": "node/9661207944",
        "amenity": "bench",
        "backrest": "yes",
        "lit": "yes"
      },
      "geometry": {
        "type": "Point",
        "coordinates": [
          -120.6577071,
          35.299842
        ]
      },
      "id": "node/9661207944"
    },
    {
      "type": "Feature",
      "properties": {
        "@id": "node/9661207945",
        "amenity": "bicycle_parking",
        "covered": "no",
        "fee": "no",
        "indoor": "no"
      },
      "geometry": {
        "type": "Point",
        "coordinates": [
          -120.65768,
          35.2998052
        ]
      },
      "id": "node/9661207945"
    },
    {
      "type": "Feature",
      "properties": {
        "@id": "node/9661207946",
        "amenity": "bench",
        "backrest": "yes",
        "lit": "yes"
      },
      "geometry": {
        "type": "Point",
        "coordinates": [
          -120.6567051,
          35.2991606
        ]
      },
      "id": "node/9661207946"
    },
    {
      "type": "Feature",
      "properties": {
        "@id": "node/9661207947",
        "amenity": "waste_basket"
      },
      "geometry": {
        "type": "Point",
        "coordinates": [
          -120.6568755,
          35.2993479
        ]
      },
      "id": "node/9661207947"
    },
    {
      "type": "Feature",
      "properties": {
        "@id": "node/9661207948",
        "amenity": "bench",
        "backrest": "yes"
      },
      "geometry": {
        "type": "Point",
        "coordinates": [
          -120.6568717,
          35.2995008
        ]
      },
      "id": "node/9661207948"
    },
    {
      "type": "Feature",
      "properties": {
        "@id": "node/9661207949",
        "amenity": "bench",
        "backrest": "yes"
      },
      "geometry": {
        "type": "Point",
        "coordinates": [
          -120.6572687,
          35.2990365
        ]
      },
      "id": "node/9661207949"
    },
    {
      "type": "Feature",
      "properties": {
        "@id": "node/9661207950",
        "amenity": "bench",
        "backrest": "yes"
      },
      "geometry": {
        "type": "Point",
        "coordinates": [
          -120.6572355,
          35.2990011
        ]
      },
      "id": "node/9661207950"
    },
    {
      "type": "Feature",
      "properties": {
        "@id": "node/9661207951",
        "amenity": "bench",
        "backrest": "yes"
      },
      "geometry": {
        "type": "Point",
        "coordinates": [
          -120.6571889,
          35.2989547
        ]
      },
      "id": "node/9661207951"
    },
    {
      "type": "Feature",
      "properties": {
        "@id": "node/9661207952",
        "amenity": "bicycle_parking",
        "covered": "no",
        "fee": "no",
        "indoor": "no"
      },
      "geometry": {
        "type": "Point",
        "coordinates": [
          -120.6563369,
          35.2989971
        ]
      },
      "id": "node/9661207952"
    },
    {
      "type": "Feature",
      "properties": {
        "@id": "node/9661207953",
        "amenity": "bicycle_parking",
        "capacity": "40",
        "covered": "no",
        "fee": "no",
        "indoor": "no"
      },
      "geometry": {
        "type": "Point",
        "coordinates": [
          -120.6552046,
          35.2985651
        ]
      },
      "id": "node/9661207953"
    },
    {
      "type": "Feature",
      "properties": {
        "@id": "node/10205291658",
        "addr:city": "San Luis Obispo",
        "addr:housenumber": "1",
        "addr:postcode": "93407",
        "addr:state": "CA",
        "addr:street": "Grand Avenue",
        "alt_name": "Jamba Juice",
        "amenity": "fast_food",
        "branch": "Cal Poly Vista Grande",
        "brand": "Jamba",
        "brand:wikidata": "Q3088784",
        "cuisine": "juice",
        "name": "Jamba",
        "opening_hours": "Mo-Fr 06:30-21:00; Sa-Su 08:00-20:00",
        "phone": "+1 805-756-1955",
        "takeaway": "yes",
        "website": "https://locations.jamba.com/ca/san-luis-obispo/1-grand-ave"
      },
      "geometry": {
        "type": "Point",
        "coordinates": [
          -120.6561414,
          35.2992172
        ]
      },
      "id": "node/10205291658"
    },
    {
      "type": "Feature",
      "properties": {
        "@id": "node/10205291660",
        "amenity": "restaurant",
        "diet:allergen-free": "yes",
        "name": "Balance Cafe"
      },
      "geometry": {
        "type": "Point",
        "coordinates": [
          -120.6559103,
          35.2994427
        ]
      },
      "id": "node/10205291660"
    },
    {
      "type": "Feature",
      "properties": {
        "@id": "node/10205291661",
        "amenity": "restaurant",
        "cuisine": "italian",
        "name": "Hearth"
      },
      "geometry": {
        "type": "Point",
        "coordinates": [
          -120.6558611,
          35.2993533
        ]
      },
      "id": "node/10205291661"
    },
    {
      "type": "Feature",
      "properties": {
        "@id": "node/10205291662",
        "amenity": "restaurant",
        "cuisine": "breakfast",
        "name": "Brunch"
      },
      "geometry": {
        "type": "Point",
        "coordinates": [
          -120.6556963,
          35.2993812
        ]
      },
      "id": "node/10205291662"
    },
    {
      "type": "Feature",
      "properties": {
        "@id": "node/10205291663",
        "amenity": "restaurant",
        "cuisine": "noodle",
        "name": "Noodles"
      },
      "geometry": {
        "type": "Point",
        "coordinates": [
          -120.6557627,
          35.2994189
        ]
      },
      "id": "node/10205291663"
    },
    {
      "type": "Feature",
      "properties": {
        "@id": "node/10205291665",
        "amenity": "restaurant",
        "cuisine": "street_food;burger;mexican;american",
        "name": "Streats"
      },
      "geometry": {
        "type": "Point",
        "coordinates": [
          -120.6560701,
          35.299359
        ]
      },
      "id": "node/10205291665"
    },
    {
      "type": "Feature",
      "properties": {
        "@id": "node/10205291666",
        "amenity": "restaurant",
        "name": "Mingle + Nosh"
      },
      "geometry": {
        "type": "Point",
        "coordinates": [
          -120.6558139,
          35.299432
        ]
      },
      "id": "node/10205291666"
    },
    {
      "type": "Feature",
      "properties": {
        "@id": "node/10205291688",
        "amenity": "bbq",
        "covered": "no"
      },
      "geometry": {
        "type": "Point",
        "coordinates": [
          -120.6539205,
          35.2992895
        ]
      },
      "id": "node/10205291688"
    },
    {
      "type": "Feature",
      "properties": {
        "@id": "node/10205291689",
        "amenity": "bicycle_parking"
      },
      "geometry": {
        "type": "Point",
        "coordinates": [
          -120.6546069,
          35.2993055
        ]
      },
      "id": "node/10205291689"
    },
    {
      "type": "Feature",
      "properties": {
        "@id": "node/10205291704",
        "amenity": "post_depot",
        "name": "172 H Pacheco Post Package Center"
      },
      "geometry": {
        "type": "Point",
        "coordinates": [
          -120.65532,
          35.297369
        ]
      },
      "id": "node/10205291704"
    },
    {
      "type": "Feature",
      "properties": {
        "@id": "node/10205291713",
        "amenity": "parking_space",
        "description": "Next to Elevator",
        "parking_space": "disabled"
      },
      "geometry": {
        "type": "Point",
        "coordinates": [
          -120.6577293,
          35.2984465
        ]
      },
      "id": "node/10205291713"
    },
    {
      "type": "Feature",
      "properties": {
        "@id": "node/10205291714",
        "amenity": "parking_space",
        "parking_space": "disabled"
      },
      "geometry": {
        "type": "Point",
        "coordinates": [
          -120.6577722,
          35.2984343
        ]
      },
      "id": "node/10205291714"
    },
    {
      "type": "Feature",
      "properties": {
        "@id": "node/10205291715",
        "amenity": "parking_space",
        "parking_space": "disabled"
      },
      "geometry": {
        "type": "Point",
        "coordinates": [
          -120.6573056,
          35.2986493
        ]
      },
      "id": "node/10205291715"
    },
    {
      "type": "Feature",
      "properties": {
        "@id": "relation/2806804",
        "addr:city": "San Luis Obispo",
        "addr:housenumber": "35",
        "addr:postcode": "93407",
        "addr:state": "CA",
        "addr:street": "Grand Avenue",
        "air_conditioning": "no",
        "amenity": "library",
        "building": "university",
        "building:levels": "5",
        "email": "library@calpoly.edu",
        "internet_access": "wlan",
        "internet_access:fee": "no",
        "internet_access:ssid": "CalPolyGuest",
        "name": "Robert E. Kennedy Library",
        "opening_hours": "Closed for renovation",
        "operator": "California Polytechnic State University, San Luis Obispo",
        "operator:type": "university",
        "phone": "+1-805-756-5760",
        "type": "multipolygon",
        "university-function": "academic school or college",
        "website": "https://lib.calpoly.edu/",
        "wheelchair": "yes",
        "wikidata": "Q7343808",
        "ref": "35"
      },
      "geometry": {
        "type": "Polygon",
        "coordinates": [
          [
            [
              -120.6642971,
              35.3020428
            ],
            [
              -120.6642871,
              35.3020076
            ],
            [
              -120.6643371,
              35.3019984
            ],
            [
              -120.6642501,
              35.3016827
            ],
            [
              -120.6642011,
              35.3016916
            ],
            [
              -120.6641439,
              35.3014962
            ],
            [
              -120.6635253,
              35.3016135
            ],
            [
              -120.6635179,
              35.3015911
            ],
            [
              -120.6634422,
              35.3016056
            ],
            [
              -120.6634477,
              35.3016326
            ],
            [
              -120.6632456,
              35.3016699
            ],
            [
              -120.6633049,
              35.3018836
            ],
            [
              -120.66333,
              35.3019701
            ],
            [
              -120.6634146,
              35.3019571
            ],
            [
              -120.6634584,
              35.3021136
            ],
            [
              -120.6634477,
              35.3021445
            ],
            [
              -120.6634661,
              35.302198
            ],
            [
              -120.6636251,
              35.3021688
            ],
            [
              -120.6636141,
              35.3021315
            ],
            [
              -120.6636781,
              35.3021199
            ],
            [
              -120.6636881,
              35.3021573
            ],
            [
              -120.6640801,
              35.3020851
            ],
            [
              -120.6640701,
              35.3020474
            ],
            [
              -120.6641201,
              35.3020382
            ],
            [
              -120.6641301,
              35.3020736
            ],
            [
              -120.6642971,
              35.3020428
            ]
          ],
          [
            [
              -120.6638841,
              35.3016628
            ],
            [
              -120.6639351,
              35.301844
            ],
            [
              -120.6635361,
              35.3019196
            ],
            [
              -120.6634851,
              35.3017384
            ],
            [
              -120.6638841,
              35.3016628
            ]
          ]
        ]
      },
      "id": "relation/2806804"
    },
    {
      "type": "Feature",
      "properties": {
        "@id": "relation/4504112",
        "addr:city": "San Luis Obispo",
        "addr:housenumber": "13",
        "addr:postcode": "93407",
        "addr:street": "Grand",
        "building": "university",
        "amenity": "engineering_building",
        "name": "Engineering",
        "ref": "13",
        "type": "multipolygon",
        "university-function": "academic school or college",
        "wheelchair": "yes"
      },
      "geometry": {
        "type": "Polygon",
        "coordinates": [
          [
            [
              -120.6646653,
              35.3013283
            ],
            [
              -120.6647167,
              35.3015512
            ],
            [
              -120.6648015,
              35.3015342
            ],
            [
              -120.6648503,
              35.3017087
            ],
            [
              -120.6648178,
              35.3017173
            ],
            [
              -120.6648673,
              35.3018959
            ],
            [
              -120.6653496,
              35.3018057
            ],
            [
              -120.6653223,
              35.3017185
            ],
            [
              -120.6657491,
              35.3016391
            ],
            [
              -120.6656735,
              35.3013687
            ],
            [
              -120.6652946,
              35.301441
            ],
            [
              -120.6652287,
              35.3012226
            ],
            [
              -120.6646653,
              35.3013283
            ]
          ],
          [
            [
              -120.6649069,
              35.3015219
            ],
            [
              -120.6651592,
              35.3014776
            ],
            [
              -120.6651912,
              35.3015989
            ],
            [
              -120.6649388,
              35.3016432
            ],
            [
              -120.6649069,
              35.3015219
            ]
          ]
        ]
      },
      "id": "relation/4504112"
    },
    {
      "type": "Feature",
      "properties": {
        "@id": "way/43738057",
        "addr:city": "San Luis Obispo",
        "addr:postcode": "93407",
        "addr:street": "Grand",
        "building": "university",
        "name": "Health and Counseling Services",
        "ref": "27"
      },
      "geometry": {
        "type": "Polygon",
        "coordinates": [
          [
            [
              -120.6608021,
              35.2978382
            ],
            [
              -120.6608596,
              35.298084
            ],
            [
              -120.6608438,
              35.2980874
            ],
            [
              -120.6608707,
              35.2981932
            ],
            [
              -120.6608878,
              35.2981909
            ],
            [
              -120.6609007,
              35.2982493
            ],
            [
              -120.6610019,
              35.2982346
            ],
            [
              -120.66102,
              35.2983132
            ],
            [
              -120.6611552,
              35.2982932
            ],
            [
              -120.6610754,
              35.2979685
            ],
            [
              -120.6611214,
              35.2979613
            ],
            [
              -120.6611716,
              35.2979535
            ],
            [
              -120.6611859,
              35.2979821
            ],
            [
              -120.6612555,
              35.2979596
            ],
            [
              -120.661251,
              35.2979492
            ],
            [
              -120.6615353,
              35.2978585
            ],
            [
              -120.6615402,
              35.2978699
            ],
            [
              -120.6617157,
              35.2978155
            ],
            [
              -120.6617078,
              35.2977964
            ],
            [
              -120.6618838,
              35.2977411
            ],
            [
              -120.6618372,
              35.2976424
            ],
            [
              -120.6616735,
              35.2976942
            ],
            [
              -120.6616321,
              35.2976133
            ],
            [
              -120.6612059,
              35.297749
            ],
            [
              -120.6612011,
              35.2977407
            ],
            [
              -120.6610864,
              35.2977753
            ],
            [
              -120.6611069,
              35.2978194
            ],
            [
              -120.6610414,
              35.2978302
            ],
            [
              -120.6610357,
              35.2978034
            ],
            [
              -120.6610158,
              35.2978059
            ],
            [
              -120.6610135,
              35.2977924
            ],
            [
              -120.6609315,
              35.2978046
            ],
            [
              -120.6609355,
              35.2978201
            ],
            [
              -120.6608021,
              35.2978382
            ]
          ]
        ]
      },
      "id": "way/43738057"
    },
    {
      "type": "Feature",
      "properties": {
        "@id": "way/45600253",
        "addr:city": "San Luis Obispo",
        "addr:postcode": "93407",
        "addr:street": "Grand",
        "building": "yes",
        "name": "Smith Alumni Center",
        "ref": "28"
      },
      "geometry": {
        "type": "Polygon",
        "coordinates": [
          [
            [
              -120.6622779,
              35.2976535
            ],
            [
              -120.6621489,
              35.297528
            ],
            [
              -120.6621819,
              35.2975058
            ],
            [
              -120.6621269,
              35.2974524
            ],
            [
              -120.6620849,
              35.2974814
            ],
            [
              -120.6620469,
              35.2974444
            ],
            [
              -120.6620039,
              35.2974739
            ],
            [
              -120.6620109,
              35.2974808
            ],
            [
              -120.6619779,
              35.2975032
            ],
            [
              -120.6620189,
              35.2975433
            ],
            [
              -120.6620139,
              35.2975466
            ],
            [
              -120.6621879,
              35.2977154
            ],
            [
              -120.6622779,
              35.2976535
            ]
          ]
        ]
      },
      "id": "way/45600253"
    },
    {
      "type": "Feature",
      "properties": {
        "@id": "way/160998127",
        "addr:city": "San Luis Obispo",
        "addr:postcode": "93407",
        "addr:street": "Grand",
        "building": "yes",
        "name": "University House",
        "ref": "51"
      },
      "geometry": {
        "type": "Polygon",
        "coordinates": [
          [
            [
              -120.6626457,
              35.2983335
            ],
            [
              -120.6626465,
              35.2982505
            ],
            [
              -120.662627,
              35.29825
            ],
            [
              -120.6626281,
              35.2981109
            ],
            [
              -120.6626212,
              35.2981059
            ],
            [
              -120.6626671,
              35.2980691
            ],
            [
              -120.6626084,
              35.2980168
            ],
            [
              -120.6625549,
              35.2980603
            ],
            [
              -120.6624737,
              35.2980602
            ],
            [
              -120.6624718,
              35.2978958
            ],
            [
              -120.6623798,
              35.2978956
            ],
            [
              -120.6623799,
              35.2979968
            ],
            [
              -120.662369,
              35.2979966
            ],
            [
              -120.6623697,
              35.2980919
            ],
            [
              -120.6624321,
              35.2980917
            ],
            [
              -120.6624321,
              35.2981844
            ],
            [
              -120.6624455,
              35.2981844
            ],
            [
              -120.6624465,
              35.2982167
            ],
            [
              -120.6624941,
              35.2982165
            ],
            [
              -120.6624943,
              35.2982468
            ],
            [
              -120.6625428,
              35.298247
            ],
            [
              -120.6625413,
              35.2983328
            ],
            [
              -120.6626457,
              35.2983335
            ]
          ]
        ]
      },
      "id": "way/160998127"
    },
    {
      "type": "Feature",
      "properties": {
        "@id": "way/45600367",
        "building": "yes"
      },
      "geometry": {
        "type": "Polygon",
        "coordinates": [
          [
            [
              -120.6687401,
              35.3028776
            ],
            [
              -120.6688556,
              35.3028173
            ],
            [
              -120.6688175,
              35.3027689
            ],
            [
              -120.668703,
              35.302829
            ],
            [
              -120.6687401,
              35.3028776
            ]
          ]
        ]
      },
      "id": "way/45600367"
    },
    {
      "type": "Feature",
      "properties": {
        "@id": "way/45600368",
        "addr:full": "631 North Santa Rosa Street",
        "addr:housenumber": "631",
        "addr:street": "North Santa Rosa Street",
        "building": "university",
        "name": "Crop Science Building",
        "ref": "17"
      },
      "geometry": {
        "type": "Polygon",
        "coordinates": [
          [
            [
              -120.6684223,
              35.3027457
            ],
            [
              -120.6683334,
              35.3026303
            ],
            [
              -120.6685306,
              35.3025285
            ],
            [
              -120.6684471,
              35.3024207
            ],
            [
              -120.6681556,
              35.3025735
            ],
            [
              -120.668396,
              35.3028839
            ],
            [
              -120.6686676,
              35.3027436
            ],
            [
              -120.668707,
              35.3027927
            ],
            [
              -120.6687905,
              35.3027514
            ],
            [
              -120.6687224,
              35.3026703
            ],
            [
              -120.6687692,
              35.3026462
            ],
            [
              -120.6687367,
              35.3025986
            ],
            [
              -120.6686867,
              35.302625
            ],
            [
              -120.6686777,
              35.3026132
            ],
            [
              -120.6684223,
              35.3027457
            ]
          ]
        ]
      },
      "id": "way/45600368"
    },
    {
      "type": "Feature",
      "properties": {
        "@id": "way/45600378",
        "building": "yes",
        "name": "18B- Dairy Science Physiology Lab"
      },
      "geometry": {
        "type": "Polygon",
        "coordinates": [
          [
            [
              -120.6724403,
              35.3078422
            ],
            [
              -120.6724403,
              35.3078298
            ],
            [
              -120.6724643,
              35.3078298
            ],
            [
              -120.6724645,
              35.3077169
            ],
            [
              -120.6723798,
              35.3077168
            ],
            [
              -120.6723797,
              35.3077368
            ],
            [
              -120.6723916,
              35.3077368
            ],
            [
              -120.6723915,
              35.3078298
            ],
            [
              -120.6724169,
              35.3078298
            ],
            [
              -120.6724169,
              35.3078422
            ],
            [
              -120.6724403,
              35.3078422
            ]
          ]
        ]
      },
      "id": "way/45600378"
    },
    {
      "type": "Feature",
      "properties": {
        "@id": "way/45600379",
        "addr:city": "San Luis Obispo",
        "addr:postcode": "93407",
        "addr:street": "Grand",
        "building": "yes",
        "name": "Dairy Science",
        "ref": "18"
      },
      "geometry": {
        "type": "Polygon",
        "coordinates": [
          [
            [
              -120.6725949,
              35.3073109
            ],
            [
              -120.6725943,
              35.3072762
            ],
            [
              -120.6728637,
              35.3072728
            ],
            [
              -120.6728635,
              35.3072626
            ],
            [
              -120.6728614,
              35.307152
            ],
            [
              -120.6725927,
              35.3071553
            ],
            [
              -120.6725896,
              35.30699
            ],
            [
              -120.6725134,
              35.306991
            ],
            [
              -120.672513,
              35.3069705
            ],
            [
              -120.6724513,
              35.3069713
            ],
            [
              -120.6724517,
              35.3069914
            ],
            [
              -120.6724035,
              35.306992
            ],
            [
              -120.6724053,
              35.3070855
            ],
            [
              -120.6723873,
              35.3070857
            ],
            [
              -120.6723912,
              35.3072905
            ],
            [
              -120.6724203,
              35.3072902
            ],
            [
              -120.672421,
              35.3073262
            ],
            [
              -120.672518,
              35.307325
            ],
            [
              -120.6725177,
              35.3073119
            ],
            [
              -120.6725949,
              35.3073109
            ]
          ]
        ]
      },
      "id": "way/45600379"
    },
    {
      "type": "Feature",
      "properties": {
        "@id": "way/45600380",
        "building": "yes",
        "name": "57A- Veterinary Hospital Annex"
      },
      "geometry": {
        "type": "Polygon",
        "coordinates": [
          [
            [
              -120.6704981,
              35.3060895
            ],
            [
              -120.6704639,
              35.3060198
            ],
            [
              -120.6703834,
              35.3060448
            ],
            [
              -120.670363,
              35.3060542
            ],
            [
              -120.6703104,
              35.3060796
            ],
            [
              -120.6703389,
              35.3061387
            ],
            [
              -120.6704981,
              35.3060895
            ]
          ]
        ]
      },
      "id": "way/45600380"
    },
    {
      "type": "Feature",
      "properties": {
        "@id": "way/45600381",
        "building": "yes",
        "name": "57- Veterinary Hospital"
      },
      "geometry": {
        "type": "Polygon",
        "coordinates": [
          [
            [
              -120.6703399,
              35.3059994
            ],
            [
              -120.6703486,
              35.3059996
            ],
            [
              -120.6704193,
              35.305985
            ],
            [
              -120.6703735,
              35.3058012
            ],
            [
              -120.670286,
              35.3058171
            ],
            [
              -120.6703009,
              35.3058895
            ],
            [
              -120.6702434,
              35.3059004
            ],
            [
              -120.6702623,
              35.3059895
            ],
            [
              -120.6703239,
              35.305982
            ],
            [
              -120.6703282,
              35.3060015
            ],
            [
              -120.6703399,
              35.3059994
            ]
          ]
        ]
      },
      "id": "way/45600381"
    },
    {
      "type": "Feature",
      "properties": {
        "@id": "way/45630437",
        "building": "yes"
      },
      "geometry": {
        "type": "Polygon",
        "coordinates": [
          [
            [
              -120.6667197,
              35.3023134
            ],
            [
              -120.6666366,
              35.3023259
            ],
            [
              -120.6666617,
              35.302437
            ],
            [
              -120.6667448,
              35.3024245
            ],
            [
              -120.6667197,
              35.3023134
            ]
          ]
        ]
      },
      "id": "way/45630437"
    },
    {
      "type": "Feature",
      "properties": {
        "@id": "way/45636392",
        "addr:full": "631 North Santa Rosa Street",
        "addr:housenumber": "631",
        "addr:street": "North Santa Rosa Street",
        "building": "university"
      },
      "geometry": {
        "type": "Polygon",
        "coordinates": [
          [
            [
              -120.6689232,
              35.3024466
            ],
            [
              -120.6689551,
              35.3024291
            ],
            [
              -120.6688729,
              35.3023291
            ],
            [
              -120.6689245,
              35.3023009
            ],
            [
              -120.6688581,
              35.30222
            ],
            [
              -120.6687847,
              35.3022601
            ],
            [
              -120.6688312,
              35.3023168
            ],
            [
              -120.6686861,
              35.3023962
            ],
            [
              -120.6687872,
              35.3025194
            ],
            [
              -120.66882,
              35.3025014
            ],
            [
              -120.6688754,
              35.3025689
            ],
            [
              -120.6689777,
              35.3025129
            ],
            [
              -120.6689232,
              35.3024466
            ]
          ]
        ]
      },
      "id": "way/45636392"
    },
    {
      "type": "Feature",
      "properties": {
        "@id": "way/45637271",
        "addr:city": "San Luis Obispo",
        "addr:postcode": "93407",
        "addr:street": "Mount Bishop Road",
        "building": "yes",
        "name": "Corporation Warehouse",
        "ref": "82"
      },
      "geometry": {
        "type": "Polygon",
        "coordinates": [
          [
            [
              -120.6711905,
              35.3054722
            ],
            [
              -120.670897,
              35.3048959
            ],
            [
              -120.6705899,
              35.3050001
            ],
            [
              -120.6706422,
              35.3051028
            ],
            [
              -120.670667,
              35.3050944
            ],
            [
              -120.6708756,
              35.3055039
            ],
            [
              -120.6709652,
              35.3054735
            ],
            [
              -120.6709978,
              35.3055375
            ],
            [
              -120.6711905,
              35.3054722
            ]
          ]
        ]
      },
      "id": "way/45637271"
    },
    {
      "type": "Feature",
      "properties": {
        "@id": "way/45637294",
        "building": "yes",
        "name": "Dairy Science Cow Shelter",
        "ref": "18G"
      },
      "geometry": {
        "type": "Polygon",
        "coordinates": [
          [
            [
              -120.6719984,
              35.3070804
            ],
            [
              -120.6718577,
              35.3066048
            ],
            [
              -120.6717199,
              35.3066272
            ],
            [
              -120.6718492,
              35.3071032
            ],
            [
              -120.6719238,
              35.3070966
            ],
            [
              -120.6719984,
              35.3070804
            ]
          ]
        ]
      },
      "id": "way/45637294"
    },
    {
      "type": "Feature",
      "properties": {
        "@id": "way/45637295",
        "building": "yes",
        "name": "Dairy Science Judging Pavilion",
        "ref": "18F"
      },
      "geometry": {
        "type": "Polygon",
        "coordinates": [
          [
            [
              -120.6718482,
              35.3064994
            ],
            [
              -120.6717689,
              35.3062202
            ],
            [
              -120.6715841,
              35.3062567
            ],
            [
              -120.6716104,
              35.3063831
            ],
            [
              -120.6716642,
              35.3065353
            ],
            [
              -120.6717569,
              35.3065256
            ],
            [
              -120.6718482,
              35.3064994
            ]
          ]
        ]
      },
      "id": "way/45637295"
    },
    {
      "type": "Feature",
      "properties": {
        "@id": "way/45637296",
        "building": "yes",
        "name": "18H- Dairy Science Hospital Barn"
      },
      "geometry": {
        "type": "Polygon",
        "coordinates": [
          [
            [
              -120.6735566,
              35.3072781
            ],
            [
              -120.6734117,
              35.3072797
            ],
            [
              -120.6734173,
              35.3076102
            ],
            [
              -120.6735622,
              35.3076086
            ],
            [
              -120.6735566,
              35.3072781
            ]
          ]
        ]
      },
      "id": "way/45637296"
    },
    {
      "type": "Feature",
      "properties": {
        "@id": "way/45637297",
        "addr:city": "San Luis Obispo",
        "addr:postcode": "93407",
        "addr:street": "Grand",
        "building": "yes",
        "name": "Dairy Products Technology Center",
        "ref": "18A"
      },
      "geometry": {
        "type": "Polygon",
        "coordinates": [
          [
            [
              -120.671997,
              35.3076434
            ],
            [
              -120.6719675,
              35.3075402
            ],
            [
              -120.6719818,
              35.3075375
            ],
            [
              -120.6719468,
              35.307415
            ],
            [
              -120.6719688,
              35.3074108
            ],
            [
              -120.6719359,
              35.3072958
            ],
            [
              -120.671869,
              35.3073085
            ],
            [
              -120.6718658,
              35.3072974
            ],
            [
              -120.6718311,
              35.307304
            ],
            [
              -120.671824,
              35.3072792
            ],
            [
              -120.6716826,
              35.3073061
            ],
            [
              -120.6716946,
              35.307348
            ],
            [
              -120.6715949,
              35.307367
            ],
            [
              -120.6715884,
              35.3073442
            ],
            [
              -120.6714496,
              35.3073707
            ],
            [
              -120.671457,
              35.3073964
            ],
            [
              -120.6712534,
              35.3074351
            ],
            [
              -120.6712655,
              35.3074774
            ],
            [
              -120.6711912,
              35.3074916
            ],
            [
              -120.6712451,
              35.3076802
            ],
            [
              -120.6712807,
              35.3076734
            ],
            [
              -120.6712964,
              35.3077286
            ],
            [
              -120.6713715,
              35.3077143
            ],
            [
              -120.6713805,
              35.3077455
            ],
            [
              -120.6717897,
              35.3076675
            ],
            [
              -120.6717939,
              35.3076821
            ],
            [
              -120.671997,
              35.3076434
            ]
          ]
        ]
      },
      "id": "way/45637297"
    },
    {
      "type": "Feature",
      "properties": {
        "@id": "way/45637298",
        "building": "stable",
        "description": "Cal Poly Rodeo Grounds 1/2 Covered Horse Stalls (South Green Panel)",
        "name": "Horse Stalls"
      },
      "geometry": {
        "type": "Polygon",
        "coordinates": [
          [
            [
              -120.6692943,
              35.3079645
            ],
            [
              -120.6698155,
              35.3073127
            ],
            [
              -120.6697311,
              35.3072596
            ],
            [
              -120.6692062,
              35.3079174
            ],
            [
              -120.6692467,
              35.3079395
            ],
            [
              -120.6692943,
              35.3079645
            ]
          ]
        ]
      },
      "id": "way/45637298"
    },
    {
      "type": "Feature",
      "properties": {
        "@id": "way/45637300",
        "building": "yes"
      },
      "geometry": {
        "type": "Polygon",
        "coordinates": [
          [
            [
              -120.6721443,
              35.3079288
            ],
            [
              -120.6721328,
              35.3078911
            ],
            [
              -120.671934,
              35.3079315
            ],
            [
              -120.6719455,
              35.3079692
            ],
            [
              -120.6721443,
              35.3079288
            ]
          ]
        ]
      },
      "id": "way/45637300"
    },
    {
      "type": "Feature",
      "properties": {
        "@id": "way/45637301",
        "building": "stable",
        "description": "Cal Poly Rodeo Grounds 1/2 Covered Horse Stalls (East Green Panel)",
        "name": "Horse Stalls"
      },
      "geometry": {
        "type": "Polygon",
        "coordinates": [
          [
            [
              -120.6698615,
              35.3087194
            ],
            [
              -120.6692869,
              35.3080096
            ],
            [
              -120.6692048,
              35.308057
            ],
            [
              -120.6697762,
              35.308763
            ],
            [
              -120.6698615,
              35.3087194
            ]
          ]
        ]
      },
      "id": "way/45637301"
    },
    {
      "type": "Feature",
      "properties": {
        "@id": "way/45637310",
        "building": "yes",
        "name": "Dairy Science Freestall A",
        "ref": "18J"
      },
      "geometry": {
        "type": "Polygon",
        "coordinates": [
          [
            [
              -120.6753095,
              35.3079581
            ],
            [
              -120.6752919,
              35.3072949
            ],
            [
              -120.6749512,
              35.3073009
            ],
            [
              -120.6749688,
              35.3079641
            ],
            [
              -120.6753095,
              35.3079581
            ]
          ]
        ]
      },
      "id": "way/45637310"
    },
    {
      "type": "Feature",
      "properties": {
        "@id": "way/45637311",
        "building": "yes",
        "name": "Dairy Science Freestall B",
        "ref": "18K"
      },
      "geometry": {
        "type": "Polygon",
        "coordinates": [
          [
            [
              -120.6743623,
              35.3083061
            ],
            [
              -120.6743365,
              35.3073125
            ],
            [
              -120.6739983,
              35.3073184
            ],
            [
              -120.6740241,
              35.3083119
            ],
            [
              -120.6743623,
              35.3083061
            ]
          ]
        ]
      },
      "id": "way/45637311"
    },
    {
      "type": "Feature",
      "properties": {
        "@id": "way/45637312",
        "building": "yes"
      },
      "geometry": {
        "type": "Polygon",
        "coordinates": [
          [
            [
              -120.6732246,
              35.308378
            ],
            [
              -120.6732218,
              35.3082163
            ],
            [
              -120.6726763,
              35.3082228
            ],
            [
              -120.6726792,
              35.3083844
            ],
            [
              -120.6732246,
              35.308378
            ]
          ]
        ]
      },
      "id": "way/45637312"
    },
    {
      "type": "Feature",
      "properties": {
        "@id": "way/45637313",
        "building": "yes"
      },
      "geometry": {
        "type": "Polygon",
        "coordinates": [
          [
            [
              -120.6735032,
              35.3079184
            ],
            [
              -120.6734994,
              35.3076555
            ],
            [
              -120.67342,
              35.3076562
            ],
            [
              -120.6734238,
              35.3079192
            ],
            [
              -120.6735032,
              35.3079184
            ]
          ]
        ]
      },
      "id": "way/45637313"
    },
    {
      "type": "Feature",
      "properties": {
        "@id": "way/45637545",
        "building": "yes",
        "name": "57B-Veterinary Hospital Post Mortem Area"
      },
      "geometry": {
        "type": "Polygon",
        "coordinates": [
          [
            [
              -120.6703913,
              35.3062503
            ],
            [
              -120.6705496,
              35.3061963
            ],
            [
              -120.670526,
              35.3061434
            ],
            [
              -120.670363,
              35.3061948
            ],
            [
              -120.6703913,
              35.3062503
            ]
          ]
        ]
      },
      "id": "way/45637545"
    },
    {
      "type": "Feature",
      "properties": {
        "@id": "way/45644094",
        "building": "yes",
        "name": "18E- Dairy Science Bull Barn"
      },
      "geometry": {
        "type": "Polygon",
        "coordinates": [
          [
            [
              -120.6715502,
              35.3065259
            ],
            [
              -120.6714888,
              35.3063248
            ],
            [
              -120.6714248,
              35.3063382
            ],
            [
              -120.6714815,
              35.3065394
            ],
            [
              -120.6715502,
              35.3065259
            ]
          ]
        ]
      },
      "id": "way/45644094"
    },
    {
      "type": "Feature",
      "properties": {
        "@id": "way/45644095",
        "building": "yes",
        "name": "18C- Dairy Science Artificial Insemination Lab"
      },
      "geometry": {
        "type": "Polygon",
        "coordinates": [
          [
            [
              -120.6713793,
              35.3065833
            ],
            [
              -120.6713694,
              35.3065516
            ],
            [
              -120.6712427,
              35.3065756
            ],
            [
              -120.6712517,
              35.3066082
            ],
            [
              -120.6713793,
              35.3065833
            ]
          ]
        ]
      },
      "id": "way/45644095"
    },
    {
      "type": "Feature",
      "properties": {
        "@id": "way/45644209",
        "building": "yes",
        "name": "Rose Float Lab",
        "ref": "50L"
      },
      "geometry": {
        "type": "Polygon",
        "coordinates": [
          [
            [
              -120.6710938,
              35.30411
            ],
            [
              -120.6712712,
              35.3040266
            ],
            [
              -120.671168,
              35.3038804
            ],
            [
              -120.6709906,
              35.3039637
            ],
            [
              -120.6710938,
              35.30411
            ]
          ]
        ]
      },
      "id": "way/45644209"
    },
    {
      "type": "Feature",
      "properties": {
        "@id": "way/45644214",
        "building": "yes",
        "name": "50K- Comunications Services Storage"
      },
      "geometry": {
        "type": "Polygon",
        "coordinates": [
          [
            [
              -120.6713936,
              35.3042531
            ],
            [
              -120.6713084,
              35.304134
            ],
            [
              -120.6711601,
              35.3042047
            ],
            [
              -120.6712452,
              35.3043237
            ],
            [
              -120.6713936,
              35.3042531
            ]
          ]
        ]
      },
      "id": "way/45644214"
    },
    {
      "type": "Feature",
      "properties": {
        "@id": "way/45644215",
        "building": "yes",
        "name": "Mount Bishop Warehouse",
        "ref": "50J"
      },
      "geometry": {
        "type": "Polygon",
        "coordinates": [
          [
            [
              -120.671474,
              35.3046454
            ],
            [
              -120.6716216,
              35.3045752
            ],
            [
              -120.6714512,
              35.3043363
            ],
            [
              -120.6713036,
              35.3044064
            ],
            [
              -120.671474,
              35.3046454
            ]
          ]
        ]
      },
      "id": "way/45644215"
    },
    {
      "type": "Feature",
      "properties": {
        "@id": "way/140213692",
        "addr:city": "San Luis Obispo",
        "addr:postcode": "93407",
        "addr:street": "Grand",
        "building": "yes",
        "name": "Technology Park",
        "ref": "83"
      },
      "geometry": {
        "type": "Polygon",
        "coordinates": [
          [
            [
              -120.6720869,
              35.3053363
            ],
            [
              -120.6720841,
              35.305233
            ],
            [
              -120.6716577,
              35.3052407
            ],
            [
              -120.6716587,
              35.3052767
            ],
            [
              -120.6715683,
              35.3052784
            ],
            [
              -120.6715734,
              35.305467
            ],
            [
              -120.6714997,
              35.3054683
            ],
            [
              -120.6715027,
              35.3055788
            ],
            [
              -120.6720977,
              35.3055681
            ],
            [
              -120.6720969,
              35.3055409
            ],
            [
              -120.6721779,
              35.3055394
            ],
            [
              -120.6721756,
              35.3054549
            ],
            [
              -120.6719227,
              35.3054594
            ],
            [
              -120.6719204,
              35.3053739
            ],
            [
              -120.6719299,
              35.3053737
            ],
            [
              -120.671929,
              35.3053391
            ],
            [
              -120.6720869,
              35.3053363
            ]
          ]
        ]
      },
      "id": "way/140213692"
    },
    {
      "type": "Feature",
      "properties": {
        "@id": "way/201474233",
        "building": "greenhouse"
      },
      "geometry": {
        "type": "Polygon",
        "coordinates": [
          [
            [
              -120.6691702,
              35.3026348
            ],
            [
              -120.6692925,
              35.3025677
            ],
            [
              -120.6691147,
              35.3023479
            ],
            [
              -120.6689903,
              35.3024147
            ],
            [
              -120.6691702,
              35.3026348
            ]
          ]
        ]
      },
      "id": "way/201474233"
    },
    {
      "type": "Feature",
      "properties": {
        "@id": "way/201474238",
        "building": "greenhouse"
      },
      "geometry": {
        "type": "Polygon",
        "coordinates": [
          [
            [
              -120.669279,
              35.3024714
            ],
            [
              -120.6693831,
              35.3024178
            ],
            [
              -120.6692512,
              35.3022473
            ],
            [
              -120.6691471,
              35.302301
            ],
            [
              -120.669279,
              35.3024714
            ]
          ]
        ]
      },
      "id": "way/201474238"
    },
    {
      "type": "Feature",
      "properties": {
        "@id": "way/205393254",
        "building": "yes"
      },
      "geometry": {
        "type": "Polygon",
        "coordinates": [
          [
            [
              -120.6682133,
              35.3080505
            ],
            [
              -120.6681537,
              35.3080939
            ],
            [
              -120.6682302,
              35.3081645
            ],
            [
              -120.6682497,
              35.3081817
            ],
            [
              -120.6683093,
              35.3081384
            ],
            [
              -120.6682133,
              35.3080505
            ]
          ]
        ]
      },
      "id": "way/205393254"
    },
    {
      "type": "Feature",
      "properties": {
        "@id": "way/205393256",
        "building": "yes"
      },
      "geometry": {
        "type": "Polygon",
        "coordinates": [
          [
            [
              -120.671734,
              35.3071518
            ],
            [
              -120.6716918,
              35.3071592
            ],
            [
              -120.6717004,
              35.3071919
            ],
            [
              -120.6717426,
              35.3071845
            ],
            [
              -120.671734,
              35.3071518
            ]
          ]
        ]
      },
      "id": "way/205393256"
    },
    {
      "type": "Feature",
      "properties": {
        "@id": "way/205393259",
        "building": "yes"
      },
      "geometry": {
        "type": "Polygon",
        "coordinates": [
          [
            [
              -120.6690178,
              35.3026837
            ],
            [
              -120.6688793,
              35.3027559
            ],
            [
              -120.668907,
              35.3027914
            ],
            [
              -120.6690456,
              35.3027192
            ],
            [
              -120.6690178,
              35.3026837
            ]
          ]
        ]
      },
      "id": "way/205393259"
    },
    {
      "type": "Feature",
      "properties": {
        "@id": "way/205393263",
        "building": "yes"
      },
      "geometry": {
        "type": "Polygon",
        "coordinates": [
          [
            [
              -120.6686335,
              35.3028714
            ],
            [
              -120.6684645,
              35.3029586
            ],
            [
              -120.6684972,
              35.3030009
            ],
            [
              -120.6686663,
              35.3029136
            ],
            [
              -120.6686335,
              35.3028714
            ]
          ]
        ]
      },
      "id": "way/205393263"
    },
    {
      "type": "Feature",
      "properties": {
        "@id": "way/205393269",
        "building": "yes"
      },
      "geometry": {
        "type": "Polygon",
        "coordinates": [
          [
            [
              -120.6687059,
              35.3028397
            ],
            [
              -120.668645,
              35.3028717
            ],
            [
              -120.6686748,
              35.3029096
            ],
            [
              -120.6687357,
              35.3028776
            ],
            [
              -120.6687059,
              35.3028397
            ]
          ]
        ]
      },
      "id": "way/205393269"
    },
    {
      "type": "Feature",
      "properties": {
        "@id": "way/205393271",
        "building": "yes"
      },
      "geometry": {
        "type": "Polygon",
        "coordinates": [
          [
            [
              -120.6706644,
              35.3064461
            ],
            [
              -120.6706671,
              35.306493
            ],
            [
              -120.6707098,
              35.3064914
            ],
            [
              -120.6707071,
              35.3064445
            ],
            [
              -120.6706644,
              35.3064461
            ]
          ]
        ]
      },
      "id": "way/205393271"
    },
    {
      "type": "Feature",
      "properties": {
        "@id": "way/205393282",
        "building": "yes"
      },
      "geometry": {
        "type": "Polygon",
        "coordinates": [
          [
            [
              -120.6715645,
              35.3080029
            ],
            [
              -120.6713951,
              35.3080348
            ],
            [
              -120.6714328,
              35.3081682
            ],
            [
              -120.6716022,
              35.3081362
            ],
            [
              -120.6715645,
              35.3080029
            ]
          ]
        ]
      },
      "id": "way/205393282"
    },
    {
      "type": "Feature",
      "properties": {
        "@id": "way/205393304",
        "building": "yes"
      },
      "geometry": {
        "type": "Polygon",
        "coordinates": [
          [
            [
              -120.6688268,
              35.3027783
            ],
            [
              -120.6688596,
              35.3028203
            ],
            [
              -120.6689086,
              35.3027948
            ],
            [
              -120.6688758,
              35.3027529
            ],
            [
              -120.6688268,
              35.3027783
            ]
          ]
        ]
      },
      "id": "way/205393304"
    },
    {
      "type": "Feature",
      "properties": {
        "@id": "way/205393316",
        "building": "yes",
        "name": "57C-Veterinary Hospital Residence Trailer (M020)"
      },
      "geometry": {
        "type": "Polygon",
        "coordinates": [
          [
            [
              -120.6706282,
              35.3061543
            ],
            [
              -120.6705735,
              35.3061667
            ],
            [
              -120.6706139,
              35.3062856
            ],
            [
              -120.6705941,
              35.3062901
            ],
            [
              -120.6706025,
              35.3063148
            ],
            [
              -120.6706231,
              35.3063101
            ],
            [
              -120.6706296,
              35.306329
            ],
            [
              -120.6706834,
              35.3063169
            ],
            [
              -120.6706282,
              35.3061543
            ]
          ]
        ]
      },
      "id": "way/205393316"
    },
    {
      "type": "Feature",
      "properties": {
        "@id": "way/320742009",
        "building": "yes"
      },
      "geometry": {
        "type": "Polygon",
        "coordinates": [
          [
            [
              -120.6733647,
              35.3105736
            ],
            [
              -120.6731949,
              35.3104866
            ],
            [
              -120.6731656,
              35.3105246
            ],
            [
              -120.6733354,
              35.3106116
            ],
            [
              -120.6733647,
              35.3105736
            ]
          ]
        ]
      },
      "id": "way/320742009"
    },
    {
      "type": "Feature",
      "properties": {
        "@id": "way/320742010",
        "building": "yes",
        "name": "Classroom"
      },
      "geometry": {
        "type": "Polygon",
        "coordinates": [
          [
            [
              -120.6732363,
              35.3100104
            ],
            [
              -120.6732337,
              35.3099427
            ],
            [
              -120.6731929,
              35.3099438
            ],
            [
              -120.6731955,
              35.3100115
            ],
            [
              -120.6732363,
              35.3100104
            ]
          ]
        ]
      },
      "id": "way/320742010"
    },
    {
      "type": "Feature",
      "properties": {
        "@id": "way/320742011",
        "building": "greenhouse",
        "name": "Polyponic Greenhouse"
      },
      "geometry": {
        "type": "Polygon",
        "coordinates": [
          [
            [
              -120.6737011,
              35.3101823
            ],
            [
              -120.6735352,
              35.3100856
            ],
            [
              -120.6734762,
              35.310153
            ],
            [
              -120.6736421,
              35.3102497
            ],
            [
              -120.6737011,
              35.3101823
            ]
          ]
        ]
      },
      "id": "way/320742011"
    },
    {
      "type": "Feature",
      "properties": {
        "@id": "way/320742012",
        "building": "yes"
      },
      "geometry": {
        "type": "Polygon",
        "coordinates": [
          [
            [
              -120.673137,
              35.3103849
            ],
            [
              -120.6730619,
              35.3103478
            ],
            [
              -120.6730236,
              35.3103994
            ],
            [
              -120.6730987,
              35.3104365
            ],
            [
              -120.673137,
              35.3103849
            ]
          ]
        ]
      },
      "id": "way/320742012"
    },
    {
      "type": "Feature",
      "properties": {
        "@id": "way/768655714",
        "building": "yes",
        "building:levels": "1",
        "ref": "50M"
      },
      "geometry": {
        "type": "Polygon",
        "coordinates": [
          [
            [
              -120.6708073,
              35.303949
            ],
            [
              -120.6707817,
              35.3038841
            ],
            [
              -120.6705909,
              35.3039326
            ],
            [
              -120.6706227,
              35.3039981
            ],
            [
              -120.6708073,
              35.303949
            ]
          ]
        ]
      },
      "id": "way/768655714"
    },
    {
      "type": "Feature",
      "properties": {
        "@id": "way/780321767",
        "building": "yes"
      },
      "geometry": {
        "type": "Polygon",
        "coordinates": [
          [
            [
              -120.6712953,
              35.3071792
            ],
            [
              -120.6712449,
              35.3070289
            ],
            [
              -120.6710765,
              35.3070665
            ],
            [
              -120.6711269,
              35.3072169
            ],
            [
              -120.6712953,
              35.3071792
            ]
          ]
        ]
      },
      "id": "way/780321767"
    },
    {
      "type": "Feature",
      "properties": {
        "@id": "way/865472917",
        "building": "shed",
        "description": "Cal Poly Rodeo Grounds Hay Bunker/Storage",
        "name": "Hay Bunker"
      },
      "geometry": {
        "type": "Polygon",
        "coordinates": [
          [
            [
              -120.6698018,
              35.3072971
            ],
            [
              -120.6698387,
              35.3072608
            ],
            [
              -120.6697589,
              35.3072152
            ],
            [
              -120.6697235,
              35.307254
            ],
            [
              -120.6698018,
              35.3072971
            ]
          ]
        ]
      },
      "id": "way/865472917"
    },
    {
      "type": "Feature",
      "properties": {
        "@id": "way/865472923",
        "building": "yes"
      },
      "geometry": {
        "type": "Polygon",
        "coordinates": [
          [
            [
              -120.673073,
              35.3104558
            ],
            [
              -120.6730441,
              35.3104385
            ],
            [
              -120.6730308,
              35.3104533
            ],
            [
              -120.6730596,
              35.3104706
            ],
            [
              -120.673073,
              35.3104558
            ]
          ]
        ]
      },
      "id": "way/865472923"
    },
    {
      "type": "Feature",
      "properties": {
        "@id": "way/865472924",
        "building": "yes"
      },
      "geometry": {
        "type": "Polygon",
        "coordinates": [
          [
            [
              -120.6730344,
              35.3104394
            ],
            [
              -120.6729894,
              35.3104154
            ],
            [
              -120.6729743,
              35.3104342
            ],
            [
              -120.6730193,
              35.3104583
            ],
            [
              -120.6730344,
              35.3104394
            ]
          ]
        ]
      },
      "id": "way/865472924"
    },
    {
      "type": "Feature",
      "properties": {
        "@id": "way/865472925",
        "building": "barn",
        "building:levels": "1",
        "description": "Cal Poly Rodeo Grounds Hay Storage Barn/Feedlot.",
        "name": "Hay Storage Barn"
      },
      "geometry": {
        "type": "Polygon",
        "coordinates": [
          [
            [
              -120.6716838,
              35.3096957
            ],
            [
              -120.6713096,
              35.3094525
            ],
            [
              -120.6711323,
              35.3096467
            ],
            [
              -120.6715119,
              35.3098768
            ],
            [
              -120.6716838,
              35.3096957
            ]
          ]
        ]
      },
      "id": "way/865472925"
    },
    {
      "type": "Feature",
      "properties": {
        "@id": "way/943592925",
        "building": "yes",
        "name": "180- Dairy Science Methane Power Plant"
      },
      "geometry": {
        "type": "Polygon",
        "coordinates": [
          [
            [
              -120.6730598,
              35.3071022
            ],
            [
              -120.673062,
              35.3070691
            ],
            [
              -120.6730197,
              35.3070672
            ],
            [
              -120.6730175,
              35.3071003
            ],
            [
              -120.6730598,
              35.3071022
            ]
          ]
        ]
      },
      "id": "way/943592925"
    },
    {
      "type": "Feature",
      "properties": {
        "@id": "way/1115832131",
        "building": "university",
        "name": "E&J Gallo Building"
      },
      "geometry": {
        "type": "Polygon",
        "coordinates": [
          [
            [
              -120.6694923,
              35.3040464
            ],
            [
              -120.6697749,
              35.303894
            ],
            [
              -120.6695015,
              35.3035562
            ],
            [
              -120.6692188,
              35.3037086
            ],
            [
              -120.6694923,
              35.3040464
            ]
          ]
        ]
      },
      "id": "way/1115832131"
    },
    {
      "type": "Feature",
      "properties": {
        "@id": "way/1115832132",
        "addr:housenumber": "157",
        "addr:street": "Mount Bishop Road",
        "building": "university",
        "check_date": "2025-10-22",
        "craft": "winery",
        "name": "Lohr Family Winery"
      },
      "geometry": {
        "type": "Polygon",
        "coordinates": [
          [
            [
              -120.6690433,
              35.3036408
            ],
            [
              -120.6694072,
              35.3034506
            ],
            [
              -120.6693566,
              35.3033861
            ],
            [
              -120.6694422,
              35.3033414
            ],
            [
              -120.6693277,
              35.3031954
            ],
            [
              -120.6692615,
              35.30323
            ],
            [
              -120.6692141,
              35.3031696
            ],
            [
              -120.6688283,
              35.3033712
            ],
            [
              -120.6688834,
              35.3034413
            ],
            [
              -120.6688461,
              35.3034608
            ],
            [
              -120.6689554,
              35.3036002
            ],
            [
              -120.6689952,
              35.3035794
            ],
            [
              -120.6690433,
              35.3036408
            ]
          ]
        ]
      },
      "id": "way/1115832132"
    },
    {
      "type": "Feature",
      "properties": {
        "@id": "way/1119416914",
        "building": "stable",
        "description": "Cal Poly Rodeo Grounds Livestock Feedlot Pens (Steers and Calves)",
        "name": "Livestock  Feedlot Pens"
      },
      "geometry": {
        "type": "Polygon",
        "coordinates": [
          [
            [
              -120.6716399,
              35.3098922
            ],
            [
              -120.6715582,
              35.3098356
            ],
            [
              -120.6715108,
              35.3098825
            ],
            [
              -120.6711232,
              35.3096465
            ],
            [
              -120.6710847,
              35.3096863
            ],
            [
              -120.6711232,
              35.3097422
            ],
            [
              -120.671455,
              35.3099409
            ],
            [
              -120.6715462,
              35.3099365
            ],
            [
              -120.6715951,
              35.309931
            ],
            [
              -120.6716398,
              35.3098999
            ],
            [
              -120.6716399,
              35.3098922
            ]
          ]
        ]
      },
      "id": "way/1119416914"
    },
    {
      "type": "Feature",
      "properties": {
        "@id": "way/1119416915",
        "building": "stable",
        "description": "Cal Poly Rodeo Grounds Livestock Feedlot Pens (Steers and Calves)",
        "name": "Livestock Feedlot Pens"
      },
      "geometry": {
        "type": "Polygon",
        "coordinates": [
          [
            [
              -120.6716952,
              35.309698
            ],
            [
              -120.671743,
              35.3096514
            ],
            [
              -120.6714226,
              35.3094627
            ],
            [
              -120.6713122,
              35.3094494
            ],
            [
              -120.6716952,
              35.309698
            ]
          ]
        ]
      },
      "id": "way/1119416915"
    },
    {
      "type": "Feature",
      "properties": {
        "@id": "way/1119416917",
        "building": "yes",
        "building:levels": "1",
        "description": "Cal Poly Rodeo Office and Deck at the Rodeo Grounds",
        "name": "Cal Poly Rodeo Office",
        "wheelchair": "yes"
      },
      "geometry": {
        "type": "Polygon",
        "coordinates": [
          [
            [
              -120.6707837,
              35.3088357
            ],
            [
              -120.6708599,
              35.3087546
            ],
            [
              -120.6707948,
              35.3087122
            ],
            [
              -120.6707829,
              35.3087226
            ],
            [
              -120.6707559,
              35.3087072
            ],
            [
              -120.6707775,
              35.3086867
            ],
            [
              -120.6707559,
              35.3086739
            ],
            [
              -120.6707328,
              35.3086952
            ],
            [
              -120.6706697,
              35.3086534
            ],
            [
              -120.6706381,
              35.3086858
            ],
            [
              -120.6706608,
              35.3086999
            ],
            [
              -120.6706211,
              35.3087392
            ],
            [
              -120.6707837,
              35.3088357
            ]
          ]
        ]
      },
      "id": "way/1119416917"
    },
    {
      "type": "Feature",
      "properties": {
        "@id": "way/1119416919",
        "building": "shed",
        "description": "Hay Bunker/Storage",
        "name": "Hay Bunker"
      },
      "geometry": {
        "type": "Polygon",
        "coordinates": [
          [
            [
              -120.6699535,
              35.3090283
            ],
            [
              -120.6699797,
              35.308995
            ],
            [
              -120.6698926,
              35.308957
            ],
            [
              -120.6698688,
              35.3089947
            ],
            [
              -120.6699535,
              35.3090283
            ]
          ]
        ]
      },
      "id": "way/1119416919"
    },
    {
      "type": "Feature",
      "properties": {
        "@id": "way/1119416921",
        "building": "stable",
        "description": "Cal Poly Rodeo Grounds Covered Horse Stalls (South Pipe)",
        "name": "Horse Stalls"
      },
      "geometry": {
        "type": "Polygon",
        "coordinates": [
          [
            [
              -120.6690715,
              35.3079649
            ],
            [
              -120.6697245,
              35.3071172
            ],
            [
              -120.669636,
              35.3070782
            ],
            [
              -120.6689759,
              35.3079187
            ],
            [
              -120.6690715,
              35.3079649
            ]
          ]
        ]
      },
      "id": "way/1119416921"
    },
    {
      "type": "Feature",
      "properties": {
        "@id": "way/1119416925",
        "building": "stable",
        "description": "Cal Poly Rodeo Grounds Covered Horse Stalls (East Pipe)",
        "name": "Horse Stalls"
      },
      "geometry": {
        "type": "Polygon",
        "coordinates": [
          [
            [
              -120.6691174,
              35.3081684
            ],
            [
              -120.6690271,
              35.3082141
            ],
            [
              -120.6696677,
              35.3089751
            ],
            [
              -120.6697423,
              35.3089297
            ],
            [
              -120.6691174,
              35.3081684
            ]
          ]
        ]
      },
      "id": "way/1119416925"
    },
    {
      "type": "Feature",
      "properties": {
        "@id": "way/1119416926",
        "building": "shed",
        "description": "Cal Poly Rodeo Grounds Hay Bunker/Storage",
        "name": "Hay Bunker"
      },
      "geometry": {
        "type": "Polygon",
        "coordinates": [
          [
            [
              -120.6690265,
              35.308207
            ],
            [
              -120.6691088,
              35.3081646
            ],
            [
              -120.6690815,
              35.3081286
            ],
            [
              -120.6689996,
              35.3081711
            ],
            [
              -120.6690265,
              35.308207
            ]
          ]
        ]
      },
      "id": "way/1119416926"
    },
    {
      "type": "Feature",
      "properties": {
        "@id": "way/1119416929",
        "building": "shed",
        "building:levels": "2",
        "description": "Cal Poly Rodeo Grounds Announcer's Booth",
        "name": "Announcer's Booth"
      },
      "geometry": {
        "type": "Polygon",
        "coordinates": [
          [
            [
              -120.6709581,
              35.3093501
            ],
            [
              -120.6709242,
              35.3093301
            ],
            [
              -120.6708814,
              35.3093705
            ],
            [
              -120.6709124,
              35.3093926
            ],
            [
              -120.6709581,
              35.3093501
            ]
          ]
        ]
      },
      "id": "way/1119416929"
    },
    {
      "type": "Feature",
      "properties": {
        "@id": "way/1119416930",
        "building": "stable",
        "description": "Cal Poly Rodeo Grounds Livestock Pens",
        "name": "Livestock Pens"
      },
      "geometry": {
        "type": "Polygon",
        "coordinates": [
          [
            [
              -120.6706168,
              35.3092227
            ],
            [
              -120.6705726,
              35.3092729
            ],
            [
              -120.6705106,
              35.3092354
            ],
            [
              -120.6704079,
              35.3093445
            ],
            [
              -120.670762,
              35.309558
            ],
            [
              -120.6707977,
              35.3095608
            ],
            [
              -120.6708255,
              35.3095431
            ],
            [
              -120.6709116,
              35.3094544
            ],
            [
              -120.6708103,
              35.3093917
            ],
            [
              -120.6708005,
              35.3093409
            ],
            [
              -120.6706168,
              35.3092227
            ]
          ]
        ]
      },
      "id": "way/1119416930"
    },
    {
      "type": "Feature",
      "properties": {
        "@id": "way/45594037",
        "building": "yes"
      },
      "geometry": {
        "type": "Polygon",
        "coordinates": [
          [
            [
              -120.6796754,
              35.3101413
            ],
            [
              -120.6795814,
              35.310045
            ],
            [
              -120.6795386,
              35.3100728
            ],
            [
              -120.6795558,
              35.3100903
            ],
            [
              -120.6794554,
              35.3101556
            ],
            [
              -120.6795323,
              35.3102343
            ],
            [
              -120.6796754,
              35.3101413
            ]
          ]
        ]
      },
      "id": "way/45594037"
    },
    {
      "type": "Feature",
      "properties": {
        "@id": "way/45594967",
        "building": "yes"
      },
      "geometry": {
        "type": "Polygon",
        "coordinates": [
          [
            [
              -120.6785878,
              35.3068392
            ],
            [
              -120.678711,
              35.3067505
            ],
            [
              -120.6786885,
              35.3067297
            ],
            [
              -120.6787088,
              35.3067151
            ],
            [
              -120.6786833,
              35.3066914
            ],
            [
              -120.6786632,
              35.3067059
            ],
            [
              -120.6786403,
              35.3066848
            ],
            [
              -120.6786055,
              35.3067098
            ],
            [
              -120.6785953,
              35.3067172
            ],
            [
              -120.6785803,
              35.306728
            ],
            [
              -120.6785696,
              35.3067357
            ],
            [
              -120.6785169,
              35.3067736
            ],
            [
              -120.6785878,
              35.3068392
            ]
          ]
        ]
      },
      "id": "way/45594967"
    },
    {
      "type": "Feature",
      "properties": {
        "@id": "way/45636394",
        "building": "yes"
      },
      "geometry": {
        "type": "Polygon",
        "coordinates": [
          [
            [
              -120.6793897,
              35.3095965
            ],
            [
              -120.6789993,
              35.3091722
            ],
            [
              -120.6788735,
              35.3092459
            ],
            [
              -120.6792597,
              35.3096754
            ],
            [
              -120.6793897,
              35.3095965
            ]
          ]
        ]
      },
      "id": "way/45636394"
    },
    {
      "type": "Feature",
      "properties": {
        "@id": "way/45636395",
        "building": "barn"
      },
      "geometry": {
        "type": "Polygon",
        "coordinates": [
          [
            [
              -120.678477,
              35.3080974
            ],
            [
              -120.6786132,
              35.3079836
            ],
            [
              -120.6784505,
              35.3078539
            ],
            [
              -120.6783143,
              35.3079677
            ],
            [
              -120.678477,
              35.3080974
            ]
          ]
        ]
      },
      "id": "way/45636395"
    },
    {
      "type": "Feature",
      "properties": {
        "@id": "way/45644101",
        "building": "yes"
      },
      "geometry": {
        "type": "Polygon",
        "coordinates": [
          [
            [
              -120.6778114,
              35.311862
            ],
            [
              -120.6778097,
              35.3117206
            ],
            [
              -120.6774545,
              35.3117233
            ],
            [
              -120.6774561,
              35.3118647
            ],
            [
              -120.6778114,
              35.311862
            ]
          ]
        ]
      },
      "id": "way/45644101"
    },
    {
      "type": "Feature",
      "properties": {
        "@id": "way/45644102",
        "building": "yes"
      },
      "geometry": {
        "type": "Polygon",
        "coordinates": [
          [
            [
              -120.6802691,
              35.3112592
            ],
            [
              -120.680272,
              35.3110453
            ],
            [
              -120.6801736,
              35.3110444
            ],
            [
              -120.6801707,
              35.3112583
            ],
            [
              -120.6802691,
              35.3112592
            ]
          ]
        ]
      },
      "id": "way/45644102"
    },
    {
      "type": "Feature",
      "properties": {
        "@id": "way/45644104",
        "building": "yes"
      },
      "geometry": {
        "type": "Polygon",
        "coordinates": [
          [
            [
              -120.6784371,
              35.3120051
            ],
            [
              -120.6784334,
              35.3117877
            ],
            [
              -120.6779378,
              35.3117934
            ],
            [
              -120.6779415,
              35.312004
            ],
            [
              -120.6781454,
              35.3120016
            ],
            [
              -120.6781462,
              35.3120473
            ],
            [
              -120.6783527,
              35.3120449
            ],
            [
              -120.678352,
              35.3120061
            ],
            [
              -120.6784371,
              35.3120051
            ]
          ]
        ]
      },
      "id": "way/45644104"
    },
    {
      "type": "Feature",
      "properties": {
        "@id": "way/45644105",
        "building": "yes"
      },
      "geometry": {
        "type": "Polygon",
        "coordinates": [
          [
            [
              -120.6797416,
              35.3096205
            ],
            [
              -120.6797086,
              35.3095787
            ],
            [
              -120.6795724,
              35.3096552
            ],
            [
              -120.6796102,
              35.3096977
            ],
            [
              -120.6797416,
              35.3096205
            ]
          ]
        ]
      },
      "id": "way/45644105"
    },
    {
      "type": "Feature",
      "properties": {
        "@id": "way/45644106",
        "building": "yes"
      },
      "geometry": {
        "type": "Polygon",
        "coordinates": [
          [
            [
              -120.6797806,
              35.309978
            ],
            [
              -120.6797537,
              35.3099481
            ],
            [
              -120.6796236,
              35.3100261
            ],
            [
              -120.6796505,
              35.310056
            ],
            [
              -120.6797806,
              35.309978
            ]
          ]
        ]
      },
      "id": "way/45644106"
    },
    {
      "type": "Feature",
      "properties": {
        "@id": "way/45644107",
        "addr:city": "San Luis Obispo",
        "addr:postcode": "93407",
        "addr:street": "Grand",
        "building": "yes",
        "name": "Poultry Science"
      },
      "geometry": {
        "type": "Polygon",
        "coordinates": [
          [
            [
              -120.6792719,
              35.3115581
            ],
            [
              -120.6795826,
              35.3117426
            ],
            [
              -120.6796602,
              35.3116556
            ],
            [
              -120.6796903,
              35.3116735
            ],
            [
              -120.6796584,
              35.3117093
            ],
            [
              -120.6797942,
              35.3117899
            ],
            [
              -120.6798259,
              35.3117544
            ],
            [
              -120.6798551,
              35.3117717
            ],
            [
              -120.6798387,
              35.3117901
            ],
            [
              -120.6799327,
              35.3118459
            ],
            [
              -120.6800153,
              35.3117532
            ],
            [
              -120.679924,
              35.311699
            ],
            [
              -120.6799115,
              35.311713
            ],
            [
              -120.6798771,
              35.3116925
            ],
            [
              -120.6799255,
              35.3116384
            ],
            [
              -120.6797782,
              35.3115509
            ],
            [
              -120.6798021,
              35.3115241
            ],
            [
              -120.67951,
              35.3113507
            ],
            [
              -120.6794323,
              35.3114379
            ],
            [
              -120.6794499,
              35.3114484
            ],
            [
              -120.6794131,
              35.3114897
            ],
            [
              -120.6793607,
              35.3114586
            ],
            [
              -120.6792719,
              35.3115581
            ]
          ]
        ]
      },
      "id": "way/45644107"
    },
    {
      "type": "Feature",
      "properties": {
        "@id": "way/45644108",
        "building": "yes"
      },
      "geometry": {
        "type": "Polygon",
        "coordinates": [
          [
            [
              -120.6796634,
              35.3119825
            ],
            [
              -120.6796621,
              35.3120543
            ],
            [
              -120.6798725,
              35.3120569
            ],
            [
              -120.6798739,
              35.3119851
            ],
            [
              -120.6796634,
              35.3119825
            ]
          ]
        ]
      },
      "id": "way/45644108"
    },
    {
      "type": "Feature",
      "properties": {
        "@id": "way/45644176",
        "building": "yes"
      },
      "geometry": {
        "type": "Polygon",
        "coordinates": [
          [
            [
              -120.6793429,
              35.3117955
            ],
            [
              -120.6789543,
              35.3115667
            ],
            [
              -120.6788693,
              35.3116628
            ],
            [
              -120.679258,
              35.3118916
            ],
            [
              -120.6793429,
              35.3117955
            ]
          ]
        ]
      },
      "id": "way/45644176"
    },
    {
      "type": "Feature",
      "properties": {
        "@id": "way/45644177",
        "building": "yes"
      },
      "geometry": {
        "type": "Polygon",
        "coordinates": [
          [
            [
              -120.6790161,
              35.3112562
            ],
            [
              -120.6790155,
              35.3110363
            ],
            [
              -120.6788999,
              35.3110365
            ],
            [
              -120.6789005,
              35.3112564
            ],
            [
              -120.6790161,
              35.3112562
            ]
          ]
        ]
      },
      "id": "way/45644177"
    },
    {
      "type": "Feature",
      "properties": {
        "@id": "way/45644178",
        "building": "yes"
      },
      "geometry": {
        "type": "Polygon",
        "coordinates": [
          [
            [
              -120.6792149,
              35.3112872
            ],
            [
              -120.6792156,
              35.3109431
            ],
            [
              -120.6790926,
              35.3109429
            ],
            [
              -120.6790919,
              35.311287
            ],
            [
              -120.6792149,
              35.3112872
            ]
          ]
        ]
      },
      "id": "way/45644178"
    },
    {
      "type": "Feature",
      "properties": {
        "@id": "way/45644179",
        "building": "yes"
      },
      "geometry": {
        "type": "Polygon",
        "coordinates": [
          [
            [
              -120.6793874,
              35.3112885
            ],
            [
              -120.6793909,
              35.3109494
            ],
            [
              -120.6792924,
              35.3109487
            ],
            [
              -120.6792889,
              35.3112878
            ],
            [
              -120.6793874,
              35.3112885
            ]
          ]
        ]
      },
      "id": "way/45644179"
    },
    {
      "type": "Feature",
      "properties": {
        "@id": "way/45644180",
        "building": "yes"
      },
      "geometry": {
        "type": "Polygon",
        "coordinates": [
          [
            [
              -120.6798256,
              35.3112825
            ],
            [
              -120.6798305,
              35.3109791
            ],
            [
              -120.679727,
              35.310978
            ],
            [
              -120.6797221,
              35.3112814
            ],
            [
              -120.6798256,
              35.3112825
            ]
          ]
        ]
      },
      "id": "way/45644180"
    },
    {
      "type": "Feature",
      "properties": {
        "@id": "way/45644196",
        "building": "yes"
      },
      "geometry": {
        "type": "Polygon",
        "coordinates": [
          [
            [
              -120.6729561,
              35.3120475
            ],
            [
              -120.672956,
              35.3119596
            ],
            [
              -120.6727414,
              35.3119596
            ],
            [
              -120.6727415,
              35.3120475
            ],
            [
              -120.6729561,
              35.3120475
            ]
          ]
        ]
      },
      "id": "way/45644196"
    },
    {
      "type": "Feature",
      "properties": {
        "@id": "way/45644200",
        "building": "yes"
      },
      "geometry": {
        "type": "Polygon",
        "coordinates": [
          [
            [
              -120.6732672,
              35.3122026
            ],
            [
              -120.6732669,
              35.3121236
            ],
            [
              -120.6730507,
              35.3121242
            ],
            [
              -120.6730511,
              35.3122032
            ],
            [
              -120.6732672,
              35.3122026
            ]
          ]
        ]
      },
      "id": "way/45644200"
    },
    {
      "type": "Feature",
      "properties": {
        "@id": "way/45644201",
        "building": "yes"
      },
      "geometry": {
        "type": "Polygon",
        "coordinates": [
          [
            [
              -120.6729376,
              35.3121912
            ],
            [
              -120.6729387,
              35.3121448
            ],
            [
              -120.6727034,
              35.3121413
            ],
            [
              -120.6727024,
              35.3121877
            ],
            [
              -120.6729376,
              35.3121912
            ]
          ]
        ]
      },
      "id": "way/45644201"
    },
    {
      "type": "Feature",
      "properties": {
        "@id": "way/45644202",
        "building": "yes"
      },
      "geometry": {
        "type": "Polygon",
        "coordinates": [
          [
            [
              -120.672512,
              35.31219
            ],
            [
              -120.6725127,
              35.312131
            ],
            [
              -120.6721889,
              35.3121285
            ],
            [
              -120.6721883,
              35.3121875
            ],
            [
              -120.672512,
              35.31219
            ]
          ]
        ]
      },
      "id": "way/45644202"
    },
    {
      "type": "Feature",
      "properties": {
        "@id": "way/45644203",
        "building": "yes"
      },
      "geometry": {
        "type": "Polygon",
        "coordinates": [
          [
            [
              -120.6725171,
              35.312037
            ],
            [
              -120.6725174,
              35.3119595
            ],
            [
              -120.672163,
              35.3119587
            ],
            [
              -120.6721628,
              35.3120362
            ],
            [
              -120.6725171,
              35.312037
            ]
          ]
        ]
      },
      "id": "way/45644203"
    },
    {
      "type": "Feature",
      "properties": {
        "@id": "way/45644204",
        "building": "yes"
      },
      "geometry": {
        "type": "Polygon",
        "coordinates": [
          [
            [
              -120.6800879,
              35.3112826
            ],
            [
              -120.6800879,
              35.3110445
            ],
            [
              -120.6799405,
              35.3110446
            ],
            [
              -120.6799405,
              35.3112826
            ],
            [
              -120.6800879,
              35.3112826
            ]
          ]
        ]
      },
      "id": "way/45644204"
    },
    {
      "type": "Feature",
      "properties": {
        "@id": "way/201474234",
        "building": "yes"
      },
      "geometry": {
        "type": "Polygon",
        "coordinates": [
          [
            [
              -120.6738125,
              35.3135755
            ],
            [
              -120.6739142,
              35.3133678
            ],
            [
              -120.6737908,
              35.3133276
            ],
            [
              -120.6736891,
              35.3135352
            ],
            [
              -120.6738125,
              35.3135755
            ]
          ]
        ]
      },
      "id": "way/201474234"
    },
    {
      "type": "Feature",
      "properties": {
        "@id": "way/201474236",
        "building": "yes"
      },
      "geometry": {
        "type": "Polygon",
        "coordinates": [
          [
            [
              -120.6745803,
              35.3144331
            ],
            [
              -120.6747137,
              35.3143195
            ],
            [
              -120.6746145,
              35.314242
            ],
            [
              -120.6744811,
              35.3143555
            ],
            [
              -120.6745803,
              35.3144331
            ]
          ]
        ]
      },
      "id": "way/201474236"
    },
    {
      "type": "Feature",
      "properties": {
        "@id": "way/201474237",
        "building": "yes"
      },
      "geometry": {
        "type": "Polygon",
        "coordinates": [
          [
            [
              -120.6745758,
              35.3136529
            ],
            [
              -120.6746936,
              35.3135599
            ],
            [
              -120.6746209,
              35.3134987
            ],
            [
              -120.6745032,
              35.3135916
            ],
            [
              -120.6745758,
              35.3136529
            ]
          ]
        ]
      },
      "id": "way/201474237"
    },
    {
      "type": "Feature",
      "properties": {
        "@id": "way/201474241",
        "building": "yes"
      },
      "geometry": {
        "type": "Polygon",
        "coordinates": [
          [
            [
              -120.6739963,
              35.3140523
            ],
            [
              -120.6741573,
              35.3139333
            ],
            [
              -120.6741137,
              35.3138941
            ],
            [
              -120.6741012,
              35.3139033
            ],
            [
              -120.6740018,
              35.3138138
            ],
            [
              -120.6738533,
              35.3139235
            ],
            [
              -120.6739963,
              35.3140523
            ]
          ]
        ]
      },
      "id": "way/201474241"
    },
    {
      "type": "Feature",
      "properties": {
        "@id": "way/205393247",
        "building": "yes"
      },
      "geometry": {
        "type": "Polygon",
        "coordinates": [
          [
            [
              -120.6730104,
              35.3112947
            ],
            [
              -120.6728848,
              35.3115063
            ],
            [
              -120.6729354,
              35.3115263
            ],
            [
              -120.673061,
              35.3113147
            ],
            [
              -120.6730104,
              35.3112947
            ]
          ]
        ]
      },
      "id": "way/205393247"
    },
    {
      "type": "Feature",
      "properties": {
        "@id": "way/216889981",
        "building": "yes"
      },
      "geometry": {
        "type": "Polygon",
        "coordinates": [
          [
            [
              -120.6727518,
              35.3147417
            ],
            [
              -120.6727779,
              35.3147119
            ],
            [
              -120.672723,
              35.31468
            ],
            [
              -120.672697,
              35.3147099
            ],
            [
              -120.6727518,
              35.3147417
            ]
          ]
        ]
      },
      "id": "way/216889981"
    },
    {
      "type": "Feature",
      "properties": {
        "@id": "way/217198161",
        "building": "yes"
      },
      "geometry": {
        "type": "Polygon",
        "coordinates": [
          [
            [
              -120.6783378,
              35.3071214
            ],
            [
              -120.6784285,
              35.3070622
            ],
            [
              -120.6782211,
              35.3068506
            ],
            [
              -120.6781304,
              35.3069098
            ],
            [
              -120.6783378,
              35.3071214
            ]
          ]
        ]
      },
      "id": "way/217198161"
    },
    {
      "type": "Feature",
      "properties": {
        "@id": "way/803469317",
        "building": "yes"
      },
      "geometry": {
        "type": "Polygon",
        "coordinates": [
          [
            [
              -120.6737751,
              35.3119535
            ],
            [
              -120.6735847,
              35.3119524
            ],
            [
              -120.6735843,
              35.3119897
            ],
            [
              -120.6737479,
              35.3119907
            ],
            [
              -120.673747,
              35.3120964
            ],
            [
              -120.6737778,
              35.3120966
            ],
            [
              -120.6737751,
              35.3119535
            ]
          ]
        ]
      },
      "id": "way/803469317"
    },
    {
      "type": "Feature",
      "properties": {
        "@id": "way/865464125",
        "building": "yes"
      },
      "geometry": {
        "type": "Polygon",
        "coordinates": [
          [
            [
              -120.6718885,
              35.3121862
            ],
            [
              -120.671898,
              35.3121316
            ],
            [
              -120.6718722,
              35.3121286
            ],
            [
              -120.6718626,
              35.3121832
            ],
            [
              -120.6718885,
              35.3121862
            ]
          ]
        ]
      },
      "id": "way/865464125"
    },
    {
      "type": "Feature",
      "properties": {
        "@id": "way/865464126",
        "building": "yes"
      },
      "geometry": {
        "type": "Polygon",
        "coordinates": [
          [
            [
              -120.6719213,
              35.3121902
            ],
            [
              -120.6719298,
              35.3121352
            ],
            [
              -120.6719029,
              35.3121324
            ],
            [
              -120.6718944,
              35.3121875
            ],
            [
              -120.6719213,
              35.3121902
            ]
          ]
        ]
      },
      "id": "way/865464126"
    },
    {
      "type": "Feature",
      "properties": {
        "@id": "way/865464127",
        "building": "yes"
      },
      "geometry": {
        "type": "Polygon",
        "coordinates": [
          [
            [
              -120.6719542,
              35.3121941
            ],
            [
              -120.671962,
              35.3121374
            ],
            [
              -120.6719364,
              35.3121351
            ],
            [
              -120.6719286,
              35.3121918
            ],
            [
              -120.6719542,
              35.3121941
            ]
          ]
        ]
      },
      "id": "way/865464127"
    },
    {
      "type": "Feature",
      "properties": {
        "@id": "way/865464128",
        "building": "yes"
      },
      "geometry": {
        "type": "Polygon",
        "coordinates": [
          [
            [
              -120.6719908,
              35.312196
            ],
            [
              -120.6719982,
              35.3121395
            ],
            [
              -120.6719684,
              35.3121369
            ],
            [
              -120.671961,
              35.3121934
            ],
            [
              -120.6719908,
              35.312196
            ]
          ]
        ]
      },
      "id": "way/865464128"
    },
    {
      "type": "Feature",
      "properties": {
        "@id": "way/865472919",
        "building": "yes"
      },
      "geometry": {
        "type": "Polygon",
        "coordinates": [
          [
            [
              -120.6733403,
              35.3122014
            ],
            [
              -120.6733432,
              35.3121446
            ],
            [
              -120.6733157,
              35.3121437
            ],
            [
              -120.6733128,
              35.3122004
            ],
            [
              -120.6733403,
              35.3122014
            ]
          ]
        ]
      },
      "id": "way/865472919"
    },
    {
      "type": "Feature",
      "properties": {
        "@id": "way/865472920",
        "building": "yes"
      },
      "geometry": {
        "type": "Polygon",
        "coordinates": [
          [
            [
              -120.6733722,
              35.3122022
            ],
            [
              -120.6733755,
              35.3121461
            ],
            [
              -120.6733483,
              35.312145
            ],
            [
              -120.673345,
              35.3122011
            ],
            [
              -120.6733722,
              35.3122022
            ]
          ]
        ]
      },
      "id": "way/865472920"
    },
    {
      "type": "Feature",
      "properties": {
        "@id": "way/865472921",
        "building": "yes"
      },
      "geometry": {
        "type": "Polygon",
        "coordinates": [
          [
            [
              -120.6737805,
              35.312146
            ],
            [
              -120.6737809,
              35.3121034
            ],
            [
              -120.6737418,
              35.3121032
            ],
            [
              -120.6737428,
              35.311998
            ],
            [
              -120.6735797,
              35.311997
            ],
            [
              -120.6735803,
              35.3119312
            ],
            [
              -120.6735472,
              35.311931
            ],
            [
              -120.6735466,
              35.3119958
            ],
            [
              -120.6735447,
              35.3121947
            ],
            [
              -120.6736177,
              35.3121951
            ],
            [
              -120.6736181,
              35.312145
            ],
            [
              -120.6737805,
              35.312146
            ]
          ]
        ]
      },
      "id": "way/865472921"
    },
    {
      "type": "Feature",
      "properties": {
        "@id": "way/865472922",
        "building": "yes"
      },
      "geometry": {
        "type": "Polygon",
        "coordinates": [
          [
            [
              -120.6728111,
              35.3106172
            ],
            [
              -120.6728107,
              35.310589
            ],
            [
              -120.6727815,
              35.3105892
            ],
            [
              -120.6727819,
              35.3106174
            ],
            [
              -120.6728111,
              35.3106172
            ]
          ]
        ]
      },
      "id": "way/865472922"
    },
    {
      "type": "Feature",
      "properties": {
        "@id": "way/865472937",
        "building": "yes"
      },
      "geometry": {
        "type": "Polygon",
        "coordinates": [
          [
            [
              -120.6744661,
              35.3137682
            ],
            [
              -120.6743812,
              35.3138145
            ],
            [
              -120.6744139,
              35.3138544
            ],
            [
              -120.6744988,
              35.3138081
            ],
            [
              -120.6744661,
              35.3137682
            ]
          ]
        ]
      },
      "id": "way/865472937"
    },
    {
      "type": "Feature",
      "properties": {
        "@id": "way/865472938",
        "building": "yes"
      },
      "geometry": {
        "type": "Polygon",
        "coordinates": [
          [
            [
              -120.6745512,
              35.3137634
            ],
            [
              -120.6745318,
              35.3137391
            ],
            [
              -120.6744763,
              35.3137687
            ],
            [
              -120.6744958,
              35.3137929
            ],
            [
              -120.6745512,
              35.3137634
            ]
          ]
        ]
      },
      "id": "way/865472938"
    },
    {
      "type": "Feature",
      "properties": {
        "@id": "way/865472939",
        "building": "yes"
      },
      "geometry": {
        "type": "Polygon",
        "coordinates": [
          [
            [
              -120.6742821,
              35.3135919
            ],
            [
              -120.6742579,
              35.3135681
            ],
            [
              -120.6741768,
              35.313623
            ],
            [
              -120.674201,
              35.3136469
            ],
            [
              -120.6742821,
              35.3135919
            ]
          ]
        ]
      },
      "id": "way/865472939"
    },
    {
      "type": "Feature",
      "properties": {
        "@id": "way/865472940",
        "building": "yes"
      },
      "geometry": {
        "type": "Polygon",
        "coordinates": [
          [
            [
              -120.6743446,
              35.3135549
            ],
            [
              -120.6743193,
              35.31353
            ],
            [
              -120.6742699,
              35.3135635
            ],
            [
              -120.6742952,
              35.3135884
            ],
            [
              -120.6743446,
              35.3135549
            ]
          ]
        ]
      },
      "id": "way/865472940"
    },
    {
      "type": "Feature",
      "properties": {
        "@id": "way/865472941",
        "building": "yes"
      },
      "geometry": {
        "type": "Polygon",
        "coordinates": [
          [
            [
              -120.6739848,
              35.3136059
            ],
            [
              -120.6739278,
              35.3135816
            ],
            [
              -120.6739118,
              35.3136065
            ],
            [
              -120.6739689,
              35.3136308
            ],
            [
              -120.6739848,
              35.3136059
            ]
          ]
        ]
      },
      "id": "way/865472941"
    },
    {
      "type": "Feature",
      "properties": {
        "@id": "way/865472942",
        "building": "yes"
      },
      "geometry": {
        "type": "Polygon",
        "coordinates": [
          [
            [
              -120.6738305,
              35.3136238
            ],
            [
              -120.6737126,
              35.3135753
            ],
            [
              -120.6736808,
              35.3136269
            ],
            [
              -120.6737987,
              35.3136753
            ],
            [
              -120.6738305,
              35.3136238
            ]
          ]
        ]
      },
      "id": "way/865472942"
    },
    {
      "type": "Feature",
      "properties": {
        "@id": "way/865472943",
        "building": "yes"
      },
      "geometry": {
        "type": "Polygon",
        "coordinates": [
          [
            [
              -120.6739797,
              35.3136391
            ],
            [
              -120.6739305,
              35.3136163
            ],
            [
              -120.6739106,
              35.3136448
            ],
            [
              -120.6739597,
              35.3136677
            ],
            [
              -120.6739797,
              35.3136391
            ]
          ]
        ]
      },
      "id": "way/865472943"
    },
    {
      "type": "Feature",
      "properties": {
        "@id": "way/865472944",
        "building": "yes"
      },
      "geometry": {
        "type": "Polygon",
        "coordinates": [
          [
            [
              -120.6738593,
              35.3136642
            ],
            [
              -120.6738209,
              35.3136466
            ],
            [
              -120.6738013,
              35.3136752
            ],
            [
              -120.6738397,
              35.3136928
            ],
            [
              -120.6738593,
              35.3136642
            ]
          ]
        ]
      },
      "id": "way/865472944"
    },
    {
      "type": "Feature",
      "properties": {
        "@id": "way/865472945",
        "building": "yes"
      },
      "geometry": {
        "type": "Polygon",
        "coordinates": [
          [
            [
              -120.6738171,
              35.3137514
            ],
            [
              -120.6737316,
              35.3137233
            ],
            [
              -120.6737168,
              35.3137533
            ],
            [
              -120.6738023,
              35.3137814
            ],
            [
              -120.6738171,
              35.3137514
            ]
          ]
        ]
      },
      "id": "way/865472945"
    },
    {
      "type": "Feature",
      "properties": {
        "@id": "way/865472946",
        "building": "yes"
      },
      "geometry": {
        "type": "Polygon",
        "coordinates": [
          [
            [
              -120.6736657,
              35.3137014
            ],
            [
              -120.6736216,
              35.3136877
            ],
            [
              -120.6736036,
              35.3137261
            ],
            [
              -120.6736477,
              35.3137399
            ],
            [
              -120.6736657,
              35.3137014
            ]
          ]
        ]
      },
      "id": "way/865472946"
    },
    {
      "type": "Feature",
      "properties": {
        "@id": "way/865472947",
        "building": "yes"
      },
      "geometry": {
        "type": "Polygon",
        "coordinates": [
          [
            [
              -120.673746,
              35.3138832
            ],
            [
              -120.6737658,
              35.3138452
            ],
            [
              -120.6737376,
              35.3138354
            ],
            [
              -120.6737178,
              35.3138734
            ],
            [
              -120.673746,
              35.3138832
            ]
          ]
        ]
      },
      "id": "way/865472947"
    },
    {
      "type": "Feature",
      "properties": {
        "@id": "way/865472948",
        "building": "yes"
      },
      "geometry": {
        "type": "Polygon",
        "coordinates": [
          [
            [
              -120.6738267,
              35.3139207
            ],
            [
              -120.6737987,
              35.3139066
            ],
            [
              -120.673785,
              35.3139247
            ],
            [
              -120.6738129,
              35.3139388
            ],
            [
              -120.6738267,
              35.3139207
            ]
          ]
        ]
      },
      "id": "way/865472948"
    },
    {
      "type": "Feature",
      "properties": {
        "@id": "way/865472949",
        "building": "yes"
      },
      "geometry": {
        "type": "Polygon",
        "coordinates": [
          [
            [
              -120.6737592,
              35.3141345
            ],
            [
              -120.6737269,
              35.3141144
            ],
            [
              -120.6737039,
              35.3141389
            ],
            [
              -120.6737362,
              35.3141591
            ],
            [
              -120.6737592,
              35.3141345
            ]
          ]
        ]
      },
      "id": "way/865472949"
    },
    {
      "type": "Feature",
      "properties": {
        "@id": "way/865472950",
        "building": "yes"
      },
      "geometry": {
        "type": "Polygon",
        "coordinates": [
          [
            [
              -120.6741614,
              35.3141718
            ],
            [
              -120.6741416,
              35.3141496
            ],
            [
              -120.6741191,
              35.314163
            ],
            [
              -120.674139,
              35.3141852
            ],
            [
              -120.6741614,
              35.3141718
            ]
          ]
        ]
      },
      "id": "way/865472950"
    },
    {
      "type": "Feature",
      "properties": {
        "@id": "custom/dexter-lawn",
        "name": "Dexter Lawn",
        "leisure": "park"
      },
      "geometry": {
        "type": "Polygon",
        "coordinates": [
          [
            [-120.66386784159224, 35.30063895293772],
            [-120.66378680224688, 35.300353729145485],
            [-120.66277381043005, 35.30053974477623],
            [-120.66274088819591, 35.300566613664785],
            [-120.6626978360436, 35.30063895293772],
            [-120.66268010868691, 35.30066375495876],
            [-120.66273329075739, 35.30084356938656],
            [-120.66386784159224, 35.30063895293772]
          ]
        ]
      },
      "id": "custom/dexter-lawn"
    },
    {
      "type": "Feature",
      "properties": {
        "@id": "custom/subway-dexter",
        "name": "Subway (Dexter)",
        "amenity": "fast_food",
        "brand": "Subway",
        "cuisine": "sandwich"
      },
      "geometry": {
        "type": "Polygon",
        "coordinates": [
          [
            [-120.66327011247247, 35.30088140836733],
            [-120.6632954999136, 35.30097384880172],
            [-120.66335408631684, 35.300962692203484],
            [-120.66332967531567, 35.300872642459126],
            [-120.66327011247247, 35.30088140836733]
          ]
        ]
      },
      "id": "custom/subway-dexter"
    }
  ]
}