{
  "type": "FeatureCollection",
  "generator": "overpass-turbo",
  "copyright": "The data included in this document is from www.openstreetmap.org. The data is made available under ODbL.",
  "timestamp": "2026-02-03T05:24:01Z",
  "features": [
    {
      "type": "Feature",
      "properties": {
        "@id": "way/31274718",
        "addr:city": "San Luis Obispo",
        "addr:postcode": "93407",
        "addr:street": "Grand",
        "building": "dormitory",
        "building:levels": "2",
        "name": "100 Shasta Hall",
        "ref": "100"
      },
      "geometry": {
        "type": "Polygon",
        "coordinates": [
          [
            [
              -120.6587943,
              35.3026699
            ],
            [
              -120.6584754,
              35.3030818
            ],
            [
              -120.658595,
              35.3031434
            ],
            [
              -120.6589132,
              35.3027306
            ],
            [
              -120.6587943,
              35.3026699
            ]
          ]
        ]
      },
      "id": "way/31274718"
    },
    {
      "type": "Feature",
      "properties": {
        "@id": "way/31274721",
        "addr:city": "San Luis Obispo",
        "addr:postcode": "93407",
        "addr:street": "Grand",
        "building": "dormitory",
        "building:levels": "2",
        "name": "101 Diablo Hall",
        "ref": "101"
      },
      "geometry": {
        "type": "Polygon",
        "coordinates": [
          [
            [
              -120.6581936,
              35.3033956
            ],
            [
              -120.6583233,
              35.3029036
            ],
            [
              -120.6581826,
              35.3028786
            ],
            [
              -120.6580593,
              35.3033699
            ],
            [
              -120.6581936,
              35.3033956
            ]
          ]
        ]
      },
      "id": "way/31274721"
    },
    {
      "type": "Feature",
      "properties": {
        "@id": "way/31274732",
        "addr:city": "San Luis Obispo",
        "addr:postcode": "93407",
        "addr:street": "Grand",
        "building": "dormitory",
        "building:levels": "2",
        "name": "102 Palomar Hall",
        "ref": "102"
      },
      "geometry": {
        "type": "Polygon",
        "coordinates": [
          [
            [
              -120.6578411,
              35.3032783
            ],
            [
              -120.6576021,
              35.3028278
            ],
            [
              -120.6574779,
              35.3028681
            ],
            [
              -120.6577073,
              35.3033219
            ],
            [
              -120.6578411,
              35.3032783
            ]
          ]
        ]
      },
      "id": "way/31274732"
    },
    {
      "type": "Feature",
      "properties": {
        "@id": "way/31560773",
        "addr:city": "San Luis Obispo",
        "addr:postcode": "93407",
        "addr:street": "Grand",
        "building": "university",
        "name": "Old Power House",
        "ref": "76"
      },
      "geometry": {
        "type": "Polygon",
        "coordinates": [
          [
            [
              -120.6636243,
              35.2989329
            ],
            [
              -120.6634791,
              35.2989607
            ],
            [
              -120.6635035,
              35.2990455
            ],
            [
              -120.6633761,
              35.2990699
            ],
            [
              -120.6634011,
              35.2991568
            ],
            [
              -120.6635199,
              35.299134
            ],
            [
              -120.6635323,
              35.2991771
            ],
            [
              -120.6636861,
              35.2991476
            ],
            [
              -120.6636243,
              35.2989329
            ]
          ]
        ]
      },
      "id": "way/31560773"
    },
    {
      "type": "Feature",
      "properties": {
        "@id": "way/35152829",
        "addr:city": "San Luis Obispo",
        "addr:postcode": "93407",
        "addr:street": "Grand",
        "building": "university",
        "name": "Farm Shop",
        "ref": "09"
      },
      "geometry": {
        "type": "Polygon",
        "coordinates": [
          [
            [
              -120.6626759,
              35.3046327
            ],
            [
              -120.6625398,
              35.3041561
            ],
            [
              -120.6619413,
              35.30427
            ],
            [
              -120.6620325,
              35.3045894
            ],
            [
              -120.6623675,
              35.3045257
            ],
            [
              -120.6623828,
              35.3045793
            ],
            [
              -120.6624454,
              35.3045673
            ],
            [
              -120.662475,
              35.3046709
            ],
            [
              -120.6626759,
              35.3046327
            ]
          ]
        ]
      },
      "id": "way/35152829"
    },
    {
      "type": "Feature",
      "properties": {
        "@id": "way/38899881",
        "addr:city": "San Luis Obispo",
        "addr:housenumber": "192",
        "addr:postcode": "93407",
        "addr:street": "Grand",
        "building": "university",
        "name": "Engineering IV",
        "ref": "192"
      },
      "geometry": {
        "type": "Polygon",
        "coordinates": [
          [
            [
              -120.665296,
              35.3024098
            ],
            [
              -120.6649912,
              35.302484
            ],
            [
              -120.6650408,
              35.3026541
            ],
            [
              -120.6649954,
              35.3026826
            ],
            [
              -120.6649476,
              35.3026508
            ],
            [
              -120.6647041,
              35.3028498
            ],
            [
              -120.6642452,
              35.3030839
            ],
            [
              -120.6642969,
              35.303166
            ],
            [
              -120.6642639,
              35.3031939
            ],
            [
              -120.6643328,
              35.3032576
            ],
            [
              -120.6642577,
              35.3033043
            ],
            [
              -120.6642884,
              35.3033317
            ],
            [
              -120.6643346,
              35.3033038
            ],
            [
              -120.664467,
              35.3034291
            ],
            [
              -120.6645809,
              35.3033067
            ],
            [
              -120.664566,
              35.3032856
            ],
            [
              -120.6650202,
              35.3029965
            ],
            [
              -120.6651123,
              35.3029402
            ],
            [
              -120.6651583,
              35.3029214
            ],
            [
              -120.6652364,
              35.3029151
            ],
            [
              -120.6653255,
              35.3028971
            ],
            [
              -120.6653186,
              35.3028632
            ],
            [
              -120.6654204,
              35.3028383
            ],
            [
              -120.665296,
              35.3024098
            ]
          ]
        ]
      },
      "id": "way/38899881"
    },
    {
      "type": "Feature",
      "properties": {
        "@id": "way/38899882",
        "addr:city": "San Luis Obispo",
        "addr:housenumber": "197",
        "addr:postcode": "93407",
        "addr:street": "Grand",
        "building": "university",
        "name": "Bonderson Projects Center",
        "ref": "197"
      },
      "geometry": {
        "type": "Polygon",
        "coordinates": [
          [
            [
              -120.6644849,
              35.3023148
            ],
            [
              -120.6644348,
              35.3023245
            ],
            [
              -120.6644217,
              35.3022795
            ],
            [
              -120.6638899,
              35.3023824
            ],
            [
              -120.6639509,
              35.3025926
            ],
            [
              -120.6638504,
              35.3026121
            ],
            [
              -120.6638595,
              35.3026434
            ],
            [
              -120.6639453,
              35.3026268
            ],
            [
              -120.6639652,
              35.3026956
            ],
            [
              -120.6643644,
              35.3026184
            ],
            [
              -120.6643522,
              35.3025766
            ],
            [
              -120.6645499,
              35.3025384
            ],
            [
              -120.6644849,
              35.3023148
            ]
          ]
        ]
      },
      "id": "way/38899882"
    },
    {
      "type": "Feature",
      "properties": {
        "@id": "way/38899884",
        "addr:city": "San Luis Obispo",
        "addr:housenumber": "007",
        "addr:postcode": "93407",
        "addr:street": "Grand",
        "building": "university",
        "name": "Advanced Technologies Laboratory",
        "ref": "07"
      },
      "geometry": {
        "type": "Polygon",
        "coordinates": [
          [
            [
              -120.6653666,
              35.3020302
            ],
            [
              -120.6652643,
              35.3020499
            ],
            [
              -120.6648134,
              35.3021371
            ],
            [
              -120.6648067,
              35.3021138
            ],
            [
              -120.6647201,
              35.3021306
            ],
            [
              -120.6647671,
              35.3022928
            ],
            [
              -120.664809,
              35.3022847
            ],
            [
              -120.6648324,
              35.3023654
            ],
            [
              -120.6654304,
              35.3022498
            ],
            [
              -120.665404,
              35.3021605
            ],
            [
              -120.6653693,
              35.3020417
            ],
            [
              -120.6653666,
              35.3020302
            ]
          ]
        ]
      },
      "id": "way/38899884"
    },
    {
      "type": "Feature",
      "properties": {
        "@id": "way/38939878",
        "addr:city": "San Luis Obispo",
        "addr:postcode": "93407",
        "addr:street": "Grand",
        "building": "university",
        "name": "Engineering South",
        "ref": "40"
      },
      "geometry": {
        "type": "Polygon",
        "coordinates": [
          [
            [
              -120.6611293,
              35.2992123
            ],
            [
              -120.6610919,
              35.2990758
            ],
            [
              -120.6610697,
              35.2990798
            ],
            [
              -120.6610574,
              35.2990348
            ],
            [
              -120.6605919,
              35.2991198
            ],
            [
              -120.660737,
              35.2996491
            ],
            [
              -120.6609338,
              35.2996131
            ],
            [
              -120.6608592,
              35.2993411
            ],
            [
              -120.6611386,
              35.2992901
            ],
            [
              -120.6611178,
              35.2992144
            ],
            [
              -120.6611293,
              35.2992123
            ]
          ]
        ]
      },
      "id": "way/38939878"
    },
    {
      "type": "Feature",
      "properties": {
        "@id": "way/38939879",
        "addr:city": "San Luis Obispo",
        "addr:postcode": "93407",
        "addr:street": "Grand",
        "building": "university",
        "name": "Graphic Arts",
        "ref": "26"
      },
      "geometry": {
        "type": "Polygon",
        "coordinates": [
          [
            [
              -120.6621679,
              35.2995074
            ],
            [
              -120.6620457,
              35.2990672
            ],
            [
              -120.6619464,
              35.2990856
            ],
            [
              -120.6619414,
              35.2990674
            ],
            [
              -120.6619369,
              35.2990512
            ],
            [
              -120.6618263,
              35.2990716
            ],
            [
              -120.6618218,
              35.2990556
            ],
            [
              -120.6613326,
              35.2991462
            ],
            [
              -120.6614438,
              35.2995464
            ],
            [
              -120.6619244,
              35.2994575
            ],
            [
              -120.6619494,
              35.2995478
            ],
            [
              -120.6621679,
              35.2995074
            ]
          ]
        ]
      },
      "id": "way/38939879"
    },
    {
      "type": "Feature",
      "properties": {
        "@id": "way/38939880",
        "building": "university",
        "name": "Printing Press"
      },
      "geometry": {
        "type": "Polygon",
        "coordinates": [
          [
            [
              -120.6612912,
              35.299267
            ],
            [
              -120.6611353,
              35.2992961
            ],
            [
              -120.6611964,
              35.2995144
            ],
            [
              -120.6613523,
              35.2994853
            ],
            [
              -120.6612912,
              35.299267
            ]
          ]
        ]
      },
      "id": "way/38939880"
    },
    {
      "type": "Feature",
      "properties": {
        "@id": "way/38939881",
        "addr:city": "San Luis Obispo",
        "addr:postcode": "93407",
        "addr:street": "Grand",
        "building": "university",
        "building:levels": "1",
        "name": "Engineering East",
        "ref": "20"
      },
      "geometry": {
        "type": "Polygon",
        "coordinates": [
          [
            [
              -120.6614679,
              35.2996938
            ],
            [
              -120.6610186,
              35.2999677
            ],
            [
              -120.66092,
              35.3000279
            ],
            [
              -120.6614038,
              35.3005631
            ],
            [
              -120.6617281,
              35.3009234
            ],
            [
              -120.6618371,
              35.3008626
            ],
            [
              -120.662196,
              35.3006456
            ],
            [
              -120.6621212,
              35.3005632
            ],
            [
              -120.6620464,
              35.3004808
            ],
            [
              -120.6619859,
              35.3005175
            ],
            [
              -120.6619507,
              35.300539
            ],
            [
              -120.6618953,
              35.3005728
            ],
            [
              -120.6617891,
              35.3006378
            ],
            [
              -120.6617788,
              35.3006269
            ],
            [
              -120.6617568,
              35.3006035
            ],
            [
              -120.661749,
              35.3005953
            ],
            [
              -120.6616871,
              35.3005281
            ],
            [
              -120.661791,
              35.3004646
            ],
            [
              -120.6620353,
              35.3003157
            ],
            [
              -120.661957,
              35.3002309
            ],
            [
              -120.6618885,
              35.3001568
            ],
            [
              -120.661551,
              35.3003661
            ],
            [
              -120.6612819,
              35.3000756
            ],
            [
              -120.6616207,
              35.299872
            ],
            [
              -120.6615315,
              35.299768
            ],
            [
              -120.6614679,
              35.2996938
            ]
          ]
        ]
      },
      "id": "way/38939881"
    },
    {
      "type": "Feature",
      "properties": {
        "@id": "way/38939882",
        "addr:city": "San Luis Obispo",
        "addr:postcode": "93407",
        "addr:street": "Grand",
        "building": "university",
        "name": "Bert and Candace Forbes Center for Excellence",
        "ref": "20A"
      },
      "geometry": {
        "type": "Polygon",
        "coordinates": [
          [
            [
              -120.6615658,
              35.2999773
            ],
            [
              -120.6613808,
              35.3000917
            ],
            [
              -120.6615517,
              35.3002758
            ],
            [
              -120.6617367,
              35.3001614
            ],
            [
              -120.6615658,
              35.2999773
            ]
          ]
        ]
      },
      "id": "way/38939882"
    },
    {
      "type": "Feature",
      "properties": {
        "@id": "way/38939883",
        "addr:city": "San Luis Obispo",
        "addr:postcode": "93407",
        "addr:street": "Grand",
        "building": "university",
        "building:levels": "3",
        "name": "Frank E. Pilling Building",
        "ref": "14"
      },
      "geometry": {
        "type": "Polygon",
        "coordinates": [
          [
            [
              -120.6623093,
              35.2997652
            ],
            [
              -120.6617888,
              35.2998634
            ],
            [
              -120.6618015,
              35.2999117
            ],
            [
              -120.6617103,
              35.2999314
            ],
            [
              -120.6617227,
              35.2999667
            ],
            [
              -120.6617669,
              35.2999626
            ],
            [
              -120.6617923,
              35.3000555
            ],
            [
              -120.6621161,
              35.300004
            ],
            [
              -120.662188,
              35.3003312
            ],
            [
              -120.662192,
              35.3003494
            ],
            [
              -120.6621046,
              35.3003728
            ],
            [
              -120.6621268,
              35.3004502
            ],
            [
              -120.6621631,
              35.3004418
            ],
            [
              -120.662184,
              35.3005202
            ],
            [
              -120.6625299,
              35.3004579
            ],
            [
              -120.6625097,
              35.3003809
            ],
            [
              -120.6624903,
              35.3003021
            ],
            [
              -120.6624246,
              35.3003153
            ],
            [
              -120.6624137,
              35.3002823
            ],
            [
              -120.6624064,
              35.3002578
            ],
            [
              -120.6623166,
              35.2999622
            ],
            [
              -120.6624158,
              35.2999409
            ],
            [
              -120.6623837,
              35.2998443
            ],
            [
              -120.6624395,
              35.2998335
            ],
            [
              -120.6624285,
              35.2997925
            ],
            [
              -120.6623326,
              35.2998146
            ],
            [
              -120.6623093,
              35.2997652
            ]
          ]
        ]
      },
      "id": "way/38939883"
    },
    {
      "type": "Feature",
      "properties": {
        "@id": "way/38939884",
        "addr:city": "San Luis Obispo",
        "addr:postcode": "93407",
        "addr:street": "Grand",
        "building": "university",
        "name": "Engineering West Addition",
        "ref": "21A"
      },
      "geometry": {
        "type": "Polygon",
        "coordinates": [
          [
            [
              -120.6634899,
              35.2995546
            ],
            [
              -120.6631581,
              35.299614
            ],
            [
              -120.6631399,
              35.2996172
            ],
            [
              -120.6631238,
              35.2996201
            ],
            [
              -120.6626758,
              35.2997035
            ],
            [
              -120.6626689,
              35.2996675
            ],
            [
              -120.6625638,
              35.2996875
            ],
            [
              -120.662585,
              35.2997472
            ],
            [
              -120.6625569,
              35.2997527
            ],
            [
              -120.6626892,
              35.3002018
            ],
            [
              -120.6626947,
              35.3002208
            ],
            [
              -120.6627043,
              35.3002518
            ],
            [
              -120.6628692,
              35.3002212
            ],
            [
              -120.6628601,
              35.3001911
            ],
            [
              -120.6627545,
              35.2998329
            ],
            [
              -120.6632594,
              35.2997407
            ],
            [
              -120.6632739,
              35.2997886
            ],
            [
              -120.6634904,
              35.2997484
            ],
            [
              -120.6635092,
              35.2998183
            ],
            [
              -120.6634372,
              35.2998312
            ],
            [
              -120.6634403,
              35.2998426
            ],
            [
              -120.6633275,
              35.2998627
            ],
            [
              -120.6633627,
              35.2999824
            ],
            [
              -120.6635363,
              35.2999509
            ],
            [
              -120.6635592,
              35.3000363
            ],
            [
              -120.6637054,
              35.3000102
            ],
            [
              -120.6637022,
              35.2999982
            ],
            [
              -120.6639125,
              35.2999606
            ],
            [
              -120.6638782,
              35.2998329
            ],
            [
              -120.6637937,
              35.299851
            ],
            [
              -120.6638018,
              35.2998876
            ],
            [
              -120.6636739,
              35.2999085
            ],
            [
              -120.6635873,
              35.2996258
            ],
            [
              -120.663811,
              35.2995861
            ],
            [
              -120.6637722,
              35.299434
            ],
            [
              -120.6636057,
              35.2994682
            ],
            [
              -120.6636172,
              35.2994935
            ],
            [
              -120.6634838,
              35.2995183
            ],
            [
              -120.6634899,
              35.2995546
            ]
          ]
        ]
      },
      "id": "way/38939884"
    },
    {
      "type": "Feature",
      "properties": {
        "@id": "way/38939886",
        "addr:city": "San Luis Obispo",
        "addr:housenumber": "21",
        "addr:postcode": "93407",
        "addr:state": "CA",
        "addr:street": "North Poly View Drive",
        "building": "university",
        "building:levels": "2",
        "email": "arce@calpoly.edu",
        "fax": "+1 805-756-6054",
        "name": "Engineering West: Architectural Engineering",
        "phone": "+1 805-756-1314",
        "university-function": "academic school or college",
        "website": "https://arce.calpoly.edu/"
      },
      "geometry": {
        "type": "Polygon",
        "coordinates": [
          [
            [
              -120.6631677,
              35.3001646
            ],
            [
              -120.6631037,
              35.3001764
            ],
            [
              -120.6630905,
              35.3001282
            ],
            [
              -120.6630113,
              35.3001452
            ],
            [
              -120.6630251,
              35.3001913
            ],
            [
              -120.6628692,
              35.3002212
            ],
            [
              -120.6627043,
              35.3002518
            ],
            [
              -120.6626388,
              35.3002663
            ],
            [
              -120.6626858,
              35.3004304
            ],
            [
              -120.6632192,
              35.300336
            ],
            [
              -120.6631873,
              35.3002328
            ],
            [
              -120.6631836,
              35.3002179
            ],
            [
              -120.6631785,
              35.3002026
            ],
            [
              -120.6631677,
              35.3001646
            ]
          ]
        ]
      },
      "id": "way/38939886"
    },
    {
      "type": "Feature",
      "properties": {
        "@id": "way/38939888",
        "addr:city": "San Luis Obispo",
        "addr:housenumber": "34",
        "addr:postcode": "93407",
        "addr:street": "Grand",
        "building": "university",
        "name": "Walter F. Dexter Building",
        "ref": "34"
      },
      "geometry": {
        "type": "Polygon",
        "coordinates": [
          [
            [
              -120.6629305,
              35.301106
            ],
            [
              -120.662945,
              35.3011603
            ],
            [
              -120.6629142,
              35.3011681
            ],
            [
              -120.6629262,
              35.3012122
            ],
            [
              -120.6629554,
              35.3012091
            ],
            [
              -120.6630197,
              35.3014468
            ],
            [
              -120.6640005,
              35.3012698
            ],
            [
              -120.6639602,
              35.3011016
            ],
            [
              -120.6640654,
              35.3010817
            ],
            [
              -120.6640343,
              35.3009581
            ],
            [
              -120.6640109,
              35.3009624
            ],
            [
              -120.6639649,
              35.3007613
            ],
            [
              -120.6638479,
              35.3007786
            ],
            [
              -120.6638527,
              35.3007958
            ],
            [
              -120.6635505,
              35.3008521
            ],
            [
              -120.6635438,
              35.3008281
            ],
            [
              -120.6634835,
              35.3008393
            ],
            [
              -120.6634139,
              35.3008522
            ],
            [
              -120.6633885,
              35.3007651
            ],
            [
              -120.6632456,
              35.3007906
            ],
            [
              -120.6632979,
              35.3009858
            ],
            [
              -120.6633154,
              35.3010457
            ],
            [
              -120.6631417,
              35.3010776
            ],
            [
              -120.6631387,
              35.3010672
            ],
            [
              -120.6629305,
              35.301106
            ]
          ]
        ]
      },
      "id": "way/38939888"
    },
    {
      "type": "Feature",
      "properties": {
        "@id": "way/45599071",
        "addr:city": "San Luis Obispo",
        "addr:postcode": "93407",
        "addr:street": "Grand",
        "building": "university",
        "building:levels": "2",
        "name": "Davidson Music Center",
        "official_name": "H. P. Davidson Music Center",
        "ref": "45"
      },
      "geometry": {
        "type": "Polygon",
        "coordinates": [
          [
            [
              -120.6578997,
              35.2994835
            ],
            [
              -120.6578176,
              35.2995231
            ],
            [
              -120.6578798,
              35.299609
            ],
            [
              -120.6578568,
              35.2996201
            ],
            [
              -120.657896,
              35.2996743
            ],
            [
              -120.6580093,
              35.2996197
            ],
            [
              -120.6581322,
              35.2995605
            ],
            [
              -120.6583028,
              35.2994782
            ],
            [
              -120.657965,
              35.2990116
            ],
            [
              -120.6578659,
              35.2990594
            ],
            [
              -120.6578373,
              35.2990198
            ],
            [
              -120.6577507,
              35.2990616
            ],
            [
              -120.6577777,
              35.2990989
            ],
            [
              -120.6576618,
              35.2991548
            ],
            [
              -120.6578997,
              35.2994835
            ]
          ]
        ]
      },
      "id": "way/45599071"
    },
    {
      "type": "Feature",
      "properties": {
        "@id": "way/45599074",
        "addr:city": "San Luis Obispo",
        "addr:postcode": "93407",
        "addr:street": "Grand",
        "building": "university",
        "name": "Robert E. Mott Physical Education",
        "ref": "42"
      },
      "geometry": {
        "type": "Polygon",
        "coordinates": [
          [
            [
              -120.6585142,
              35.2992021
            ],
            [
              -120.6589459,
              35.298995
            ],
            [
              -120.6589789,
              35.2990415
            ],
            [
              -120.6591717,
              35.2989503
            ],
            [
              -120.6591333,
              35.2988963
            ],
            [
              -120.6594094,
              35.2987656
            ],
            [
              -120.6591123,
              35.2983472
            ],
            [
              -120.6588295,
              35.298481
            ],
            [
              -120.658811,
              35.298455
            ],
            [
              -120.6583848,
              35.2986567
            ],
            [
              -120.658404,
              35.2986837
            ],
            [
              -120.6582095,
              35.2987757
            ],
            [
              -120.6585142,
              35.2992021
            ]
          ]
        ]
      },
      "id": "way/45599074"
    },
    {
      "type": "Feature",
      "properties": {
        "@id": "way/45599075",
        "addr:city": "San Luis Obispo",
        "addr:postcode": "93407",
        "addr:street": "Grand",
        "building": "dormitory",
        "name": "113A Sierra Madre Hall: Tower 0"
      },
      "geometry": {
        "type": "Polygon",
        "coordinates": [
          [
            [
              -120.6550425,
              35.2992363
            ],
            [
              -120.6550535,
              35.2992615
            ],
            [
              -120.6552732,
              35.2991972
            ],
            [
              -120.6552621,
              35.2991718
            ],
            [
              -120.6553367,
              35.2991499
            ],
            [
              -120.6553131,
              35.299096
            ],
            [
              -120.6552704,
              35.2991085
            ],
            [
              -120.6552477,
              35.2990567
            ],
            [
              -120.6552139,
              35.2990666
            ],
            [
              -120.6552025,
              35.2990407
            ],
            [
              -120.6549851,
              35.2991042
            ],
            [
              -120.6549969,
              35.2991311
            ],
            [
              -120.6549226,
              35.2991528
            ],
            [
              -120.6549459,
              35.299206
            ],
            [
              -120.6549886,
              35.2991935
            ],
            [
              -120.6550114,
              35.2992454
            ],
            [
              -120.6550425,
              35.2992363
            ]
          ]
        ]
      },
      "id": "way/45599075"
    },
    {
      "type": "Feature",
      "properties": {
        "@id": "way/45599078",
        "addr:city": "San Luis Obispo",
        "addr:postcode": "93407",
        "addr:street": "Grand",
        "building": "dormitory",
        "name": "113C Sierra Madre Hall: Tower 2",
        "smoking": "no",
        "wheelchair": "no"
      },
      "geometry": {
        "type": "Polygon",
        "coordinates": [
          [
            [
              -120.6547369,
              35.2993086
            ],
            [
              -120.65472,
              35.2992694
            ],
            [
              -120.6547834,
              35.2992512
            ],
            [
              -120.6547722,
              35.2992252
            ],
            [
              -120.6548044,
              35.299216
            ],
            [
              -120.6547281,
              35.2990391
            ],
            [
              -120.6546959,
              35.2990483
            ],
            [
              -120.6546696,
              35.2989872
            ],
            [
              -120.6546037,
              35.2990061
            ],
            [
              -120.6546182,
              35.2990399
            ],
            [
              -120.6545555,
              35.2990579
            ],
            [
              -120.6545681,
              35.2990872
            ],
            [
              -120.6545364,
              35.2990963
            ],
            [
              -120.654614,
              35.2992764
            ],
            [
              -120.6546474,
              35.2992668
            ],
            [
              -120.6546732,
              35.2993268
            ],
            [
              -120.6547369,
              35.2993086
            ]
          ]
        ]
      },
      "id": "way/45599078"
    },
    {
      "type": "Feature",
      "properties": {
        "@id": "way/45600366",
        "building": "yes",
        "university-function": "academic school or college"
      },
      "geometry": {
        "type": "Polygon",
        "coordinates": [
          [
            [
              -120.6634198,
              35.3038669
            ],
            [
              -120.6633643,
              35.3036583
            ],
            [
              -120.6632922,
              35.3036678
            ],
            [
              -120.6633495,
              35.3038779
            ],
            [
              -120.6634198,
              35.3038669
            ]
          ]
        ]
      },
      "id": "way/45600366"
    },
    {
      "type": "Feature",
      "properties": {
        "@id": "way/45600370",
        "addr:city": "San Luis Obispo",
        "addr:housenumber": "21",
        "addr:postcode": "93407-0283",
        "addr:state": "CA",
        "addr:street": "North Poly View Drive",
        "building": "university",
        "building:levels": "2",
        "description": "Home of the glorious and world-renowned City and Regional Planning department under the College of Architecture and Environmental Design in Cal Poly.",
        "email": "crp@calpoly.edu",
        "fax": "+1 805-756-1340",
        "name": "Engineering West: City and Regional Planning",
        "phone": "+1 805-756-1315",
        "university-function": "academic school or college",
        "website": "https://planning.calpoly.edu/",
        "wheelchair": "yes"
      },
      "geometry": {
        "type": "Polygon",
        "coordinates": [
          [
            [
              -120.6638778,
              35.3002101
            ],
            [
              -120.6638519,
              35.3001085
            ],
            [
              -120.6638977,
              35.3000994
            ],
            [
              -120.6638759,
              35.3000274
            ],
            [
              -120.6632938,
              35.3001302
            ],
            [
              -120.6633064,
              35.3001767
            ],
            [
              -120.6633115,
              35.3001927
            ],
            [
              -120.6633162,
              35.3002085
            ],
            [
              -120.6633464,
              35.3003067
            ],
            [
              -120.6638778,
              35.3002101
            ]
          ]
        ]
      },
      "id": "way/45600370"
    },
    {
      "type": "Feature",
      "properties": {
        "@id": "way/45600372",
        "building": "yes"
      },
      "geometry": {
        "type": "Polygon",
        "coordinates": [
          [
            [
              -120.6633568,
              35.3000745
            ],
            [
              -120.663281,
              35.2997915
            ],
            [
              -120.6632706,
              35.2997916
            ],
            [
              -120.663262,
              35.2997653
            ],
            [
              -120.6632006,
              35.2997791
            ],
            [
              -120.6632796,
              35.3000874
            ],
            [
              -120.6633568,
              35.3000745
            ]
          ]
        ]
      },
      "id": "way/45600372"
    },
    {
      "type": "Feature",
      "properties": {
        "@id": "way/45600373",
        "addr:city": "San Luis Obispo",
        "addr:postcode": "93407",
        "addr:street": "Grand",
        "building": "university",
        "leisure": "sports_hall",
        "name": "Crandall Gymnasium",
        "ref": "60"
      },
      "geometry": {
        "type": "Polygon",
        "coordinates": [
          [
            [
              -120.6643854,
              35.2996253
            ],
            [
              -120.6643698,
              35.2995674
            ],
            [
              -120.6643246,
              35.2994
            ],
            [
              -120.6644105,
              35.2993846
            ],
            [
              -120.6643975,
              35.2993362
            ],
            [
              -120.6642247,
              35.2993671
            ],
            [
              -120.663925,
              35.299421
            ],
            [
              -120.6639328,
              35.29945
            ],
            [
              -120.6639197,
              35.2994524
            ],
            [
              -120.6639697,
              35.299638
            ],
            [
              -120.6639844,
              35.2996353
            ],
            [
              -120.6640003,
              35.2996945
            ],
            [
              -120.6643854,
              35.2996253
            ]
          ]
        ]
      },
      "id": "way/45600373"
    },
    {
      "type": "Feature",
      "properties": {
        "@id": "way/45600382",
        "addr:city": "San Luis Obispo",
        "addr:postcode": "93407",
        "addr:street": "Grand",
        "building": "university",
        "name": "Aero Hanger",
        "ref": "04A"
      },
      "geometry": {
        "type": "Polygon",
        "coordinates": [
          [
            [
              -120.6649723,
              35.3056017
            ],
            [
              -120.6646467,
              35.3053751
            ],
            [
              -120.6644248,
              35.3055899
            ],
            [
              -120.6647461,
              35.3058122
            ],
            [
              -120.6649723,
              35.3056017
            ]
          ]
        ]
      },
      "id": "way/45600382"
    },
    {
      "type": "Feature",
      "properties": {
        "@id": "way/45600383",
        "building": "yes",
        "name": "04E- Aero Hazardous Material Storage"
      },
      "geometry": {
        "type": "Polygon",
        "coordinates": [
          [
            [
              -120.6653255,
              35.3055719
            ],
            [
              -120.6653685,
              35.3055399
            ],
            [
              -120.6653285,
              35.3055089
            ],
            [
              -120.6652844,
              35.30554
            ],
            [
              -120.6653255,
              35.3055719
            ]
          ]
        ]
      },
      "id": "way/45600383"
    },
    {
      "type": "Feature",
      "properties": {
        "@id": "way/45600385",
        "building": "university",
        "name": "Research Development Center",
        "ref": "04"
      },
      "geometry": {
        "type": "Polygon",
        "coordinates": [
          [
            [
              -120.6652027,
              35.3053703
            ],
            [
              -120.6648875,
              35.3051498
            ],
            [
              -120.6646699,
              35.305357
            ],
            [
              -120.6649851,
              35.3055775
            ],
            [
              -120.6652027,
              35.3053703
            ]
          ]
        ]
      },
      "id": "way/45600385"
    },
    {
      "type": "Feature",
      "properties": {
        "@id": "way/45600386",
        "building": "yes",
        "name": "Public Safety Lab",
        "ref": "04C"
      },
      "geometry": {
        "type": "Polygon",
        "coordinates": [
          [
            [
              -120.664418,
              35.3054287
            ],
            [
              -120.664483,
              35.3054728
            ],
            [
              -120.6645663,
              35.3053911
            ],
            [
              -120.6645016,
              35.3053471
            ],
            [
              -120.6644807,
              35.3053676
            ],
            [
              -120.6644498,
              35.3053466
            ],
            [
              -120.664419,
              35.3053768
            ],
            [
              -120.6644497,
              35.3053976
            ],
            [
              -120.664418,
              35.3054287
            ]
          ]
        ]
      },
      "id": "way/45600386"
    },
    {
      "type": "Feature",
      "properties": {
        "@id": "way/45600387",
        "building": "yes",
        "name": "Aero Storage",
        "ref": "04R"
      },
      "geometry": {
        "type": "Polygon",
        "coordinates": [
          [
            [
              -120.6644156,
              35.3055798
            ],
            [
              -120.664483,
              35.3055117
            ],
            [
              -120.6644546,
              35.305493
            ],
            [
              -120.6644687,
              35.3054788
            ],
            [
              -120.6644158,
              35.3054439
            ],
            [
              -120.6643879,
              35.3054721
            ],
            [
              -120.6643532,
              35.3054492
            ],
            [
              -120.6642996,
              35.3055033
            ],
            [
              -120.6644156,
              35.3055798
            ]
          ]
        ]
      },
      "id": "way/45600387"
    },
    {
      "type": "Feature",
      "properties": {
        "@id": "way/45600389",
        "addr:city": "San Luis Obispo",
        "addr:postcode": "93407",
        "addr:street": "Grand",
        "building": "university",
        "building:levels": "2",
        "building:use": "education",
        "name": "Mathematics and Science (38)"
      },
      "geometry": {
        "type": "Polygon",
        "coordinates": [
          [
            [
              -120.6623078,
              35.3022128
            ],
            [
              -120.6624172,
              35.3021905
            ],
            [
              -120.6625321,
              35.3021673
            ],
            [
              -120.6625254,
              35.3021402
            ],
            [
              -120.6625932,
              35.3021258
            ],
            [
              -120.6625655,
              35.3020104
            ],
            [
              -120.6624949,
              35.3020225
            ],
            [
              -120.662336,
              35.3014583
            ],
            [
              -120.6623182,
              35.3013984
            ],
            [
              -120.6622561,
              35.3014105
            ],
            [
              -120.6621807,
              35.3011525
            ],
            [
              -120.6624708,
              35.3009773
            ],
            [
              -120.6624231,
              35.3009215
            ],
            [
              -120.6623718,
              35.3008595
            ],
            [
              -120.6618236,
              35.3011959
            ],
            [
              -120.6618758,
              35.3012558
            ],
            [
              -120.6619231,
              35.3013128
            ],
            [
              -120.6620898,
              35.3012119
            ],
            [
              -120.6621497,
              35.3014325
            ],
            [
              -120.6620926,
              35.3014445
            ],
            [
              -120.6621155,
              35.3015186
            ],
            [
              -120.6623078,
              35.3022128
            ]
          ]
        ]
      },
      "id": "way/45600389"
    },
    {
      "type": "Feature",
      "properties": {
        "@id": "way/45600390",
        "addr:city": "San Luis Obispo",
        "addr:housenumber": "10",
        "addr:postcode": "93407",
        "addr:street": "Grand",
        "building": "university",
        "name": "Alan A. Erhart Agriculture",
        "university-function": "academic school or college"
      },
      "geometry": {
        "type": "Polygon",
        "coordinates": [
          [
            [
              -120.6617225,
              35.3024253
            ],
            [
              -120.6617011,
              35.3023327
            ],
            [
              -120.6614743,
              35.3015514
            ],
            [
              -120.6614015,
              35.3015671
            ],
            [
              -120.6613694,
              35.3015737
            ],
            [
              -120.6613014,
              35.3015874
            ],
            [
              -120.6614973,
              35.302286
            ],
            [
              -120.6610945,
              35.3023585
            ],
            [
              -120.661138,
              35.3025427
            ],
            [
              -120.6617225,
              35.3024253
            ]
          ]
        ]
      },
      "id": "way/45600390"
    },
    {
      "type": "Feature",
      "properties": {
        "@id": "way/45600391",
        "addr:city": "San Luis Obispo",
        "addr:postcode": "93407",
        "addr:street": "Grand",
        "building": "dormitory",
        "building:levels": "3",
        "name": "105 Trinity Hall",
        "ref": "105",
        "smoking": "no"
      },
      "geometry": {
        "type": "Polygon",
        "coordinates": [
          [
            [
              -120.6574407,
              35.302219
            ],
            [
              -120.6572551,
              35.301871
            ],
            [
              -120.6574022,
              35.3018187
            ],
            [
              -120.6573605,
              35.3017406
            ],
            [
              -120.6572619,
              35.3017756
            ],
            [
              -120.6572518,
              35.3017567
            ],
            [
              -120.6570676,
              35.3014112
            ],
            [
              -120.6569887,
              35.3014392
            ],
            [
              -120.657001,
              35.3014624
            ],
            [
              -120.6569537,
              35.3014792
            ],
            [
              -120.6571024,
              35.301758
            ],
            [
              -120.6569017,
              35.3018292
            ],
            [
              -120.6569766,
              35.3019696
            ],
            [
              -120.6570707,
              35.3019362
            ],
            [
              -120.6570523,
              35.3019017
            ],
            [
              -120.6571107,
              35.3018809
            ],
            [
              -120.6573006,
              35.3022369
            ],
            [
              -120.6573491,
              35.3022196
            ],
            [
              -120.6573634,
              35.3022464
            ],
            [
              -120.6574407,
              35.302219
            ]
          ]
        ]
      },
      "id": "way/45600391"
    },
    {
      "type": "Feature",
      "properties": {
        "@id": "way/45600392",
        "addr:city": "San Luis Obispo",
        "addr:postcode": "93407",
        "addr:street": "Grand",
        "building": "dormitory",
        "building:levels": "3",
        "name": "108 Sequoia Hall",
        "ref": "108",
        "smoking": "no"
      },
      "geometry": {
        "type": "Polygon",
        "coordinates": [
          [
            [
              -120.6576809,
              35.3010453
            ],
            [
              -120.6577007,
              35.3010674
            ],
            [
              -120.6577714,
              35.3010252
            ],
            [
              -120.6574981,
              35.3007216
            ],
            [
              -120.6576276,
              35.3006403
            ],
            [
              -120.6575705,
              35.3005783
            ],
            [
              -120.6574782,
              35.3006292
            ],
            [
              -120.6574681,
              35.3006175
            ],
            [
              -120.6571844,
              35.300301
            ],
            [
              -120.6571146,
              35.3003427
            ],
            [
              -120.6571347,
              35.3003652
            ],
            [
              -120.6570931,
              35.30039
            ],
            [
              -120.6573682,
              35.300697
            ],
            [
              -120.6572805,
              35.3007493
            ],
            [
              -120.657236,
              35.3006996
            ],
            [
              -120.6571483,
              35.3007519
            ],
            [
              -120.6571974,
              35.3008033
            ],
            [
              -120.6572511,
              35.3008666
            ],
            [
              -120.6573178,
              35.3008269
            ],
            [
              -120.6573332,
              35.3008177
            ],
            [
              -120.6573046,
              35.3007858
            ],
            [
              -120.6573211,
              35.3007759
            ],
            [
              -120.6573553,
              35.3007555
            ],
            [
              -120.657638,
              35.301071
            ],
            [
              -120.6576809,
              35.3010453
            ]
          ]
        ]
      },
      "id": "way/45600392"
    },
    {
      "type": "Feature",
      "properties": {
        "@id": "way/45600394",
        "addr:city": "San Luis Obispo",
        "addr:postcode": "93407",
        "addr:street": "Grand",
        "building": "university",
        "building:levels": "1",
        "name": "Dining Complex",
        "ref": "19"
      },
      "geometry": {
        "type": "Polygon",
        "coordinates": [
          [
            [
              -120.659673,
              35.2998671
            ],
            [
              -120.6601424,
              35.2997595
            ],
            [
              -120.6601222,
              35.2996897
            ],
            [
              -120.6602319,
              35.2996657
            ],
            [
              -120.6601292,
              35.2993615
            ],
            [
              -120.6601768,
              35.2993518
            ],
            [
              -120.6601472,
              35.2992609
            ],
            [
              -120.6600976,
              35.2992718
            ],
            [
              -120.6601019,
              35.2992868
            ],
            [
              -120.6598004,
              35.2993578
            ],
            [
              -120.6598082,
              35.2993761
            ],
            [
              -120.6595294,
              35.2994407
            ],
            [
              -120.6595047,
              35.2993814
            ],
            [
              -120.659162,
              35.2994583
            ],
            [
              -120.6591694,
              35.2994851
            ],
            [
              -120.6591101,
              35.2995009
            ],
            [
              -120.6591207,
              35.2995779
            ],
            [
              -120.6591474,
              35.2996433
            ],
            [
              -120.6591793,
              35.2996881
            ],
            [
              -120.6592422,
              35.2996734
            ],
            [
              -120.6592523,
              35.2996999
            ],
            [
              -120.6594529,
              35.2996553
            ],
            [
              -120.6594729,
              35.2997235
            ],
            [
              -120.6594418,
              35.2997322
            ],
            [
              -120.6594528,
              35.2997677
            ],
            [
              -120.6595727,
              35.2997949
            ],
            [
              -120.6596187,
              35.2998403
            ],
            [
              -120.6596637,
              35.2998328
            ],
            [
              -120.659673,
              35.2998671
            ]
          ]
        ]
      },
      "id": "way/45600394"
    },
    {
      "type": "Feature",
      "properties": {
        "@id": "way/45600395",
        "addr:city": "San Luis Obispo",
        "addr:postcode": "93407",
        "addr:street": "Grand",
        "amenity": "theatre",
        "building": "university",
        "building:levels": "2",
        "building:levels:underground": "1",
        "name": "Spanos Theatre",
        "official_name": "Alex and Faye Spanos Theater",
        "ref": "44",
        "start_date": "1960",
        "website": "https://spanostheatre.calpoly.edu/"
      },
      "geometry": {
        "type": "Polygon",
        "coordinates": [
          [
            [
              -120.657896,
              35.2996743
            ],
            [
              -120.6578568,
              35.2996201
            ],
            [
              -120.6578798,
              35.299609
            ],
            [
              -120.6578176,
              35.2995231
            ],
            [
              -120.6577381,
              35.2995614
            ],
            [
              -120.6575617,
              35.2996465
            ],
            [
              -120.6576239,
              35.2997324
            ],
            [
              -120.6576511,
              35.2997193
            ],
            [
              -120.657699,
              35.2997855
            ],
            [
              -120.6577416,
              35.2998444
            ],
            [
              -120.6578228,
              35.2999566
            ],
            [
              -120.6580286,
              35.2998574
            ],
            [
              -120.657896,
              35.2996743
            ]
          ]
        ]
      },
      "id": "way/45600395"
    },
    {
      "type": "Feature",
      "properties": {
        "@id": "way/45600396",
        "building": "university"
      },
      "geometry": {
        "type": "Polygon",
        "coordinates": [
          [
            [
              -120.6598268,
              35.30453
            ],
            [
              -120.6598138,
              35.3043598
            ],
            [
              -120.6595322,
              35.3043742
            ],
            [
              -120.6595328,
              35.3043816
            ],
            [
              -120.6594087,
              35.3043879
            ],
            [
              -120.6594199,
              35.304486
            ],
            [
              -120.6594606,
              35.3045132
            ],
            [
              -120.6595464,
              35.3045099
            ],
            [
              -120.6595552,
              35.3045458
            ],
            [
              -120.6598268,
              35.30453
            ]
          ]
        ]
      },
      "id": "way/45600396"
    },
    {
      "type": "Feature",
      "properties": {
        "@id": "way/45600397",
        "addr:city": "San Luis Obispo",
        "addr:postcode": "93407",
        "addr:street": "Grand",
        "building": "university",
        "name": "Transportation Services",
        "ref": "71"
      },
      "geometry": {
        "type": "Polygon",
        "coordinates": [
          [
            [
              -120.6588169,
              35.3042597
            ],
            [
              -120.6587803,
              35.3038676
            ],
            [
              -120.6586396,
              35.3038763
            ],
            [
              -120.6586468,
              35.3039538
            ],
            [
              -120.6585989,
              35.3039568
            ],
            [
              -120.6586138,
              35.3041163
            ],
            [
              -120.6586631,
              35.3041133
            ],
            [
              -120.6586776,
              35.3042684
            ],
            [
              -120.6588169,
              35.3042597
            ]
          ]
        ]
      },
      "id": "way/45600397"
    },
    {
      "type": "Feature",
      "properties": {
        "@id": "way/45600398",
        "addr:city": "San Luis Obispo",
        "addr:housenumber": "8A",
        "addr:postcode": "93407",
        "addr:street": "Grand",
        "building": "university",
        "description": "By Cal Poly Irrigation Training and Research",
        "name": "Bioresource and Agricultural Engineering",
        "ref": "08A"
      },
      "geometry": {
        "type": "Polygon",
        "coordinates": [
          [
            [
              -120.6625824,
              35.30401
            ],
            [
              -120.6622688,
              35.302892
            ],
            [
              -120.6620173,
              35.3029393
            ],
            [
              -120.6623306,
              35.3040602
            ],
            [
              -120.6625824,
              35.30401
            ]
          ]
        ]
      },
      "id": "way/45600398"
    },
    {
      "type": "Feature",
      "properties": {
        "@id": "way/45600400",
        "addr:city": "San Luis Obispo",
        "addr:postcode": "93407",
        "addr:street": "Grand",
        "building": "university",
        "name": "Facility Services/Receiving Warehouse",
        "ref": "70"
      },
      "geometry": {
        "type": "Polygon",
        "coordinates": [
          [
            [
              -120.6598037,
              35.3042617
            ],
            [
              -120.6597931,
              35.3041496
            ],
            [
              -120.6598222,
              35.3041477
            ],
            [
              -120.6598063,
              35.3039794
            ],
            [
              -120.6597768,
              35.3039812
            ],
            [
              -120.6597618,
              35.3038224
            ],
            [
              -120.6597913,
              35.3038205
            ],
            [
              -120.6597752,
              35.3036502
            ],
            [
              -120.6597466,
              35.303652
            ],
            [
              -120.6597319,
              35.303496
            ],
            [
              -120.6594542,
              35.3035135
            ],
            [
              -120.6594809,
              35.3037963
            ],
            [
              -120.6594273,
              35.3037996
            ],
            [
              -120.6594368,
              35.3039
            ],
            [
              -120.6594918,
              35.3038965
            ],
            [
              -120.6595279,
              35.304279
            ],
            [
              -120.6598037,
              35.3042617
            ]
          ]
        ]
      },
      "id": "way/45600400"
    },
    {
      "type": "Feature",
      "properties": {
        "@id": "way/45600401",
        "addr:city": "San Luis Obispo",
        "addr:postcode": "93407",
        "addr:street": "Grand",
        "building": "university",
        "name": "Housing Warehouse/Risk Management",
        "ref": "80"
      },
      "geometry": {
        "type": "Polygon",
        "coordinates": [
          [
            [
              -120.6609335,
              35.3036847
            ],
            [
              -120.6609135,
              35.3034729
            ],
            [
              -120.6608466,
              35.3034771
            ],
            [
              -120.6608401,
              35.3034086
            ],
            [
              -120.6606665,
              35.3034195
            ],
            [
              -120.660693,
              35.3036998
            ],
            [
              -120.6609335,
              35.3036847
            ]
          ]
        ]
      },
      "id": "way/45600401"
    },
    {
      "type": "Feature",
      "properties": {
        "@id": "way/45600403",
        "addr:city": "San Luis Obispo",
        "addr:postcode": "93407",
        "addr:street": "Grand",
        "building": "university",
        "name": "Corporation Administration",
        "ref": "15"
      },
      "geometry": {
        "type": "Polygon",
        "coordinates": [
          [
            [
              -120.6601449,
              35.3033324
            ],
            [
              -120.660655,
              35.3032988
            ],
            [
              -120.6606505,
              35.3032125
            ],
            [
              -120.6603867,
              35.3032303
            ],
            [
              -120.6603473,
              35.3030965
            ],
            [
              -120.6605614,
              35.3030553
            ],
            [
              -120.6605343,
              35.3029579
            ],
            [
              -120.6604532,
              35.3029742
            ],
            [
              -120.6604561,
              35.3029884
            ],
            [
              -120.6602251,
              35.303033
            ],
            [
              -120.6602071,
              35.3030337
            ],
            [
              -120.6602052,
              35.3029933
            ],
            [
              -120.6601525,
              35.3029945
            ],
            [
              -120.6601535,
              35.3030242
            ],
            [
              -120.6601138,
              35.3030254
            ],
            [
              -120.660115,
              35.3030468
            ],
            [
              -120.6600994,
              35.3030474
            ],
            [
              -120.660124,
              35.3033051
            ],
            [
              -120.6601426,
              35.3033034
            ],
            [
              -120.6601449,
              35.3033324
            ]
          ]
        ]
      },
      "id": "way/45600403"
    },
    {
      "type": "Feature",
      "properties": {
        "@id": "way/45600405",
        "addr:city": "San Luis Obispo",
        "amenity": "college",
        "building": "university",
        "description": "BRAE Department",
        "name": "Bioresource and Agricultural Engineering",
        "ref": "8",
        "wheelchair": "yes"
      },
      "geometry": {
        "type": "Polygon",
        "coordinates": [
          [
            [
              -120.6617827,
              35.3031881
            ],
            [
              -120.6617486,
              35.3030743
            ],
            [
              -120.6618314,
              35.3030535
            ],
            [
              -120.6617995,
              35.302939
            ],
            [
              -120.6614779,
              35.3029978
            ],
            [
              -120.6614958,
              35.3030654
            ],
            [
              -120.6614041,
              35.3030817
            ],
            [
              -120.661451,
              35.3032509
            ],
            [
              -120.6617827,
              35.3031881
            ]
          ]
        ]
      },
      "id": "way/45600405"
    },
    {
      "type": "Feature",
      "properties": {
        "@id": "way/45600406",
        "building": "yes",
        "name": "Emergency Operations Center",
        "ref": "76"
      },
      "geometry": {
        "type": "Polygon",
        "coordinates": [
          [
            [
              -120.6609911,
              35.3029851
            ],
            [
              -120.6609618,
              35.3028865
            ],
            [
              -120.6607733,
              35.3029239
            ],
            [
              -120.6608026,
              35.3030224
            ],
            [
              -120.6609911,
              35.3029851
            ]
          ]
        ]
      },
      "id": "way/45600406"
    },
    {
      "type": "Feature",
      "properties": {
        "@id": "way/45600407",
        "addr:city": "San Luis Obispo",
        "addr:housenumber": "22",
        "addr:postcode": "93407",
        "addr:street": "Grand",
        "building": "university",
        "name": "English",
        "university-function": "academic school or college"
      },
      "geometry": {
        "type": "Polygon",
        "coordinates": [
          [
            [
              -120.6609408,
              35.3025745
            ],
            [
              -120.6610141,
              35.3025607
            ],
            [
              -120.6610172,
              35.3025687
            ],
            [
              -120.6610532,
              35.3025613
            ],
            [
              -120.661138,
              35.3025427
            ],
            [
              -120.6610945,
              35.3023585
            ],
            [
              -120.6610834,
              35.3023615
            ],
            [
              -120.661067,
              35.3023678
            ],
            [
              -120.6609681,
              35.3020269
            ],
            [
              -120.6608694,
              35.3020456
            ],
            [
              -120.6607964,
              35.3020595
            ],
            [
              -120.660886,
              35.3023735
            ],
            [
              -120.6609408,
              35.3025745
            ]
          ]
        ]
      },
      "id": "way/45600407"
    },
    {
      "type": "Feature",
      "properties": {
        "@id": "way/45600408",
        "addr:city": "San Luis Obispo",
        "addr:postcode": "93407",
        "addr:street": "Grand",
        "building": "dormitory",
        "building:levels": "2",
        "name": "107 Muir Hall",
        "ref": "107",
        "smoking": "no"
      },
      "geometry": {
        "type": "Polygon",
        "coordinates": [
          [
            [
              -120.6569941,
              35.3012701
            ],
            [
              -120.6570117,
              35.3012935
            ],
            [
              -120.6570854,
              35.3012567
            ],
            [
              -120.6568423,
              35.3009327
            ],
            [
              -120.6569821,
              35.3008628
            ],
            [
              -120.6569282,
              35.3007911
            ],
            [
              -120.6568324,
              35.300839
            ],
            [
              -120.6568229,
              35.3008263
            ],
            [
              -120.6565717,
              35.3005045
            ],
            [
              -120.6565019,
              35.3005423
            ],
            [
              -120.6565151,
              35.3005645
            ],
            [
              -120.6564725,
              35.3005888
            ],
            [
              -120.6566714,
              35.3008413
            ],
            [
              -120.6564868,
              35.3009335
            ],
            [
              -120.6565848,
              35.3010641
            ],
            [
              -120.656672,
              35.3010205
            ],
            [
              -120.6566389,
              35.3009764
            ],
            [
              -120.6566734,
              35.3009592
            ],
            [
              -120.6566805,
              35.3009688
            ],
            [
              -120.6566995,
              35.3009593
            ],
            [
              -120.6569494,
              35.3012924
            ],
            [
              -120.6569941,
              35.3012701
            ]
          ]
        ]
      },
      "id": "way/45600408"
    },
    {
      "type": "Feature",
      "properties": {
        "@id": "way/45600409",
        "addr:city": "San Luis Obispo",
        "addr:postcode": "93407",
        "addr:street": "Grand",
        "building": "dormitory",
        "building:levels": "3",
        "name": "110 Tenaya Hall",
        "ref": "110",
        "smoking": "no"
      },
      "geometry": {
        "type": "Polygon",
        "coordinates": [
          [
            [
              -120.6567931,
              35.3003949
            ],
            [
              -120.6566103,
              35.3000498
            ],
            [
              -120.6567595,
              35.2999972
            ],
            [
              -120.6567181,
              35.299919
            ],
            [
              -120.656618,
              35.2999544
            ],
            [
              -120.656612,
              35.2999446
            ],
            [
              -120.6564205,
              35.2995817
            ],
            [
              -120.6563418,
              35.2996095
            ],
            [
              -120.6563548,
              35.2996339
            ],
            [
              -120.6563067,
              35.2996509
            ],
            [
              -120.6564576,
              35.2999359
            ],
            [
              -120.6562567,
              35.3000068
            ],
            [
              -120.6563329,
              35.3001507
            ],
            [
              -120.6564282,
              35.3001171
            ],
            [
              -120.6564064,
              35.300076
            ],
            [
              -120.6564641,
              35.3000556
            ],
            [
              -120.6566543,
              35.3004146
            ],
            [
              -120.6567015,
              35.3003979
            ],
            [
              -120.6567146,
              35.3004226
            ],
            [
              -120.6567931,
              35.3003949
            ]
          ]
        ]
      },
      "id": "way/45600409"
    },
    {
      "type": "Feature",
      "properties": {
        "@id": "way/45600410",
        "addr:city": "San Luis Obispo",
        "addr:postcode": "93407",
        "addr:street": "Grand",
        "building": "dormitory",
        "building:levels": "3",
        "name": "109 Fremont Hall",
        "ref": "109",
        "smoking": "no"
      },
      "geometry": {
        "type": "Polygon",
        "coordinates": [
          [
            [
              -120.6560109,
              35.3007067
            ],
            [
              -120.6559089,
              35.3003388
            ],
            [
              -120.6560715,
              35.3003088
            ],
            [
              -120.6560489,
              35.3002273
            ],
            [
              -120.6559383,
              35.3002477
            ],
            [
              -120.655934,
              35.3002342
            ],
            [
              -120.6558286,
              35.2998515
            ],
            [
              -120.6557464,
              35.2998666
            ],
            [
              -120.6557534,
              35.299892
            ],
            [
              -120.655702,
              35.2999015
            ],
            [
              -120.6557865,
              35.3002064
            ],
            [
              -120.6555748,
              35.3002454
            ],
            [
              -120.6556164,
              35.3003956
            ],
            [
              -120.6557157,
              35.3003772
            ],
            [
              -120.6557041,
              35.3003354
            ],
            [
              -120.655764,
              35.3003244
            ],
            [
              -120.6558698,
              35.3007063
            ],
            [
              -120.6559207,
              35.300697
            ],
            [
              -120.6559276,
              35.3007221
            ],
            [
              -120.6560109,
              35.3007067
            ]
          ]
        ]
      },
      "id": "way/45600410"
    },
    {
      "type": "Feature",
      "properties": {
        "@id": "way/45600411",
        "addr:city": "San Luis Obispo",
        "addr:postcode": "93407",
        "addr:street": "Grand",
        "building": "dormitory",
        "name": "113B Sierra Madre Hall: Tower 1"
      },
      "geometry": {
        "type": "Polygon",
        "coordinates": [
          [
            [
              -120.6550001,
              35.2995766
            ],
            [
              -120.6549843,
              35.2995402
            ],
            [
              -120.655047,
              35.299522
            ],
            [
              -120.6550355,
              35.2994956
            ],
            [
              -120.6550665,
              35.2994867
            ],
            [
              -120.6549886,
              35.2993072
            ],
            [
              -120.6549571,
              35.2993163
            ],
            [
              -120.6549302,
              35.2992544
            ],
            [
              -120.6548628,
              35.2992739
            ],
            [
              -120.6548789,
              35.2993109
            ],
            [
              -120.6548203,
              35.2993278
            ],
            [
              -120.6548331,
              35.2993573
            ],
            [
              -120.6547971,
              35.2993678
            ],
            [
              -120.6548734,
              35.2995436
            ],
            [
              -120.6549056,
              35.2995343
            ],
            [
              -120.6549324,
              35.2995961
            ],
            [
              -120.6550001,
              35.2995766
            ]
          ]
        ]
      },
      "id": "way/45600411"
    },
    {
      "type": "Feature",
      "properties": {
        "@id": "way/45637333",
        "addr:city": "San Luis Obispo",
        "addr:housenumber": "25",
        "addr:postcode": "93407",
        "addr:street": "Grand",
        "building": "university",
        "building:levels": "3",
        "building:levels:underground": "0",
        "building:use": "education",
        "max_level": "2",
        "min_level": "0",
        "name": "Faculty Offices East",
        "ref": "25"
      },
      "geometry": {
        "type": "Polygon",
        "coordinates": [
          [
            [
              -120.6595344,
              35.3014207
            ],
            [
              -120.6594804,
              35.3013319
            ],
            [
              -120.65944,
              35.3013486
            ],
            [
              -120.6593794,
              35.3012792
            ],
            [
              -120.6593412,
              35.3012265
            ],
            [
              -120.6593095,
              35.3011633
            ],
            [
              -120.6592948,
              35.301124
            ],
            [
              -120.6592787,
              35.3010688
            ],
            [
              -120.6592689,
              35.301
            ],
            [
              -120.6592699,
              35.3009327
            ],
            [
              -120.6592789,
              35.3008628
            ],
            [
              -120.6593202,
              35.300856
            ],
            [
              -120.6593097,
              35.30076
            ],
            [
              -120.6591891,
              35.3007291
            ],
            [
              -120.6591561,
              35.3008245
            ],
            [
              -120.6591673,
              35.3008271
            ],
            [
              -120.6591477,
              35.3009496
            ],
            [
              -120.6591552,
              35.3010475
            ],
            [
              -120.6591776,
              35.301147
            ],
            [
              -120.6592097,
              35.301226
            ],
            [
              -120.6592614,
              35.3013118
            ],
            [
              -120.6593332,
              35.3013929
            ],
            [
              -120.6594646,
              35.3014913
            ],
            [
              -120.6595344,
              35.3014207
            ]
          ]
        ]
      },
      "id": "way/45637333"
    },
    {
      "type": "Feature",
      "properties": {
        "@id": "way/45637454",
        "addr:city": "San Luis Obispo",
        "addr:postcode": "93407",
        "addr:street": "Grand",
        "building": "residential",
        "name": "Islay",
        "operator": "California Polytechnic State University",
        "ref": "170F",
        "residential": "university"
      },
      "geometry": {
        "type": "Polygon",
        "coordinates": [
          [
            [
              -120.6566886,
              35.3051531
            ],
            [
              -120.656681,
              35.3051396
            ],
            [
              -120.6566334,
              35.3051569
            ],
            [
              -120.6566015,
              35.3050989
            ],
            [
              -120.6566834,
              35.3050707
            ],
            [
              -120.6566742,
              35.3050548
            ],
            [
              -120.6567121,
              35.3050411
            ],
            [
              -120.6566347,
              35.3048968
            ],
            [
              -120.6565963,
              35.3049109
            ],
            [
              -120.6565702,
              35.3048724
            ],
            [
              -120.6565983,
              35.3048505
            ],
            [
              -120.6565413,
              35.304797
            ],
            [
              -120.6565112,
              35.3048176
            ],
            [
              -120.6564984,
              35.304806
            ],
            [
              -120.6565281,
              35.3047841
            ],
            [
              -120.6564705,
              35.3047307
            ],
            [
              -120.6564408,
              35.3047523
            ],
            [
              -120.6564253,
              35.3047386
            ],
            [
              -120.6563593,
              35.304786
            ],
            [
              -120.6562499,
              35.3046839
            ],
            [
              -120.6563211,
              35.3046313
            ],
            [
              -120.6563037,
              35.3046133
            ],
            [
              -120.6562924,
              35.3046016
            ],
            [
              -120.6563045,
              35.3045924
            ],
            [
              -120.6562362,
              35.3045274
            ],
            [
              -120.6562192,
              35.3045405
            ],
            [
              -120.6561938,
              35.3045155
            ],
            [
              -120.6561266,
              35.3045612
            ],
            [
              -120.6561539,
              35.304586
            ],
            [
              -120.6560602,
              35.304652
            ],
            [
              -120.6560736,
              35.3046647
            ],
            [
              -120.6560446,
              35.3046871
            ],
            [
              -120.6563097,
              35.3049374
            ],
            [
              -120.6563428,
              35.304915
            ],
            [
              -120.6563564,
              35.3049281
            ],
            [
              -120.6564223,
              35.3048837
            ],
            [
              -120.6564845,
              35.3049421
            ],
            [
              -120.6565211,
              35.305011
            ],
            [
              -120.6564384,
              35.3050385
            ],
            [
              -120.6564478,
              35.3050548
            ],
            [
              -120.6564105,
              35.3050679
            ],
            [
              -120.6564878,
              35.305213
            ],
            [
              -120.6565248,
              35.3052007
            ],
            [
              -120.656528,
              35.3052065
            ],
            [
              -120.6566886,
              35.3051531
            ]
          ]
        ]
      },
      "id": "way/45637454"
    },
    {
      "type": "Feature",
      "properties": {
        "@id": "way/45637455",
        "addr:city": "San Luis Obispo",
        "addr:postcode": "93407",
        "addr:street": "Grand",
        "building": "residential",
        "name": "Bishop",
        "operator": "California Polytechnic State University",
        "ref": "170E",
        "residential": "university"
      },
      "geometry": {
        "type": "Polygon",
        "coordinates": [
          [
            [
              -120.6570516,
              35.3058421
            ],
            [
              -120.6570439,
              35.3057569
            ],
            [
              -120.657016,
              35.3057592
            ],
            [
              -120.6570148,
              35.3057444
            ],
            [
              -120.6569975,
              35.3057449
            ],
            [
              -120.6569965,
              35.3057279
            ],
            [
              -120.6569822,
              35.3057287
            ],
            [
              -120.6568854,
              35.3057338
            ],
            [
              -120.6568878,
              35.3057578
            ],
            [
              -120.6568225,
              35.3057604
            ],
            [
              -120.6568022,
              35.305599
            ],
            [
              -120.6568893,
              35.3055944
            ],
            [
              -120.6568887,
              35.3055754
            ],
            [
              -120.6569266,
              35.3055729
            ],
            [
              -120.6569107,
              35.3054163
            ],
            [
              -120.6568657,
              35.3054173
            ],
            [
              -120.6568617,
              35.3053729
            ],
            [
              -120.6568915,
              35.3053625
            ],
            [
              -120.6568156,
              35.3052164
            ],
            [
              -120.6567778,
              35.3052297
            ],
            [
              -120.6567685,
              35.3052128
            ],
            [
              -120.6566876,
              35.3052416
            ],
            [
              -120.656658,
              35.3051856
            ],
            [
              -120.6567067,
              35.3051678
            ],
            [
              -120.6566993,
              35.3051539
            ],
            [
              -120.6565406,
              35.3052078
            ],
            [
              -120.656543,
              35.3052132
            ],
            [
              -120.6565061,
              35.3052269
            ],
            [
              -120.6565834,
              35.3053722
            ],
            [
              -120.6566208,
              35.3053594
            ],
            [
              -120.6566302,
              35.3053752
            ],
            [
              -120.6567102,
              35.3053484
            ],
            [
              -120.6567501,
              35.305421
            ],
            [
              -120.6567576,
              35.3054962
            ],
            [
              -120.6566704,
              35.3055016
            ],
            [
              -120.6566711,
              35.3055195
            ],
            [
              -120.656632,
              35.3055214
            ],
            [
              -120.6566729,
              35.3058542
            ],
            [
              -120.6567136,
              35.3058527
            ],
            [
              -120.6567146,
              35.3058698
            ],
            [
              -120.6568384,
              35.3058629
            ],
            [
              -120.6568426,
              35.3058917
            ],
            [
              -120.6569303,
              35.3058863
            ],
            [
              -120.6569266,
              35.3058526
            ],
            [
              -120.6569464,
              35.3058517
            ],
            [
              -120.6569496,
              35.305882
            ],
            [
              -120.6570353,
              35.3058765
            ],
            [
              -120.657032,
              35.3058427
            ],
            [
              -120.6570516,
              35.3058421
            ]
          ]
        ]
      },
      "id": "way/45637455"
    },
    {
      "type": "Feature",
      "properties": {
        "@id": "way/45637456",
        "addr:city": "San Luis Obispo",
        "addr:postcode": "93407",
        "addr:street": "Grand",
        "apartments": "residential",
        "building": "apartments",
        "name": "San Luis (170G)",
        "operator": "California Polytechnic State University",
        "residential": "university"
      },
      "geometry": {
        "type": "Polygon",
        "coordinates": [
          [
            [
              -120.6572594,
              35.3042142
            ],
            [
              -120.657413,
              35.3041427
            ],
            [
              -120.6574693,
              35.3041138
            ],
            [
              -120.6574109,
              35.3040324
            ],
            [
              -120.6573919,
              35.3040415
            ],
            [
              -120.6573764,
              35.3040199
            ],
            [
              -120.6573522,
              35.3039861
            ],
            [
              -120.6573894,
              35.3039683
            ],
            [
              -120.6573433,
              35.3039042
            ],
            [
              -120.6570939,
              35.3040235
            ],
            [
              -120.6571424,
              35.304091
            ],
            [
              -120.65718,
              35.3040731
            ],
            [
              -120.6571958,
              35.3040951
            ],
            [
              -120.6572101,
              35.304115
            ],
            [
              -120.6571938,
              35.3041228
            ],
            [
              -120.6572594,
              35.3042142
            ]
          ]
        ]
      },
      "id": "way/45637456"
    },
    {
      "type": "Feature",
      "properties": {
        "@id": "way/45637457",
        "addr:city": "San Luis Obispo",
        "addr:postcode": "93407",
        "addr:street": "Grand",
        "building": "residential",
        "name": "Morro",
        "operator": "California Polytechnic State University",
        "ref": "170A",
        "residential": "university"
      },
      "geometry": {
        "type": "Polygon",
        "coordinates": [
          [
            [
              -120.6570886,
              35.3041741
            ],
            [
              -120.6570657,
              35.3041545
            ],
            [
              -120.6570781,
              35.3041453
            ],
            [
              -120.6570009,
              35.3040727
            ],
            [
              -120.6569903,
              35.3040823
            ],
            [
              -120.6569681,
              35.3040593
            ],
            [
              -120.6568688,
              35.304128
            ],
            [
              -120.6568782,
              35.3041365
            ],
            [
              -120.6568524,
              35.3041539
            ],
            [
              -120.6568665,
              35.3041665
            ],
            [
              -120.6568215,
              35.3041947
            ],
            [
              -120.6567934,
              35.3041687
            ],
            [
              -120.6565749,
              35.3043221
            ],
            [
              -120.6565954,
              35.3043417
            ],
            [
              -120.656561,
              35.3043675
            ],
            [
              -120.6565384,
              35.304348
            ],
            [
              -120.6564358,
              35.3044214
            ],
            [
              -120.6564639,
              35.304448
            ],
            [
              -120.6564502,
              35.3044585
            ],
            [
              -120.6564947,
              35.3044986
            ],
            [
              -120.656508,
              35.3044904
            ],
            [
              -120.6565173,
              35.304499
            ],
            [
              -120.656605,
              35.3044356
            ],
            [
              -120.6566145,
              35.304444
            ],
            [
              -120.6565477,
              35.3044924
            ],
            [
              -120.656561,
              35.3045051
            ],
            [
              -120.6565317,
              35.3045272
            ],
            [
              -120.6567287,
              35.3047137
            ],
            [
              -120.6567592,
              35.3046917
            ],
            [
              -120.6567747,
              35.3047042
            ],
            [
              -120.6568655,
              35.3046421
            ],
            [
              -120.6567846,
              35.3045654
            ],
            [
              -120.6566299,
              35.3044188
            ],
            [
              -120.6566416,
              35.3044104
            ],
            [
              -120.6566731,
              35.3044398
            ],
            [
              -120.6566868,
              35.304429
            ],
            [
              -120.6567173,
              35.3044567
            ],
            [
              -120.6569372,
              35.3043012
            ],
            [
              -120.6569071,
              35.3042737
            ],
            [
              -120.6569191,
              35.3042646
            ],
            [
              -120.6569486,
              35.3042423
            ],
            [
              -120.6569637,
              35.3042517
            ],
            [
              -120.6569825,
              35.3042371
            ],
            [
              -120.6569925,
              35.3042455
            ],
            [
              -120.6570886,
              35.3041741
            ]
          ]
        ]
      },
      "id": "way/45637457"
    },
    {
      "type": "Feature",
      "properties": {
        "@id": "way/45637466",
        "addr:city": "San Luis Obispo",
        "addr:postcode": "93407",
        "addr:street": "Grand",
        "building": "residential",
        "name": "Romauldo",
        "operator": "California Polytechnic State University",
        "ref": "170D",
        "residential": "university"
      },
      "geometry": {
        "type": "Polygon",
        "coordinates": [
          [
            [
              -120.6576262,
              35.3052153
            ],
            [
              -120.6576051,
              35.3051254
            ],
            [
              -120.6575898,
              35.3051277
            ],
            [
              -120.6575826,
              35.3050987
            ],
            [
              -120.6574569,
              35.305117
            ],
            [
              -120.657459,
              35.3051292
            ],
            [
              -120.6574272,
              35.3051334
            ],
            [
              -120.6574305,
              35.3051493
            ],
            [
              -120.6573869,
              35.3051542
            ],
            [
              -120.6573706,
              35.3051561
            ],
            [
              -120.6573664,
              35.3051212
            ],
            [
              -120.657228,
              35.305141
            ],
            [
              -120.6572362,
              35.3051758
            ],
            [
              -120.6572185,
              35.3051784
            ],
            [
              -120.6572284,
              35.3052215
            ],
            [
              -120.6571767,
              35.3052323
            ],
            [
              -120.6571828,
              35.3052607
            ],
            [
              -120.6571052,
              35.3052713
            ],
            [
              -120.6571089,
              35.3052897
            ],
            [
              -120.6570682,
              35.3052945
            ],
            [
              -120.6571265,
              35.3055384
            ],
            [
              -120.657167,
              35.3055325
            ],
            [
              -120.6571713,
              35.3055482
            ],
            [
              -120.6572574,
              35.3055358
            ],
            [
              -120.6572609,
              35.3055485
            ],
            [
              -120.6571397,
              35.3055712
            ],
            [
              -120.6571211,
              35.3055855
            ],
            [
              -120.6571352,
              35.3056348
            ],
            [
              -120.6571554,
              35.3056319
            ],
            [
              -120.6571627,
              35.3056665
            ],
            [
              -120.6572978,
              35.3056472
            ],
            [
              -120.6572914,
              35.305621
            ],
            [
              -120.6573519,
              35.3056127
            ],
            [
              -120.6573545,
              35.3056241
            ],
            [
              -120.6574799,
              35.3056045
            ],
            [
              -120.6574737,
              35.3055748
            ],
            [
              -120.6574874,
              35.3055723
            ],
            [
              -120.657467,
              35.3054804
            ],
            [
              -120.6574504,
              35.3054828
            ],
            [
              -120.6574447,
              35.3054539
            ],
            [
              -120.6573181,
              35.3054709
            ],
            [
              -120.6573207,
              35.305483
            ],
            [
              -120.6572967,
              35.3054864
            ],
            [
              -120.6572785,
              35.305489
            ],
            [
              -120.6572302,
              35.3052846
            ],
            [
              -120.6572614,
              35.3052811
            ],
            [
              -120.6572685,
              35.3053146
            ],
            [
              -120.6574008,
              35.305295
            ],
            [
              -120.6573935,
              35.3052628
            ],
            [
              -120.657409,
              35.3052567
            ],
            [
              -120.6574534,
              35.3052507
            ],
            [
              -120.657456,
              35.3052626
            ],
            [
              -120.6574903,
              35.3052572
            ],
            [
              -120.6574928,
              35.3052681
            ],
            [
              -120.6576187,
              35.3052492
            ],
            [
              -120.6576103,
              35.3052179
            ],
            [
              -120.6576262,
              35.3052153
            ]
          ]
        ]
      },
      "id": "way/45637466"
    },
    {
      "type": "Feature",
      "properties": {
        "@id": "way/45637468",
        "addr:city": "San Luis Obispo",
        "addr:postcode": "93407",
        "addr:street": "Grand",
        "building": "residential",
        "name": "Cabrillo",
        "operator": "California Polytechnic State University",
        "ref": "170B",
        "residential": "university"
      },
      "geometry": {
        "type": "Polygon",
        "coordinates": [
          [
            [
              -120.6575618,
              35.304377
            ],
            [
              -120.6575053,
              35.3042985
            ],
            [
              -120.6574931,
              35.3043027
            ],
            [
              -120.6574717,
              35.3042776
            ],
            [
              -120.6573667,
              35.3043317
            ],
            [
              -120.657371,
              35.3043409
            ],
            [
              -120.6573247,
              35.3043753
            ],
            [
              -120.657301,
              35.3043872
            ],
            [
              -120.6572784,
              35.304361
            ],
            [
              -120.6571657,
              35.3044166
            ],
            [
              -120.6571846,
              35.3044488
            ],
            [
              -120.6571462,
              35.304464
            ],
            [
              -120.6571227,
              35.3044802
            ],
            [
              -120.657098,
              35.3044513
            ],
            [
              -120.656842,
              35.30457
            ],
            [
              -120.656865,
              35.3046009
            ],
            [
              -120.6568464,
              35.3046078
            ],
            [
              -120.6568749,
              35.3046453
            ],
            [
              -120.6568298,
              35.3046671
            ],
            [
              -120.6568489,
              35.3046956
            ],
            [
              -120.6567807,
              35.3047283
            ],
            [
              -120.6567925,
              35.3047434
            ],
            [
              -120.6567562,
              35.3047603
            ],
            [
              -120.656913,
              35.3049715
            ],
            [
              -120.6569477,
              35.3049557
            ],
            [
              -120.6569584,
              35.3049701
            ],
            [
              -120.6570611,
              35.3049205
            ],
            [
              -120.6569896,
              35.3048219
            ],
            [
              -120.6570363,
              35.3048002
            ],
            [
              -120.6570168,
              35.3047716
            ],
            [
              -120.6569689,
              35.3047938
            ],
            [
              -120.6569036,
              35.3047047
            ],
            [
              -120.6569311,
              35.3046913
            ],
            [
              -120.6569544,
              35.3047209
            ],
            [
              -120.6571996,
              35.3046014
            ],
            [
              -120.6571771,
              35.3045717
            ],
            [
              -120.6571959,
              35.3045633
            ],
            [
              -120.6571738,
              35.3045341
            ],
            [
              -120.657189,
              35.3045268
            ],
            [
              -120.657207,
              35.3045181
            ],
            [
              -120.6572267,
              35.3045451
            ],
            [
              -120.6572433,
              35.3045368
            ],
            [
              -120.6572649,
              35.3045685
            ],
            [
              -120.6573896,
              35.3045095
            ],
            [
              -120.6573681,
              35.3044796
            ],
            [
              -120.657379,
              35.304477
            ],
            [
              -120.6573853,
              35.3044711
            ],
            [
              -120.6573739,
              35.3044567
            ],
            [
              -120.6574081,
              35.3044414
            ],
            [
              -120.6574268,
              35.3044646
            ],
            [
              -120.6574551,
              35.3044522
            ],
            [
              -120.6574639,
              35.3044595
            ],
            [
              -120.6575677,
              35.3044091
            ],
            [
              -120.6575491,
              35.3043827
            ],
            [
              -120.6575618,
              35.304377
            ]
          ]
        ]
      },
      "id": "way/45637468"
    },
    {
      "type": "Feature",
      "properties": {
        "@id": "way/45637469",
        "addr:city": "San Luis Obispo",
        "addr:postcode": "93407",
        "addr:street": "Grand",
        "building": "residential",
        "name": "Hollister",
        "operator": "California Polytechnic State University",
        "ref": "170C",
        "residential": "university"
      },
      "geometry": {
        "type": "Polygon",
        "coordinates": [
          [
            [
              -120.6578109,
              35.3047539
            ],
            [
              -120.657776,
              35.3046652
            ],
            [
              -120.6577603,
              35.3046697
            ],
            [
              -120.6577462,
              35.304642
            ],
            [
              -120.6576253,
              35.3046789
            ],
            [
              -120.6576293,
              35.3046885
            ],
            [
              -120.6575681,
              35.304707
            ],
            [
              -120.657544,
              35.3047142
            ],
            [
              -120.657536,
              35.3046941
            ],
            [
              -120.657407,
              35.3047334
            ],
            [
              -120.6574235,
              35.3047676
            ],
            [
              -120.6573925,
              35.3047766
            ],
            [
              -120.6573534,
              35.3047879
            ],
            [
              -120.657339,
              35.3047598
            ],
            [
              -120.6570672,
              35.3048412
            ],
            [
              -120.6570833,
              35.3048754
            ],
            [
              -120.6570644,
              35.3048804
            ],
            [
              -120.6570826,
              35.3049203
            ],
            [
              -120.6570345,
              35.3049362
            ],
            [
              -120.6570486,
              35.3049643
            ],
            [
              -120.6569723,
              35.3049872
            ],
            [
              -120.6569809,
              35.3050039
            ],
            [
              -120.6569421,
              35.3050161
            ],
            [
              -120.6570503,
              35.3052468
            ],
            [
              -120.657089,
              35.3052349
            ],
            [
              -120.6570964,
              35.3052498
            ],
            [
              -120.6572101,
              35.3052174
            ],
            [
              -120.6571678,
              35.3051264
            ],
            [
              -120.6571608,
              35.3051113
            ],
            [
              -120.6572132,
              35.3050942
            ],
            [
              -120.657198,
              35.3050624
            ],
            [
              -120.6571444,
              35.3050801
            ],
            [
              -120.6571013,
              35.3049838
            ],
            [
              -120.6571301,
              35.3049742
            ],
            [
              -120.6571467,
              35.3050082
            ],
            [
              -120.6574183,
              35.304925
            ],
            [
              -120.6574012,
              35.3048907
            ],
            [
              -120.657419,
              35.304886
            ],
            [
              -120.6574042,
              35.3048537
            ],
            [
              -120.657421,
              35.3048485
            ],
            [
              -120.6574376,
              35.3048433
            ],
            [
              -120.6574516,
              35.3048736
            ],
            [
              -120.6574698,
              35.3048671
            ],
            [
              -120.6574865,
              35.3049005
            ],
            [
              -120.657616,
              35.3048615
            ],
            [
              -120.6575979,
              35.3048278
            ],
            [
              -120.6576217,
              35.3048211
            ],
            [
              -120.6576529,
              35.3048122
            ],
            [
              -120.6576569,
              35.3048209
            ],
            [
              -120.6576869,
              35.3048121
            ],
            [
              -120.6576912,
              35.3048221
            ],
            [
              -120.6578118,
              35.304786
            ],
            [
              -120.6578,
              35.3047574
            ],
            [
              -120.6578109,
              35.3047539
            ]
          ]
        ]
      },
      "id": "way/45637469"
    },
    {
      "type": "Feature",
      "properties": {
        "@id": "way/45637755",
        "addr:housenumber": "41B",
        "building": "university",
        "name": "Reinhold Aerospace",
        "ref": "41B"
      },
      "geometry": {
        "type": "Polygon",
        "coordinates": [
          [
            [
              -120.6660071,
              35.3023195
            ],
            [
              -120.6661333,
              35.3022925
            ],
            [
              -120.6661366,
              35.3022919
            ],
            [
              -120.6660272,
              35.3019143
            ],
            [
              -120.6660126,
              35.301917
            ],
            [
              -120.6659017,
              35.301938
            ],
            [
              -120.6660071,
              35.3023195
            ]
          ]
        ]
      },
      "id": "way/45637755"
    },
    {
      "type": "Feature",
      "properties": {
        "@id": "way/45638383",
        "building": "university"
      },
      "geometry": {
        "type": "Polygon",
        "coordinates": [
          [
            [
              -120.6608619,
              35.3042299
            ],
            [
              -120.660836,
              35.3039762
            ],
            [
              -120.6607086,
              35.3039849
            ],
            [
              -120.6607294,
              35.3041895
            ],
            [
              -120.6607418,
              35.3041887
            ],
            [
              -120.6607468,
              35.3042377
            ],
            [
              -120.6608619,
              35.3042299
            ]
          ]
        ]
      },
      "id": "way/45638383"
    },
    {
      "type": "Feature",
      "properties": {
        "@id": "way/45638385",
        "building": "university"
      },
      "geometry": {
        "type": "Polygon",
        "coordinates": [
          [
            [
              -120.6602219,
              35.3044794
            ],
            [
              -120.6602118,
              35.3043881
            ],
            [
              -120.6600399,
              35.3044008
            ],
            [
              -120.6600477,
              35.3044708
            ],
            [
              -120.660078,
              35.3044685
            ],
            [
              -120.6600803,
              35.3044899
            ],
            [
              -120.6602219,
              35.3044794
            ]
          ]
        ]
      },
      "id": "way/45638385"
    },
    {
      "type": "Feature",
      "properties": {
        "@id": "way/45638386",
        "building": "university"
      },
      "geometry": {
        "type": "Polygon",
        "coordinates": [
          [
            [
              -120.6605306,
              35.3042748
            ],
            [
              -120.6605426,
              35.3039617
            ],
            [
              -120.6604728,
              35.3039599
            ],
            [
              -120.6604608,
              35.304273
            ],
            [
              -120.6605306,
              35.3042748
            ]
          ]
        ]
      },
      "id": "way/45638386"
    },
    {
      "type": "Feature",
      "properties": {
        "@id": "way/45638387",
        "building": "yes"
      },
      "geometry": {
        "type": "Polygon",
        "coordinates": [
          [
            [
              -120.6592711,
              35.3042898
            ],
            [
              -120.6592687,
              35.3042536
            ],
            [
              -120.6592943,
              35.3042525
            ],
            [
              -120.6592899,
              35.3041871
            ],
            [
              -120.6591651,
              35.3041927
            ],
            [
              -120.6591697,
              35.3042605
            ],
            [
              -120.6591965,
              35.3042593
            ],
            [
              -120.6591988,
              35.304293
            ],
            [
              -120.6592711,
              35.3042898
            ]
          ]
        ]
      },
      "id": "way/45638387"
    },
    {
      "type": "Feature",
      "properties": {
        "@id": "way/45638388",
        "addr:city": "San Luis Obispo",
        "addr:postcode": "93407",
        "addr:street": "Grand",
        "building": "dormitory",
        "building:levels": "3",
        "name": "106 Santa Lucia Hall",
        "ref": "106",
        "smoking": "no",
        "university-function": "hall of residence"
      },
      "geometry": {
        "type": "Polygon",
        "coordinates": [
          [
            [
              -120.6580411,
              35.3019315
            ],
            [
              -120.6580798,
              35.3019014
            ],
            [
              -120.6580886,
              35.3019095
            ],
            [
              -120.6581017,
              35.30192
            ],
            [
              -120.658163,
              35.3018722
            ],
            [
              -120.6578427,
              35.3016017
            ],
            [
              -120.6579577,
              35.3015108
            ],
            [
              -120.6578887,
              35.3014517
            ],
            [
              -120.6578098,
              35.3015121
            ],
            [
              -120.6577983,
              35.3015014
            ],
            [
              -120.6574695,
              35.301219
            ],
            [
              -120.6574064,
              35.3012682
            ],
            [
              -120.6574284,
              35.3012869
            ],
            [
              -120.6573907,
              35.3013146
            ],
            [
              -120.6577126,
              35.3015915
            ],
            [
              -120.6576596,
              35.3016328
            ],
            [
              -120.6575958,
              35.3015783
            ],
            [
              -120.657491,
              35.30166
            ],
            [
              -120.6576219,
              35.3017718
            ],
            [
              -120.6577433,
              35.3016771
            ],
            [
              -120.6580411,
              35.3019315
            ]
          ]
        ]
      },
      "id": "way/45638388"
    },
    {
      "type": "Feature",
      "properties": {
        "@id": "way/45638389",
        "addr:city": "San Luis Obispo",
        "addr:postcode": "93407",
        "addr:street": "Grand",
        "amenity": "police",
        "building": "university",
        "name": "University Police",
        "ref": "36"
      },
      "geometry": {
        "type": "Polygon",
        "coordinates": [
          [
            [
              -120.661366,
              35.3040724
            ],
            [
              -120.6618972,
              35.3040335
            ],
            [
              -120.66186,
              35.3036948
            ],
            [
              -120.661638,
              35.3037111
            ],
            [
              -120.6616572,
              35.3038859
            ],
            [
              -120.6613887,
              35.3039055
            ],
            [
              -120.6613938,
              35.3039515
            ],
            [
              -120.661353,
              35.3039544
            ],
            [
              -120.661366,
              35.3040724
            ]
          ]
        ]
      },
      "id": "way/45638389"
    },
    {
      "type": "Feature",
      "properties": {
        "@id": "way/45638390",
        "addr:city": "San Luis Obispo",
        "addr:postcode": "93407",
        "addr:street": "Grand",
        "building": "university",
        "name": "Welding",
        "ref": "58"
      },
      "geometry": {
        "type": "Polygon",
        "coordinates": [
          [
            [
              -120.6615588,
              35.3037741
            ],
            [
              -120.6615204,
              35.3033623
            ],
            [
              -120.6612582,
              35.3033786
            ],
            [
              -120.6612639,
              35.30344
            ],
            [
              -120.6612792,
              35.3034391
            ],
            [
              -120.661312,
              35.3037894
            ],
            [
              -120.6615588,
              35.3037741
            ]
          ]
        ]
      },
      "id": "way/45638390"
    },
    {
      "type": "Feature",
      "properties": {
        "@id": "way/45638391",
        "addr:city": "San Luis Obispo",
        "addr:housenumber": "11",
        "addr:postcode": "93407",
        "addr:street": "Grand",
        "building": "university",
        "name": "Agricultural Sciences",
        "ref": "11"
      },
      "geometry": {
        "type": "Polygon",
        "coordinates": [
          [
            [
              -120.6625278,
              35.3026861
            ],
            [
              -120.6625751,
              35.3028517
            ],
            [
              -120.6626082,
              35.3028535
            ],
            [
              -120.6626204,
              35.302875
            ],
            [
              -120.6627321,
              35.3028585
            ],
            [
              -120.6627603,
              35.3029384
            ],
            [
              -120.6628404,
              35.3029819
            ],
            [
              -120.6628855,
              35.3031189
            ],
            [
              -120.6628982,
              35.3031182
            ],
            [
              -120.6629154,
              35.3031745
            ],
            [
              -120.6631696,
              35.3031241
            ],
            [
              -120.6631534,
              35.3030706
            ],
            [
              -120.6631741,
              35.3030676
            ],
            [
              -120.6631513,
              35.3029878
            ],
            [
              -120.6631152,
              35.3029947
            ],
            [
              -120.66308,
              35.302924
            ],
            [
              -120.663107,
              35.3029169
            ],
            [
              -120.6630487,
              35.3027098
            ],
            [
              -120.663023,
              35.3027159
            ],
            [
              -120.6629893,
              35.3025982
            ],
            [
              -120.6625278,
              35.3026861
            ]
          ]
        ]
      },
      "id": "way/45638391"
    },
    {
      "type": "Feature",
      "properties": {
        "@id": "way/45638392",
        "addr:city": "San Luis Obispo",
        "addr:housenumber": "24",
        "addr:postcode": "93407",
        "addr:street": "Grand",
        "building": "university",
        "name": "Food Processing/Cal Poly Meats",
        "ref": "24"
      },
      "geometry": {
        "type": "Polygon",
        "coordinates": [
          [
            [
              -120.6632985,
              35.303891
            ],
            [
              -120.6631418,
              35.3033292
            ],
            [
              -120.6627164,
              35.3034094
            ],
            [
              -120.6628731,
              35.3039724
            ],
            [
              -120.6632985,
              35.303891
            ]
          ]
        ]
      },
      "id": "way/45638392"
    },
    {
      "type": "Feature",
      "properties": {
        "@id": "way/45638393",
        "addr:city": "San Luis Obispo",
        "addr:postcode": "93407",
        "addr:street": "Grand",
        "building": "university",
        "name": "Science North",
        "ref": "53"
      },
      "geometry": {
        "type": "Polygon",
        "coordinates": [
          [
            [
              -120.6601835,
              35.3020765
            ],
            [
              -120.6601325,
              35.3018961
            ],
            [
              -120.6598605,
              35.3019498
            ],
            [
              -120.6598395,
              35.3018802
            ],
            [
              -120.659688,
              35.3019099
            ],
            [
              -120.6595261,
              35.3019451
            ],
            [
              -120.6595624,
              35.3020875
            ],
            [
              -120.6595704,
              35.3021149
            ],
            [
              -120.6595931,
              35.3021919
            ],
            [
              -120.6601835,
              35.3020765
            ]
          ]
        ]
      },
      "id": "way/45638393"
    },
    {
      "type": "Feature",
      "properties": {
        "@id": "way/45638394",
        "addr:city": "San Luis Obispo",
        "addr:street": "Grand",
        "building": "university",
        "name": "Faculty Offices North",
        "ref": "47"
      },
      "geometry": {
        "type": "Polygon",
        "coordinates": [
          [
            [
              -120.6601293,
              35.3023644
            ],
            [
              -120.6601959,
              35.3023517
            ],
            [
              -120.6601611,
              35.3022294
            ],
            [
              -120.6598581,
              35.3022869
            ],
            [
              -120.6598677,
              35.3023208
            ],
            [
              -120.6598527,
              35.3023237
            ],
            [
              -120.6598438,
              35.3022924
            ],
            [
              -120.6596921,
              35.3023211
            ],
            [
              -120.6597086,
              35.3023791
            ],
            [
              -120.65981,
              35.3023599
            ],
            [
              -120.6598166,
              35.3023832
            ],
            [
              -120.660084,
              35.3023325
            ],
            [
              -120.6600868,
              35.3023425
            ],
            [
              -120.6601213,
              35.302336
            ],
            [
              -120.6601293,
              35.3023644
            ]
          ]
        ]
      },
      "id": "way/45638394"
    },
    {
      "type": "Feature",
      "properties": {
        "@id": "way/45638395",
        "building": "university"
      },
      "geometry": {
        "type": "Polygon",
        "coordinates": [
          [
            [
              -120.6611434,
              35.3043986
            ],
            [
              -120.6611265,
              35.3042478
            ],
            [
              -120.6610903,
              35.3042505
            ],
            [
              -120.6610818,
              35.3041741
            ],
            [
              -120.6609697,
              35.3041824
            ],
            [
              -120.6609951,
              35.3044096
            ],
            [
              -120.6611434,
              35.3043986
            ]
          ]
        ]
      },
      "id": "way/45638395"
    },
    {
      "type": "Feature",
      "properties": {
        "@id": "way/45638396",
        "building": "university"
      },
      "geometry": {
        "type": "Polygon",
        "coordinates": [
          [
            [
              -120.66091,
              35.304498
            ],
            [
              -120.6608985,
              35.3043745
            ],
            [
              -120.6607586,
              35.3043833
            ],
            [
              -120.6607702,
              35.3045068
            ],
            [
              -120.66091,
              35.304498
            ]
          ]
        ]
      },
      "id": "way/45638396"
    },
    {
      "type": "Feature",
      "properties": {
        "@id": "way/45638397",
        "addr:city": "San Luis Obispo",
        "addr:postcode": "93407",
        "addr:street": "Grand",
        "building": "university",
        "name": "Cal Poly Campus Market",
        "opening_hours": "Mo-Th 07:30-16:30; Fr 07:30-16:00",
        "ref": "24",
        "shop": "convenience"
      },
      "geometry": {
        "type": "Polygon",
        "coordinates": [
          [
            [
              -120.6627294,
              35.3033975
            ],
            [
              -120.6630312,
              35.3033417
            ],
            [
              -120.6630282,
              35.3033279
            ],
            [
              -120.6631214,
              35.3033098
            ],
            [
              -120.6631629,
              35.3033021
            ],
            [
              -120.6631796,
              35.3033377
            ],
            [
              -120.6632589,
              35.3033147
            ],
            [
              -120.6632198,
              35.3032244
            ],
            [
              -120.6632119,
              35.3032253
            ],
            [
              -120.6631998,
              35.303183
            ],
            [
              -120.6626941,
              35.303272
            ],
            [
              -120.6627294,
              35.3033975
            ]
          ]
        ]
      },
      "id": "way/45638397"
    },
    {
      "type": "Feature",
      "properties": {
        "@id": "way/45638398",
        "building": "university"
      },
      "geometry": {
        "type": "Polygon",
        "coordinates": [
          [
            [
              -120.6620062,
              35.3047219
            ],
            [
              -120.6619953,
              35.3046643
            ],
            [
              -120.6619535,
              35.3046713
            ],
            [
              -120.6619456,
              35.3046374
            ],
            [
              -120.6616568,
              35.3046831
            ],
            [
              -120.6613488,
              35.3047783
            ],
            [
              -120.6613456,
              35.3047717
            ],
            [
              -120.6612768,
              35.3047921
            ],
            [
              -120.6613197,
              35.3048868
            ],
            [
              -120.6616901,
              35.3047743
            ],
            [
              -120.6620062,
              35.3047219
            ]
          ]
        ]
      },
      "id": "way/45638398"
    },
    {
      "type": "Feature",
      "properties": {
        "@id": "way/45638400",
        "addr:city": "San Luis Obispo",
        "addr:housenumber": "52",
        "addr:postcode": "93407",
        "addr:street": "Grand",
        "building": "university",
        "building:levels": "1",
        "name": "Science",
        "ref": "52"
      },
      "geometry": {
        "type": "Polygon",
        "coordinates": [
          [
            [
              -120.6600176,
              35.3007801
            ],
            [
              -120.6601094,
              35.3007343
            ],
            [
              -120.6601435,
              35.3007386
            ],
            [
              -120.6601906,
              35.3008342
            ],
            [
              -120.6601603,
              35.3008441
            ],
            [
              -120.6602025,
              35.3009445
            ],
            [
              -120.660337,
              35.3009127
            ],
            [
              -120.6603653,
              35.3009045
            ],
            [
              -120.6604308,
              35.3008785
            ],
            [
              -120.6604383,
              35.3008976
            ],
            [
              -120.660481,
              35.3008811
            ],
            [
              -120.6604162,
              35.3007745
            ],
            [
              -120.6603916,
              35.3007834
            ],
            [
              -120.6603078,
              35.3006114
            ],
            [
              -120.6602856,
              35.3004243
            ],
            [
              -120.6604911,
              35.3004055
            ],
            [
              -120.6604925,
              35.3004155
            ],
            [
              -120.6605428,
              35.3004119
            ],
            [
              -120.6605605,
              35.3005209
            ],
            [
              -120.66069,
              35.300508
            ],
            [
              -120.6606651,
              35.3003282
            ],
            [
              -120.6606608,
              35.3002917
            ],
            [
              -120.6606861,
              35.3002895
            ],
            [
              -120.6606712,
              35.3001632
            ],
            [
              -120.6603857,
              35.3001908
            ],
            [
              -120.6603914,
              35.3002267
            ],
            [
              -120.6602684,
              35.300236
            ],
            [
              -120.6602552,
              35.300132
            ],
            [
              -120.6603165,
              35.3001247
            ],
            [
              -120.6603065,
              35.3000523
            ],
            [
              -120.6601921,
              35.3000547
            ],
            [
              -120.6601955,
              35.3000433
            ],
            [
              -120.6601342,
              35.3000461
            ],
            [
              -120.6601119,
              35.3000467
            ],
            [
              -120.660121,
              35.3001075
            ],
            [
              -120.6601244,
              35.3001374
            ],
            [
              -120.660047,
              35.3001424
            ],
            [
              -120.6600494,
              35.3001777
            ],
            [
              -120.660033,
              35.3001786
            ],
            [
              -120.6600407,
              35.3002299
            ],
            [
              -120.6596779,
              35.3002621
            ],
            [
              -120.6596794,
              35.3002722
            ],
            [
              -120.6596634,
              35.3002749
            ],
            [
              -120.6596395,
              35.3002781
            ],
            [
              -120.6596021,
              35.3002811
            ],
            [
              -120.6596047,
              35.3003121
            ],
            [
              -120.6593547,
              35.3003359
            ],
            [
              -120.6593509,
              35.3004
            ],
            [
              -120.6593032,
              35.3004054
            ],
            [
              -120.6593142,
              35.3005083
            ],
            [
              -120.6592724,
              35.3005132
            ],
            [
              -120.6592761,
              35.3005495
            ],
            [
              -120.6593897,
              35.3005396
            ],
            [
              -120.6593849,
              35.3005035
            ],
            [
              -120.6596599,
              35.3004784
            ],
            [
              -120.6596598,
              35.3004565
            ],
            [
              -120.6597524,
              35.3004495
            ],
            [
              -120.6597551,
              35.3004569
            ],
            [
              -120.6597966,
              35.3004563
            ],
            [
              -120.6597967,
              35.3004647
            ],
            [
              -120.6599153,
              35.3004542
            ],
            [
              -120.6600875,
              35.3004392
            ],
            [
              -120.6600983,
              35.3005537
            ],
            [
              -120.6598643,
              35.3005733
            ],
            [
              -120.6598555,
              35.300507
            ],
            [
              -120.6597418,
              35.3005361
            ],
            [
              -120.6597463,
              35.3005604
            ],
            [
              -120.6596742,
              35.3005688
            ],
            [
              -120.6596763,
              35.3005949
            ],
            [
              -120.65937,
              35.3006206
            ],
            [
              -120.6593805,
              35.3006913
            ],
            [
              -120.6593564,
              35.3006954
            ],
            [
              -120.6593647,
              35.3007469
            ],
            [
              -120.6593873,
              35.3007468
            ],
            [
              -120.659399,
              35.3008273
            ],
            [
              -120.6594268,
              35.3008227
            ],
            [
              -120.6594352,
              35.3008334
            ],
            [
              -120.6600176,
              35.3007801
            ]
          ]
        ]
      },
      "id": "way/45638400"
    },
    {
      "type": "Feature",
      "properties": {
        "@id": "way/45638401",
        "addr:city": "San Luis Obispo",
        "addr:postcode": "93407",
        "addr:street": "Grand",
        "building": "university",
        "name": "Cal Poly University Store",
        "ref": "65"
      },
      "geometry": {
        "type": "Polygon",
        "coordinates": [
          [
            [
              -120.6589314,
              35.3001004
            ],
            [
              -120.6590919,
              35.3002637
            ],
            [
              -120.6591354,
              35.3002792
            ],
            [
              -120.6591494,
              35.3002585
            ],
            [
              -120.6592225,
              35.3002836
            ],
            [
              -120.6593722,
              35.3001908
            ],
            [
              -120.6593536,
              35.3001293
            ],
            [
              -120.6594204,
              35.3000866
            ],
            [
              -120.6594843,
              35.3001492
            ],
            [
              -120.6595343,
              35.3001157
            ],
            [
              -120.6594928,
              35.3000753
            ],
            [
              -120.6595418,
              35.3000439
            ],
            [
              -120.6593433,
              35.2998392
            ],
            [
              -120.659177,
              35.299945
            ],
            [
              -120.659104,
              35.2999167
            ],
            [
              -120.658954,
              35.300012
            ],
            [
              -120.6589654,
              35.3000753
            ],
            [
              -120.6589314,
              35.3001004
            ]
          ]
        ]
      },
      "id": "way/45638401"
    },
    {
      "type": "Feature",
      "properties": {
        "@id": "way/45638402",
        "addr:city": "San Luis Obispo",
        "addr:postcode": "93407",
        "addr:street": "Grand",
        "building": "university",
        "name": "Administration",
        "ref": "01"
      },
      "geometry": {
        "type": "Polygon",
        "coordinates": [
          [
            [
              -120.6587514,
              35.3012137
            ],
            [
              -120.6588563,
              35.3008172
            ],
            [
              -120.6584338,
              35.3007427
            ],
            [
              -120.6583836,
              35.3009326
            ],
            [
              -120.6584165,
              35.3009384
            ],
            [
              -120.6583889,
              35.3010427
            ],
            [
              -120.6583148,
              35.3010297
            ],
            [
              -120.6582739,
              35.301184
            ],
            [
              -120.6586955,
              35.3012583
            ],
            [
              -120.6587093,
              35.3012063
            ],
            [
              -120.6587514,
              35.3012137
            ]
          ]
        ]
      },
      "id": "way/45638402"
    },
    {
      "type": "Feature",
      "properties": {
        "@id": "way/45638403",
        "addr:street": "Grand",
        "building": "university",
        "name": "Clyde P. Fisher Science",
        "ref": "33"
      },
      "geometry": {
        "type": "Polygon",
        "coordinates": [
          [
            [
              -120.6596335,
              35.3026056
            ],
            [
              -120.6595169,
              35.3022078
            ],
            [
              -120.6594653,
              35.3022162
            ],
            [
              -120.6594497,
              35.3021591
            ],
            [
              -120.6594432,
              35.3021351
            ],
            [
              -120.6594374,
              35.3021126
            ],
            [
              -120.659491,
              35.302099
            ],
            [
              -120.6594089,
              35.3018189
            ],
            [
              -120.6593968,
              35.3018209
            ],
            [
              -120.6593854,
              35.301779
            ],
            [
              -120.6593011,
              35.3017973
            ],
            [
              -120.6592889,
              35.3017503
            ],
            [
              -120.6592869,
              35.3017391
            ],
            [
              -120.6591551,
              35.3017666
            ],
            [
              -120.6592366,
              35.3020614
            ],
            [
              -120.659253,
              35.3021205
            ],
            [
              -120.6589785,
              35.3021755
            ],
            [
              -120.6590315,
              35.3023564
            ],
            [
              -120.6593081,
              35.3023054
            ],
            [
              -120.6593873,
              35.3025769
            ],
            [
              -120.6594835,
              35.3025587
            ],
            [
              -120.6595038,
              35.3026302
            ],
            [
              -120.6596335,
              35.3026056
            ]
          ]
        ]
      },
      "id": "way/45638403"
    },
    {
      "type": "Feature",
      "properties": {
        "@id": "way/45638404",
        "addr:city": "San Luis Obispo",
        "addr:postcode": "93407",
        "addr:street": "Grand",
        "building": "dormitory",
        "building:levels": "2",
        "name": "103 Whitney Hall",
        "ref": "103"
      },
      "geometry": {
        "type": "Polygon",
        "coordinates": [
          [
            [
              -120.657959,
              35.3027753
            ],
            [
              -120.6581148,
              35.3022906
            ],
            [
              -120.658094,
              35.3022857
            ],
            [
              -120.6579789,
              35.3022614
            ],
            [
              -120.657831,
              35.302745
            ],
            [
              -120.657959,
              35.3027753
            ]
          ]
        ]
      },
      "id": "way/45638404"
    },
    {
      "type": "Feature",
      "properties": {
        "@id": "way/45638405",
        "addr:city": "San Luis Obispo",
        "addr:postcode": "93407",
        "addr:street": "Grand",
        "building": "dormitory",
        "building:levels": "2",
        "name": "104 Lassen Hall",
        "ref": "104"
      },
      "geometry": {
        "type": "Polygon",
        "coordinates": [
          [
            [
              -120.6585511,
              35.3026867
            ],
            [
              -120.6584351,
              35.3022258
            ],
            [
              -120.6583046,
              35.3022505
            ],
            [
              -120.6584178,
              35.3027126
            ],
            [
              -120.6585511,
              35.3026867
            ]
          ]
        ]
      },
      "id": "way/45638405"
    },
    {
      "type": "Feature",
      "properties": {
        "@id": "way/45638408",
        "addr:city": "San Luis Obispo",
        "addr:housenumber": "5",
        "addr:postcode": "93407",
        "addr:street": "Grand",
        "building": "university",
        "name": "Architecture and Environmental Design",
        "ref": "05"
      },
      "geometry": {
        "type": "Polygon",
        "coordinates": [
          [
            [
              -120.6649016,
              35.3009311
            ],
            [
              -120.6648552,
              35.3007628
            ],
            [
              -120.6646523,
              35.3008001
            ],
            [
              -120.6646298,
              35.3007215
            ],
            [
              -120.6645258,
              35.3007392
            ],
            [
              -120.6645005,
              35.3006576
            ],
            [
              -120.6644082,
              35.3006736
            ],
            [
              -120.6643842,
              35.3005963
            ],
            [
              -120.6643643,
              35.3005988
            ],
            [
              -120.6643355,
              35.3005075
            ],
            [
              -120.664224,
              35.300528
            ],
            [
              -120.6642548,
              35.3006396
            ],
            [
              -120.6643005,
              35.3006308
            ],
            [
              -120.6643205,
              35.3006915
            ],
            [
              -120.6640325,
              35.3007464
            ],
            [
              -120.6640535,
              35.3008281
            ],
            [
              -120.664133,
              35.3008139
            ],
            [
              -120.6641619,
              35.3009013
            ],
            [
              -120.6642085,
              35.3010584
            ],
            [
              -120.6649016,
              35.3009311
            ]
          ]
        ]
      },
      "id": "way/45638408"
    },
    {
      "type": "Feature",
      "properties": {
        "@id": "way/45638410",
        "addr:housenumber": "7A",
        "building": "university"
      },
      "geometry": {
        "type": "Polygon",
        "coordinates": [
          [
            [
              -120.6657102,
              35.3020696
            ],
            [
              -120.665683,
              35.3019788
            ],
            [
              -120.6655269,
              35.3020098
            ],
            [
              -120.6655541,
              35.3021006
            ],
            [
              -120.6657102,
              35.3020696
            ]
          ]
        ]
      },
      "id": "way/45638410"
    },
    {
      "type": "Feature",
      "properties": {
        "@id": "way/45638411",
        "building": "yes"
      },
      "geometry": {
        "type": "Polygon",
        "coordinates": [
          [
            [
              -120.6640076,
              35.3007104
            ],
            [
              -120.6642098,
              35.3006733
            ],
            [
              -120.6641635,
              35.3005053
            ],
            [
              -120.664081,
              35.3005213
            ],
            [
              -120.6640614,
              35.3004436
            ],
            [
              -120.6638605,
              35.3004802
            ],
            [
              -120.6639041,
              35.3006472
            ],
            [
              -120.6639886,
              35.3006325
            ],
            [
              -120.6640076,
              35.3007104
            ]
          ]
        ]
      },
      "id": "way/45638411"
    },
    {
      "type": "Feature",
      "properties": {
        "@id": "way/45644097",
        "building": "yes",
        "name": "Reservoir #1"
      },
      "geometry": {
        "type": "Polygon",
        "coordinates": [
          [
            [
              -120.6556559,
              35.3028238
            ],
            [
              -120.6555778,
              35.3025278
            ],
            [
              -120.6553719,
              35.3025638
            ],
            [
              -120.65545,
              35.3028604
            ],
            [
              -120.6556559,
              35.3028238
            ]
          ]
        ]
      },
      "id": "way/45644097"
    },
    {
      "type": "Feature",
      "properties": {
        "@id": "way/45644100",
        "addr:city": "San Luis Obispo",
        "addr:postcode": "93407",
        "addr:street": "Grand",
        "building": "university",
        "min_level": "-1",
        "name": "Construction Innovations Center",
        "ref": "186"
      },
      "geometry": {
        "type": "Polygon",
        "coordinates": [
          [
            [
              -120.6622743,
              35.2991484
            ],
            [
              -120.6623494,
              35.2994174
            ],
            [
              -120.6630228,
              35.2992913
            ],
            [
              -120.6630653,
              35.2994233
            ],
            [
              -120.6630842,
              35.2994188
            ],
            [
              -120.6631001,
              35.2994156
            ],
            [
              -120.6633277,
              35.2993724
            ],
            [
              -120.6633271,
              35.2993517
            ],
            [
              -120.6633731,
              35.2993425
            ],
            [
              -120.6633623,
              35.2992964
            ],
            [
              -120.6633274,
              35.2991588
            ],
            [
              -120.6631453,
              35.2991904
            ],
            [
              -120.6631521,
              35.2992204
            ],
            [
              -120.6630021,
              35.299247
            ],
            [
              -120.6629684,
              35.2991251
            ],
            [
              -120.662492,
              35.2992125
            ],
            [
              -120.6624884,
              35.2992017
            ],
            [
              -120.6624107,
              35.2992179
            ],
            [
              -120.6623832,
              35.2991278
            ],
            [
              -120.6622743,
              35.2991484
            ]
          ]
        ]
      },
      "id": "way/45644100"
    },
    {
      "type": "Feature",
      "properties": {
        "@id": "way/45644158",
        "access": "permissive",
        "addr:city": "San Luis Obispo",
        "addr:postcode": "93407",
        "addr:state": "CA",
        "addr:street": "Grand",
        "amenity": "parking",
        "building": "parking",
        "capacity": "937",
        "fee": "yes",
        "maxstay": "1.5 hours",
        "name": "Village Drive Parking Structure (271)",
        "operator": "Cal Poly Transportation and Parking Services",
        "park_ride": "no",
        "parking": "multi-storey",
        "supervised": "yes",
        "surface": "paved",
        "website": "https://afd.calpoly.edu/parking/parkingoncampus/parkinglots/#r3lot"
      },
      "geometry": {
        "type": "Polygon",
        "coordinates": [
          [
            [
              -120.6597374,
              35.3066086
            ],
            [
              -120.6598192,
              35.3065714
            ],
            [
              -120.6606497,
              35.3061779
            ],
            [
              -120.6606152,
              35.3061291
            ],
            [
              -120.6606604,
              35.3061078
            ],
            [
              -120.6604063,
              35.3057495
            ],
            [
              -120.6603767,
              35.3057635
            ],
            [
              -120.6603543,
              35.3057319
            ],
            [
              -120.6594511,
              35.3061583
            ],
            [
              -120.6594753,
              35.3061925
            ],
            [
              -120.6593479,
              35.3062621
            ],
            [
              -120.6594568,
              35.3064303
            ],
            [
              -120.6595432,
              35.3063866
            ],
            [
              -120.659687,
              35.3065894
            ],
            [
              -120.6597145,
              35.3065763
            ],
            [
              -120.6597374,
              35.3066086
            ]
          ]
        ]
      },
      "id": "way/45644158"
    },
    {
      "type": "Feature",
      "properties": {
        "@id": "way/45644212",
        "addr:city": "San Luis Obispo",
        "addr:postcode": "93407",
        "addr:street": "Grand",
        "building": "dormitory",
        "name": "81 Hillcrest",
        "ref": "81"
      },
      "geometry": {
        "type": "Polygon",
        "coordinates": [
          [
            [
              -120.6579822,
              35.3020011
            ],
            [
              -120.6579819,
              35.3020857
            ],
            [
              -120.6580287,
              35.3020859
            ],
            [
              -120.6580287,
              35.3020914
            ],
            [
              -120.6581279,
              35.3020917
            ],
            [
              -120.6581278,
              35.3021126
            ],
            [
              -120.6582796,
              35.3021131
            ],
            [
              -120.6582798,
              35.3020744
            ],
            [
              -120.658302,
              35.3020745
            ],
            [
              -120.6583023,
              35.30201
            ],
            [
              -120.6582836,
              35.30201
            ],
            [
              -120.6582845,
              35.301968
            ],
            [
              -120.6581092,
              35.301967
            ],
            [
              -120.658105,
              35.3020078
            ],
            [
              -120.6580669,
              35.3020077
            ],
            [
              -120.6580669,
              35.3020013
            ],
            [
              -120.6579822,
              35.3020011
            ]
          ]
        ]
      },
      "id": "way/45644212"
    },
    {
      "type": "Feature",
      "properties": {
        "@id": "way/45644213",
        "addr:city": "San Luis Obispo",
        "addr:postcode": "93407",
        "addr:street": "Grand",
        "building": "university",
        "name": "31 Housing and Residential Life",
        "ref": "31"
      },
      "geometry": {
        "type": "Polygon",
        "coordinates": [
          [
            [
              -120.657413,
              35.3019163
            ],
            [
              -120.6576324,
              35.3021403
            ],
            [
              -120.6577547,
              35.3020605
            ],
            [
              -120.6577614,
              35.3020561
            ],
            [
              -120.657638,
              35.3019301
            ],
            [
              -120.6576151,
              35.3019449
            ],
            [
              -120.6575103,
              35.3018421
            ],
            [
              -120.6574396,
              35.3018803
            ],
            [
              -120.6574508,
              35.3018916
            ],
            [
              -120.657413,
              35.3019163
            ]
          ]
        ]
      },
      "id": "way/45644213"
    },
    {
      "type": "Feature",
      "properties": {
        "@id": "way/45644218",
        "building": "university"
      },
      "geometry": {
        "type": "Polygon",
        "coordinates": [
          [
            [
              -120.6610473,
              35.3036064
            ],
            [
              -120.661154,
              35.3035996
            ],
            [
              -120.6611381,
              35.3034319
            ],
            [
              -120.6610314,
              35.3034386
            ],
            [
              -120.6610473,
              35.3036064
            ]
          ]
        ]
      },
      "id": "way/45644218"
    },
    {
      "type": "Feature",
      "properties": {
        "@id": "way/45644222",
        "addr:city": "San Luis Obispo",
        "addr:housenumber": "41A",
        "addr:postcode": "93407",
        "addr:street": "Grand",
        "building": "university",
        "name": "Brown Engineering",
        "ref": "41A"
      },
      "geometry": {
        "type": "Polygon",
        "coordinates": [
          [
            [
              -120.6655123,
              35.3025264
            ],
            [
              -120.6655798,
              35.3027634
            ],
            [
              -120.665623,
              35.3027509
            ],
            [
              -120.6656281,
              35.3027658
            ],
            [
              -120.6656061,
              35.3027748
            ],
            [
              -120.665625,
              35.3028049
            ],
            [
              -120.6657428,
              35.3027619
            ],
            [
              -120.6658689,
              35.3027215
            ],
            [
              -120.666024,
              35.3026826
            ],
            [
              -120.6661756,
              35.3026584
            ],
            [
              -120.6662779,
              35.3026513
            ],
            [
              -120.6662751,
              35.3026204
            ],
            [
              -120.6662129,
              35.302625
            ],
            [
              -120.6662126,
              35.302609
            ],
            [
              -120.6663144,
              35.3026043
            ],
            [
              -120.6663309,
              35.3025616
            ],
            [
              -120.666326,
              35.3025314
            ],
            [
              -120.6662745,
              35.3024493
            ],
            [
              -120.6661846,
              35.3024659
            ],
            [
              -120.6661647,
              35.3024011
            ],
            [
              -120.6655123,
              35.3025264
            ]
          ]
        ]
      },
      "id": "way/45644222"
    },
    {
      "type": "Feature",
      "properties": {
        "@id": "way/45644223",
        "addr:housenumber": "41C",
        "building": "university",
        "university-function": "academic school or college"
      },
      "geometry": {
        "type": "Polygon",
        "coordinates": [
          [
            [
              -120.6662647,
              35.3021063
            ],
            [
              -120.6661826,
              35.3018463
            ],
            [
              -120.6660948,
              35.3018648
            ],
            [
              -120.6661769,
              35.3021248
            ],
            [
              -120.6662647,
              35.3021063
            ]
          ]
        ]
      },
      "id": "way/45644223"
    },
    {
      "type": "Feature",
      "properties": {
        "@id": "way/118003905",
        "addr:city": "San Luis Obispo",
        "addr:postcode": "93407",
        "addr:street": "Grand",
        "building": "university",
        "building:use": "office",
        "name": "Julian A. McPhee University Union (65)",
        "office": "Cal Poly ASI"
      },
      "geometry": {
        "type": "Polygon",
        "coordinates": [
          [
            [
              -120.6587106,
              35.3001112
            ],
            [
              -120.6588034,
              35.2999527
            ],
            [
              -120.6586024,
              35.2998733
            ],
            [
              -120.6584265,
              35.3001705
            ],
            [
              -120.6583003,
              35.3003838
            ],
            [
              -120.658503,
              35.3004636
            ],
            [
              -120.6585171,
              35.300438
            ],
            [
              -120.6586305,
              35.3004823
            ],
            [
              -120.658943,
              35.3006051
            ],
            [
              -120.6591354,
              35.3002792
            ],
            [
              -120.6590919,
              35.3002637
            ],
            [
              -120.6589314,
              35.3001004
            ],
            [
              -120.6588331,
              35.3001611
            ],
            [
              -120.6587106,
              35.3001112
            ]
          ]
        ]
      },
      "id": "way/118003905"
    },
    {
      "type": "Feature",
      "properties": {
        "@id": "way/160281818",
        "building": "university"
      },
      "geometry": {
        "type": "Polygon",
        "coordinates": [
          [
            [
              -120.6603282,
              35.3042321
            ],
            [
              -120.6602986,
              35.3039563
            ],
            [
              -120.6600643,
              35.3039731
            ],
            [
              -120.660079,
              35.3041101
            ],
            [
              -120.6600127,
              35.3041149
            ],
            [
              -120.6600276,
              35.3042536
            ],
            [
              -120.6603282,
              35.3042321
            ]
          ]
        ]
      },
      "id": "way/160281818"
    },
    {
      "type": "Feature",
      "properties": {
        "@id": "way/160415341",
        "addr:city": "San Luis Obispo",
        "addr:postcode": "93407",
        "addr:street": "Grand",
        "building": "university",
        "building:colour": "beige",
        "building:levels": "3",
        "building:levels:underground": "1",
        "building:material": "plaster",
        "building:use": "education",
        "max_level": "2",
        "min_level": "-1",
        "name": "Cotchett Education Building",
        "ref": "02"
      },
      "geometry": {
        "type": "Polygon",
        "coordinates": [
          [
            [
              -120.6646151,
              35.3004563
            ],
            [
              -120.6648572,
              35.3004112
            ],
            [
              -120.6648175,
              35.3002694
            ],
            [
              -120.66458,
              35.3003136
            ],
            [
              -120.6645574,
              35.3002337
            ],
            [
              -120.6645545,
              35.3002226
            ],
            [
              -120.6645539,
              35.3002205
            ],
            [
              -120.6645512,
              35.3002101
            ],
            [
              -120.6645356,
              35.3001586
            ],
            [
              -120.6644762,
              35.2999496
            ],
            [
              -120.6645829,
              35.2999261
            ],
            [
              -120.6645675,
              35.2998652
            ],
            [
              -120.6644552,
              35.2998849
            ],
            [
              -120.6642539,
              35.2999253
            ],
            [
              -120.6643465,
              35.300265
            ],
            [
              -120.6644255,
              35.3005552
            ],
            [
              -120.6644882,
              35.3005456
            ],
            [
              -120.6644935,
              35.3005701
            ],
            [
              -120.6645209,
              35.3005655
            ],
            [
              -120.6645495,
              35.3005608
            ],
            [
              -120.6645463,
              35.3005427
            ],
            [
              -120.6645971,
              35.3005324
            ],
            [
              -120.6645832,
              35.3004763
            ],
            [
              -120.6646185,
              35.3004684
            ],
            [
              -120.6646151,
              35.3004563
            ]
          ]
        ]
      },
      "id": "way/160415341"
    },
    {
      "type": "Feature",
      "properties": {
        "@id": "way/160415342",
        "addr:city": "San Luis Obispo",
        "addr:housenumber": "3",
        "addr:postcode": "93407",
        "addr:state": "CA",
        "addr:street": "Grand",
        "building": "university",
        "building:levels": "3",
        "email": "cobadvis@calpoly.edu",
        "fax": "+1-805-756-5452",
        "name": "Orfalea College Of Business Building",
        "phone": "+1-805-756-2705",
        "ref": "03",
        "website": "https://www.cob.calpoly.edu/"
      },
      "geometry": {
        "type": "Polygon",
        "coordinates": [
          [
            [
              -120.6646127,
              35.3002752
            ],
            [
              -120.6648373,
              35.3002363
            ],
            [
              -120.6649218,
              35.3002225
            ],
            [
              -120.6650147,
              35.3002035
            ],
            [
              -120.6650934,
              35.3001892
            ],
            [
              -120.6652927,
              35.3001515
            ],
            [
              -120.665323,
              35.3001386
            ],
            [
              -120.6653426,
              35.3001247
            ],
            [
              -120.6653489,
              35.3001126
            ],
            [
              -120.6653513,
              35.3001016
            ],
            [
              -120.6653521,
              35.3000855
            ],
            [
              -120.6653462,
              35.3000712
            ],
            [
              -120.6653294,
              35.3000497
            ],
            [
              -120.6653126,
              35.3000412
            ],
            [
              -120.6652894,
              35.3000359
            ],
            [
              -120.6652653,
              35.3000382
            ],
            [
              -120.6652118,
              35.3000453
            ],
            [
              -120.6652039,
              35.3000177
            ],
            [
              -120.6651821,
              35.2999628
            ],
            [
              -120.6651355,
              35.2998919
            ],
            [
              -120.6650894,
              35.2998417
            ],
            [
              -120.6650413,
              35.2997949
            ],
            [
              -120.6649775,
              35.2997559
            ],
            [
              -120.6649117,
              35.2997246
            ],
            [
              -120.6648423,
              35.2996973
            ],
            [
              -120.6647667,
              35.2996829
            ],
            [
              -120.6646848,
              35.2996736
            ],
            [
              -120.6646015,
              35.2996773
            ],
            [
              -120.664505,
              35.2996899
            ],
            [
              -120.6645675,
              35.2998652
            ],
            [
              -120.6645829,
              35.2999261
            ],
            [
              -120.664635,
              35.2999181
            ],
            [
              -120.6646824,
              35.2999167
            ],
            [
              -120.6647296,
              35.299922
            ],
            [
              -120.6647824,
              35.2999389
            ],
            [
              -120.6648214,
              35.2999588
            ],
            [
              -120.6648645,
              35.29999
            ],
            [
              -120.6648974,
              35.3000312
            ],
            [
              -120.6649183,
              35.300074
            ],
            [
              -120.6649243,
              35.300103
            ],
            [
              -120.6645859,
              35.3001682
            ],
            [
              -120.6645945,
              35.3002027
            ],
            [
              -120.6645978,
              35.3002155
            ],
            [
              -120.6646007,
              35.3002269
            ],
            [
              -120.6646127,
              35.3002752
            ]
          ]
        ]
      },
      "id": "way/160415342"
    },
    {
      "type": "Feature",
      "properties": {
        "@id": "way/160997971",
        "building": "yes",
        "man_made": "water_tower"
      },
      "geometry": {
        "type": "Polygon",
        "coordinates": [
          [
            [
              -120.6609614,
              35.2993859
            ],
            [
              -120.6609444,
              35.2994155
            ],
            [
              -120.6609426,
              35.2994482
            ],
            [
              -120.6609563,
              35.2994789
            ],
            [
              -120.6609834,
              35.2995031
            ],
            [
              -120.6610197,
              35.2995169
            ],
            [
              -120.6610597,
              35.2995184
            ],
            [
              -120.6610974,
              35.2995072
            ],
            [
              -120.661127,
              35.2994851
            ],
            [
              -120.661144,
              35.2994555
            ],
            [
              -120.6611457,
              35.2994228
            ],
            [
              -120.6611321,
              35.299392
            ],
            [
              -120.661105,
              35.2993679
            ],
            [
              -120.6610687,
              35.2993541
            ],
            [
              -120.6610286,
              35.2993526
            ],
            [
              -120.660991,
              35.2993638
            ],
            [
              -120.6609614,
              35.2993859
            ]
          ]
        ]
      },
      "id": "way/160997971"
    },
    {
      "type": "Feature",
      "properties": {
        "@id": "way/204428010",
        "bridge": "yes",
        "building": "university",
        "layer": "2",
        "man_made": "bridge"
      },
      "geometry": {
        "type": "Polygon",
        "coordinates": [
          [
            [
              -120.6595704,
              35.3021149
            ],
            [
              -120.6595624,
              35.3020875
            ],
            [
              -120.659491,
              35.302099
            ],
            [
              -120.6594374,
              35.3021126
            ],
            [
              -120.6594432,
              35.3021351
            ],
            [
              -120.6595704,
              35.3021149
            ]
          ]
        ]
      },
      "id": "way/204428010"
    },
    {
      "type": "Feature",
      "properties": {
        "@id": "way/205393261",
        "building": "yes",
        "name": "04D- Aero Jet Engine Test Facility"
      },
      "geometry": {
        "type": "Polygon",
        "coordinates": [
          [
            [
              -120.6652039,
              35.3055905
            ],
            [
              -120.6651493,
              35.3056372
            ],
            [
              -120.665208,
              35.3056768
            ],
            [
              -120.6652589,
              35.3056274
            ],
            [
              -120.6652039,
              35.3055905
            ]
          ]
        ]
      },
      "id": "way/205393261"
    },
    {
      "type": "Feature",
      "properties": {
        "@id": "way/205393270",
        "building": "yes"
      },
      "geometry": {
        "type": "Polygon",
        "coordinates": [
          [
            [
              -120.664144,
              35.3057518
            ],
            [
              -120.6641503,
              35.305869
            ],
            [
              -120.6641963,
              35.3058669
            ],
            [
              -120.6641867,
              35.3057535
            ],
            [
              -120.664144,
              35.3057518
            ]
          ]
        ]
      },
      "id": "way/205393270"
    },
    {
      "type": "Feature",
      "properties": {
        "@id": "way/205393309",
        "building": "yes",
        "name": "160F- Sport Complex Maintenance Building"
      },
      "geometry": {
        "type": "Polygon",
        "coordinates": [
          [
            [
              -120.6643004,
              35.3058638
            ],
            [
              -120.6642575,
              35.3059317
            ],
            [
              -120.6643842,
              35.3060264
            ],
            [
              -120.6644539,
              35.3059547
            ],
            [
              -120.6643004,
              35.3058638
            ]
          ]
        ]
      },
      "id": "way/205393309"
    },
    {
      "type": "Feature",
      "properties": {
        "@id": "way/205393312",
        "building": "yes"
      },
      "geometry": {
        "type": "Polygon",
        "coordinates": [
          [
            [
              -120.6646617,
              35.3050414
            ],
            [
              -120.664696,
              35.3050649
            ],
            [
              -120.6647227,
              35.3050389
            ],
            [
              -120.6646883,
              35.3050155
            ],
            [
              -120.6646617,
              35.3050414
            ]
          ]
        ]
      },
      "id": "way/205393312"
    },
    {
      "type": "Feature",
      "properties": {
        "@id": "way/205407027",
        "building": "university"
      },
      "geometry": {
        "type": "Polygon",
        "coordinates": [
          [
            [
              -120.6649049,
              35.3003763
            ],
            [
              -120.6649604,
              35.3004069
            ],
            [
              -120.6650279,
              35.3004085
            ],
            [
              -120.6650833,
              35.3003846
            ],
            [
              -120.6651192,
              35.300339
            ],
            [
              -120.6651203,
              35.300285
            ],
            [
              -120.6650891,
              35.3002376
            ],
            [
              -120.6650349,
              35.3002078
            ],
            [
              -120.6650147,
              35.3002035
            ],
            [
              -120.6649218,
              35.3002225
            ],
            [
              -120.6649056,
              35.3002335
            ],
            [
              -120.6648778,
              35.3002784
            ],
            [
              -120.6648755,
              35.3003308
            ],
            [
              -120.6649049,
              35.3003763
            ]
          ]
        ]
      },
      "id": "way/205407027"
    },
    {
      "type": "Feature",
      "properties": {
        "@id": "way/205407029",
        "addr:housenumber": "187",
        "building": "university",
        "name": "Materials Demonstration Lab",
        "university-function": "academic school or college"
      },
      "geometry": {
        "type": "Polygon",
        "coordinates": [
          [
            [
              -120.662793,
              35.2993569
            ],
            [
              -120.6623711,
              35.2994387
            ],
            [
              -120.6624036,
              35.2995521
            ],
            [
              -120.6628268,
              35.2994732
            ],
            [
              -120.662793,
              35.2993569
            ]
          ]
        ]
      },
      "id": "way/205407029"
    },
    {
      "type": "Feature",
      "properties": {
        "@id": "way/205407031",
        "building": "university"
      },
      "geometry": {
        "type": "Polygon",
        "coordinates": [
          [
            [
              -120.6612229,
              35.3037076
            ],
            [
              -120.6611595,
              35.3037115
            ],
            [
              -120.6611644,
              35.3037644
            ],
            [
              -120.6612278,
              35.3037605
            ],
            [
              -120.6612229,
              35.3037076
            ]
          ]
        ]
      },
      "id": "way/205407031"
    },
    {
      "type": "Feature",
      "properties": {
        "@id": "way/205407033",
        "building": "school",
        "nohousenumber": "yes"
      },
      "geometry": {
        "type": "Polygon",
        "coordinates": [
          [
            [
              -120.6615715,
              35.3007842
            ],
            [
              -120.6615066,
              35.3008227
            ],
            [
              -120.66156,
              35.3008828
            ],
            [
              -120.661625,
              35.3008443
            ],
            [
              -120.6615715,
              35.3007842
            ]
          ]
        ]
      },
      "id": "way/205407033"
    },
    {
      "type": "Feature",
      "properties": {
        "@id": "way/205407036",
        "building": "university"
      },
      "geometry": {
        "type": "Polygon",
        "coordinates": [
          [
            [
              -120.6611609,
              35.3035027
            ],
            [
              -120.6611747,
              35.3036638
            ],
            [
              -120.6612351,
              35.3036603
            ],
            [
              -120.6612306,
              35.3036082
            ],
            [
              -120.6612514,
              35.303607
            ],
            [
              -120.661242,
              35.3034981
            ],
            [
              -120.6611609,
              35.3035027
            ]
          ]
        ]
      },
      "id": "way/205407036"
    },
    {
      "type": "Feature",
      "properties": {
        "@id": "way/205407037",
        "building": "university"
      },
      "geometry": {
        "type": "Polygon",
        "coordinates": [
          [
            [
              -120.6610884,
              35.3037644
            ],
            [
              -120.6610942,
              35.3038253
            ],
            [
              -120.6611001,
              35.3038249
            ],
            [
              -120.6611052,
              35.3038781
            ],
            [
              -120.6611799,
              35.3038733
            ],
            [
              -120.6611696,
              35.3037668
            ],
            [
              -120.6611599,
              35.3037674
            ],
            [
              -120.661159,
              35.3037582
            ],
            [
              -120.6610884,
              35.3037644
            ]
          ]
        ]
      },
      "id": "way/205407037"
    },
    {
      "type": "Feature",
      "properties": {
        "@id": "way/205411389",
        "addr:city": "San Luis Obispo",
        "addr:postcode": "93407",
        "addr:street": "Grand",
        "building": "university",
        "name": "Natatorium Faculty Office",
        "ref": "46T"
      },
      "geometry": {
        "type": "Polygon",
        "coordinates": [
          [
            [
              -120.6643963,
              35.2993331
            ],
            [
              -120.6643289,
              35.2990971
            ],
            [
              -120.6642852,
              35.2991055
            ],
            [
              -120.6642115,
              35.2988477
            ],
            [
              -120.6640269,
              35.2988828
            ],
            [
              -120.6640991,
              35.2991356
            ],
            [
              -120.6639214,
              35.2991694
            ],
            [
              -120.6639801,
              35.2993747
            ],
            [
              -120.6640631,
              35.2993589
            ],
            [
              -120.6640684,
              35.2993833
            ],
            [
              -120.6642226,
              35.2993576
            ],
            [
              -120.6642247,
              35.2993671
            ],
            [
              -120.6643963,
              35.2993331
            ]
          ]
        ]
      },
      "id": "way/205411389"
    },
    {
      "type": "Feature",
      "properties": {
        "@id": "way/217565201",
        "building": "yes"
      },
      "geometry": {
        "type": "Polygon",
        "coordinates": [
          [
            [
              -120.6650162,
              35.3011091
            ],
            [
              -120.6651968,
              35.3010777
            ],
            [
              -120.6651784,
              35.301007
            ],
            [
              -120.6649977,
              35.3010385
            ],
            [
              -120.6650162,
              35.3011091
            ]
          ]
        ]
      },
      "id": "way/217565201"
    },
    {
      "type": "Feature",
      "properties": {
        "@id": "way/322170587",
        "addr:housenumber": "180",
        "addr:street": "Grand",
        "building": "university",
        "building:levels": "7",
        "name": "Warren J. Baker Center",
        "ref": "180"
      },
      "geometry": {
        "type": "Polygon",
        "coordinates": [
          [
            [
              -120.6611427,
              35.3008592
            ],
            [
              -120.6608573,
              35.3009879
            ],
            [
              -120.6608444,
              35.3009934
            ],
            [
              -120.6609036,
              35.3010588
            ],
            [
              -120.6608477,
              35.3010793
            ],
            [
              -120.6608675,
              35.3011008
            ],
            [
              -120.6605997,
              35.3011928
            ],
            [
              -120.6604943,
              35.3012204
            ],
            [
              -120.6604343,
              35.3012008
            ],
            [
              -120.6603623,
              35.3012152
            ],
            [
              -120.6602296,
              35.301242
            ],
            [
              -120.6602607,
              35.3013424
            ],
            [
              -120.6597327,
              35.3013517
            ],
            [
              -120.6597427,
              35.3015911
            ],
            [
              -120.66017,
              35.3015913
            ],
            [
              -120.6601713,
              35.3015384
            ],
            [
              -120.6601987,
              35.3015379
            ],
            [
              -120.660342,
              35.3015354
            ],
            [
              -120.6603563,
              35.3015833
            ],
            [
              -120.6604539,
              35.3015665
            ],
            [
              -120.6606434,
              35.301534
            ],
            [
              -120.6606045,
              35.3014122
            ],
            [
              -120.6611285,
              35.3012451
            ],
            [
              -120.6611677,
              35.301305
            ],
            [
              -120.6612299,
              35.3012843
            ],
            [
              -120.6613089,
              35.3012276
            ],
            [
              -120.6613406,
              35.3011775
            ],
            [
              -120.6612252,
              35.3011289
            ],
            [
              -120.6611882,
              35.3010684
            ],
            [
              -120.6613077,
              35.3010153
            ],
            [
              -120.6612358,
              35.3009124
            ],
            [
              -120.6611976,
              35.3009254
            ],
            [
              -120.6611427,
              35.3008592
            ]
          ]
        ]
      },
      "id": "way/322170587"
    },
    {
      "type": "Feature",
      "properties": {
        "@id": "way/323359887",
        "addr:city": "San Luis Obispo",
        "addr:street": "Grand",
        "building": "university",
        "name": "Faculty Offices North",
        "ref": "47"
      },
      "geometry": {
        "type": "Polygon",
        "coordinates": [
          [
            [
              -120.6605878,
              35.3026507
            ],
            [
              -120.6605553,
              35.3025382
            ],
            [
              -120.6604552,
              35.3025575
            ],
            [
              -120.6604468,
              35.3025285
            ],
            [
              -120.6602433,
              35.3025677
            ],
            [
              -120.6602536,
              35.3026031
            ],
            [
              -120.6602387,
              35.3026059
            ],
            [
              -120.6602297,
              35.3025747
            ],
            [
              -120.6601871,
              35.3025829
            ],
            [
              -120.660182,
              35.3025655
            ],
            [
              -120.660151,
              35.3025715
            ],
            [
              -120.6601425,
              35.3025419
            ],
            [
              -120.659943,
              35.3025803
            ],
            [
              -120.659953,
              35.3026152
            ],
            [
              -120.6599374,
              35.3026182
            ],
            [
              -120.6599283,
              35.3025866
            ],
            [
              -120.6598411,
              35.3026034
            ],
            [
              -120.6598266,
              35.3025533
            ],
            [
              -120.6597562,
              35.3025668
            ],
            [
              -120.6597519,
              35.302552
            ],
            [
              -120.6596722,
              35.3025673
            ],
            [
              -120.6596917,
              35.3026347
            ],
            [
              -120.659708,
              35.3026316
            ],
            [
              -120.6597248,
              35.3026896
            ],
            [
              -120.6598488,
              35.3026658
            ],
            [
              -120.6598445,
              35.3026507
            ],
            [
              -120.6598564,
              35.3026484
            ],
            [
              -120.6598749,
              35.3027126
            ],
            [
              -120.65991,
              35.3027059
            ],
            [
              -120.6599022,
              35.3026791
            ],
            [
              -120.6601671,
              35.3026281
            ],
            [
              -120.6601838,
              35.3026857
            ],
            [
              -120.660189,
              35.3027037
            ],
            [
              -120.6602177,
              35.3026982
            ],
            [
              -120.6602154,
              35.3026901
            ],
            [
              -120.660208,
              35.3026645
            ],
            [
              -120.6604686,
              35.3026143
            ],
            [
              -120.6604762,
              35.3026406
            ],
            [
              -120.6605094,
              35.3026342
            ],
            [
              -120.660518,
              35.3026642
            ],
            [
              -120.6605878,
              35.3026507
            ]
          ]
        ]
      },
      "id": "way/323359887"
    },
    {
      "type": "Feature",
      "properties": {
        "@id": "way/323359888",
        "addr:city": "San Luis Obispo",
        "addr:street": "Grand",
        "building": "university",
        "name": "Faculty Offices North",
        "ref": "47"
      },
      "geometry": {
        "type": "Polygon",
        "coordinates": [
          [
            [
              -120.6596547,
              35.3024395
            ],
            [
              -120.6596829,
              35.3025409
            ],
            [
              -120.6597462,
              35.3025292
            ],
            [
              -120.6597416,
              35.3025128
            ],
            [
              -120.6598141,
              35.3024993
            ],
            [
              -120.6598169,
              35.3025097
            ],
            [
              -120.6598495,
              35.3025036
            ],
            [
              -120.6598573,
              35.3025314
            ],
            [
              -120.6601248,
              35.3024818
            ],
            [
              -120.6601272,
              35.3024903
            ],
            [
              -120.6601505,
              35.302486
            ],
            [
              -120.6601587,
              35.3025155
            ],
            [
              -120.660427,
              35.3024658
            ],
            [
              -120.6604304,
              35.3024779
            ],
            [
              -120.6604614,
              35.3024722
            ],
            [
              -120.6604704,
              35.3025047
            ],
            [
              -120.6606124,
              35.3024784
            ],
            [
              -120.6605829,
              35.3023724
            ],
            [
              -120.6605106,
              35.3023858
            ],
            [
              -120.6605146,
              35.3024003
            ],
            [
              -120.6604467,
              35.3024129
            ],
            [
              -120.6604373,
              35.3023791
            ],
            [
              -120.6601495,
              35.3024324
            ],
            [
              -120.6601445,
              35.3024144
            ],
            [
              -120.660111,
              35.3024206
            ],
            [
              -120.6601041,
              35.3023958
            ],
            [
              -120.6599009,
              35.3024334
            ],
            [
              -120.6599101,
              35.3024666
            ],
            [
              -120.6598946,
              35.3024695
            ],
            [
              -120.6598864,
              35.30244
            ],
            [
              -120.6598355,
              35.3024494
            ],
            [
              -120.6598241,
              35.3024081
            ],
            [
              -120.6596547,
              35.3024395
            ]
          ]
        ]
      },
      "id": "way/323359888"
    },
    {
      "type": "Feature",
      "properties": {
        "@id": "way/323359890",
        "building": "yes"
      },
      "geometry": {
        "type": "Polygon",
        "coordinates": [
          [
            [
              -120.6580626,
              35.3039583
            ],
            [
              -120.6580513,
              35.303887
            ],
            [
              -120.6579938,
              35.3038931
            ],
            [
              -120.6580051,
              35.3039643
            ],
            [
              -120.6580626,
              35.3039583
            ]
          ]
        ]
      },
      "id": "way/323359890"
    },
    {
      "type": "Feature",
      "properties": {
        "@id": "way/323359891",
        "building": "yes"
      },
      "geometry": {
        "type": "Polygon",
        "coordinates": [
          [
            [
              -120.6578887,
              35.3039451
            ],
            [
              -120.6578782,
              35.303885
            ],
            [
              -120.6578226,
              35.3038915
            ],
            [
              -120.6578331,
              35.3039515
            ],
            [
              -120.6578887,
              35.3039451
            ]
          ]
        ]
      },
      "id": "way/323359891"
    },
    {
      "type": "Feature",
      "properties": {
        "@id": "way/323359892",
        "building": "yes"
      },
      "geometry": {
        "type": "Polygon",
        "coordinates": [
          [
            [
              -120.6581581,
              35.3039576
            ],
            [
              -120.6582764,
              35.3039437
            ],
            [
              -120.6582602,
              35.303852
            ],
            [
              -120.6581419,
              35.3038658
            ],
            [
              -120.6581581,
              35.3039576
            ]
          ]
        ]
      },
      "id": "way/323359892"
    },
    {
      "type": "Feature",
      "properties": {
        "@id": "way/326108645",
        "building": "yes"
      },
      "geometry": {
        "type": "Polygon",
        "coordinates": [
          [
            [
              -120.6555446,
              35.3024887
            ],
            [
              -120.6554666,
              35.3024973
            ],
            [
              -120.6554736,
              35.3025388
            ],
            [
              -120.6555506,
              35.3025302
            ],
            [
              -120.6555446,
              35.3024887
            ]
          ]
        ]
      },
      "id": "way/326108645"
    },
    {
      "type": "Feature",
      "properties": {
        "@id": "way/328836004",
        "building": "yes"
      },
      "geometry": {
        "type": "Polygon",
        "coordinates": [
          [
            [
              -120.6582651,
              35.3039949
            ],
            [
              -120.6581619,
              35.3040025
            ],
            [
              -120.6581666,
              35.3040451
            ],
            [
              -120.6582698,
              35.3040375
            ],
            [
              -120.6582651,
              35.3039949
            ]
          ]
        ]
      },
      "id": "way/328836004"
    },
    {
      "type": "Feature",
      "properties": {
        "@id": "way/329352916",
        "building": "yes",
        "ref": "203"
      },
      "geometry": {
        "type": "Polygon",
        "coordinates": [
          [
            [
              -120.6556559,
              35.3028238
            ],
            [
              -120.65545,
              35.3028604
            ],
            [
              -120.655528,
              35.3031525
            ],
            [
              -120.6557339,
              35.3031159
            ],
            [
              -120.6556559,
              35.3028238
            ]
          ]
        ]
      },
      "id": "way/329352916"
    },
    {
      "type": "Feature",
      "properties": {
        "@id": "way/379478428",
        "bridge": "yes",
        "bridge:structure": "beam",
        "building": "university",
        "layer": "1",
        "man_made": "bridge"
      },
      "geometry": {
        "type": "Polygon",
        "coordinates": [
          [
            [
              -120.6631581,
              35.299614
            ],
            [
              -120.6631001,
              35.2994156
            ],
            [
              -120.6630842,
              35.2994188
            ],
            [
              -120.6630653,
              35.2994233
            ],
            [
              -120.6631238,
              35.2996201
            ],
            [
              -120.6631399,
              35.2996172
            ],
            [
              -120.6631581,
              35.299614
            ]
          ]
        ]
      },
      "id": "way/379478428"
    },
    {
      "type": "Feature",
      "properties": {
        "@id": "way/392337505",
        "addr:housenumber": "92",
        "building": "yes",
        "university-function": "academic school or college"
      },
      "geometry": {
        "type": "Polygon",
        "coordinates": [
          [
            [
              -120.6661459,
              35.3011085
            ],
            [
              -120.6661171,
              35.300947
            ],
            [
              -120.6660441,
              35.3009551
            ],
            [
              -120.6660688,
              35.3011155
            ],
            [
              -120.6661459,
              35.3011085
            ]
          ]
        ]
      },
      "id": "way/392337505"
    },
    {
      "type": "Feature",
      "properties": {
        "@id": "way/392337506",
        "building": "yes",
        "university-function": "academic school or college"
      },
      "geometry": {
        "type": "Polygon",
        "coordinates": [
          [
            [
              -120.6660417,
              35.3011039
            ],
            [
              -120.666017,
              35.3009424
            ],
            [
              -120.66594,
              35.3009516
            ],
            [
              -120.6659661,
              35.3011109
            ],
            [
              -120.6660417,
              35.3011039
            ]
          ]
        ]
      },
      "id": "way/392337506"
    },
    {
      "type": "Feature",
      "properties": {
        "@id": "way/392337507",
        "building": "yes",
        "university-function": "academic school or college"
      },
      "geometry": {
        "type": "Polygon",
        "coordinates": [
          [
            [
              -120.6662481,
              35.3010968
            ],
            [
              -120.6662192,
              35.3009418
            ],
            [
              -120.6661489,
              35.3009499
            ],
            [
              -120.666171,
              35.301106
            ],
            [
              -120.6662481,
              35.3010968
            ]
          ]
        ]
      },
      "id": "way/392337507"
    },
    {
      "type": "Feature",
      "properties": {
        "@id": "way/486219813",
        "addr:city": "San Luis Obispo",
        "addr:postcode": "93407",
        "addr:street": "Grand",
        "air_conditioning": "yes",
        "building": "university",
        "building:levels": "4",
        "name": "Christopher Cohan Performing Arts Center",
        "ref": "6",
        "smoking": "no",
        "start_date": "1996",
        "website": "https://www.pacslo.org/",
        "wheelchair": "yes"
      },
      "geometry": {
        "type": "Polygon",
        "coordinates": [
          [
            [
              -120.6575679,
              35.2994286
            ],
            [
              -120.6575853,
              35.2994557
            ],
            [
              -120.6575466,
              35.2994734
            ],
            [
              -120.6573901,
              35.2992462
            ],
            [
              -120.6574628,
              35.2992122
            ],
            [
              -120.6573526,
              35.2990529
            ],
            [
              -120.6573273,
              35.2990645
            ],
            [
              -120.6573035,
              35.2990758
            ],
            [
              -120.6572808,
              35.2990868
            ],
            [
              -120.6572466,
              35.2991013
            ],
            [
              -120.6572201,
              35.2991125
            ],
            [
              -120.6571815,
              35.2991232
            ],
            [
              -120.6571483,
              35.2991262
            ],
            [
              -120.6571078,
              35.2991273
            ],
            [
              -120.6570776,
              35.2991314
            ],
            [
              -120.6570417,
              35.2991459
            ],
            [
              -120.657023,
              35.2991598
            ],
            [
              -120.6570075,
              35.299176
            ],
            [
              -120.6569797,
              35.2992118
            ],
            [
              -120.6569593,
              35.2992408
            ],
            [
              -120.6569311,
              35.2992827
            ],
            [
              -120.6568919,
              35.299336
            ],
            [
              -120.6568503,
              35.2993971
            ],
            [
              -120.6568269,
              35.2994314
            ],
            [
              -120.6568198,
              35.2994418
            ],
            [
              -120.6569297,
              35.2995942
            ],
            [
              -120.6569495,
              35.2995849
            ],
            [
              -120.6571292,
              35.2998453
            ],
            [
              -120.657154,
              35.2998338
            ],
            [
              -120.65726,
              35.2999821
            ],
            [
              -120.6573693,
              35.2999306
            ],
            [
              -120.6573961,
              35.299964
            ],
            [
              -120.6576187,
              35.2998628
            ],
            [
              -120.6574906,
              35.29968
            ],
            [
              -120.6575617,
              35.2996465
            ],
            [
              -120.6577381,
              35.2995614
            ],
            [
              -120.657714,
              35.2995292
            ],
            [
              -120.6576912,
              35.2995399
            ],
            [
              -120.6576197,
              35.2994397
            ],
            [
              -120.6576128,
              35.2994429
            ],
            [
              -120.6575947,
              35.299415
            ],
            [
              -120.6576101,
              35.2994088
            ],
            [
              -120.6574882,
              35.2992333
            ],
            [
              -120.6574198,
              35.2992641
            ],
            [
              -120.6575416,
              35.29944
            ],
            [
              -120.6575679,
              35.2994286
            ]
          ]
        ]
      },
      "id": "way/486219813"
    },
    {
      "type": "Feature",
      "properties": {
        "@id": "way/672441026",
        "amenity": "fast_food",
        "building": "yes",
        "fast_food": "cafeteria",
        "internet_access": "wlan",
        "internet_access:fee": "customers",
        "name": "112 Vista Grande Dining Complex",
        "outdoor_seating": "yes",
        "smoking": "no",
        "wheelchair": "yes"
      },
      "geometry": {
        "type": "Polygon",
        "coordinates": [
          [
            [
              -120.6562343,
              35.2992385
            ],
            [
              -120.6558512,
              35.2990229
            ],
            [
              -120.6558671,
              35.299004
            ],
            [
              -120.655791,
              35.2989615
            ],
            [
              -120.6556457,
              35.2991349
            ],
            [
              -120.6556332,
              35.2991279
            ],
            [
              -120.6555824,
              35.2991885
            ],
            [
              -120.655657,
              35.2992301
            ],
            [
              -120.6554876,
              35.2994321
            ],
            [
              -120.6556834,
              35.2995414
            ],
            [
              -120.6557017,
              35.2995195
            ],
            [
              -120.6557664,
              35.2995556
            ],
            [
              -120.6557773,
              35.2995425
            ],
            [
              -120.6558663,
              35.2995922
            ],
            [
              -120.6559081,
              35.2995423
            ],
            [
              -120.655924,
              35.2995512
            ],
            [
              -120.6559856,
              35.2994777
            ],
            [
              -120.6560226,
              35.2994983
            ],
            [
              -120.6562343,
              35.2992385
            ]
          ]
        ]
      },
      "id": "way/672441026"
    },
    {
      "type": "Feature",
      "properties": {
        "@id": "way/779674243",
        "building": "yes"
      },
      "geometry": {
        "type": "Polygon",
        "coordinates": [
          [
            [
              -120.6642915,
              35.3060483
            ],
            [
              -120.6641964,
              35.3059761
            ],
            [
              -120.6641763,
              35.3059932
            ],
            [
              -120.664274,
              35.3060667
            ],
            [
              -120.6642915,
              35.3060483
            ]
          ]
        ]
      },
      "id": "way/779674243"
    },
    {
      "type": "Feature",
      "properties": {
        "@id": "way/780303445",
        "building": "yes"
      },
      "geometry": {
        "type": "Polygon",
        "coordinates": [
          [
            [
              -120.6611224,
              35.3029899
            ],
            [
              -120.6610737,
              35.3028271
            ],
            [
              -120.6609897,
              35.3028439
            ],
            [
              -120.6610384,
              35.3030066
            ],
            [
              -120.6611224,
              35.3029899
            ]
          ]
        ]
      },
      "id": "way/780303445"
    },
    {
      "type": "Feature",
      "properties": {
        "@id": "way/780303446",
        "building": "yes"
      },
      "geometry": {
        "type": "Polygon",
        "coordinates": [
          [
            [
              -120.661087,
              35.3032353
            ],
            [
              -120.6610259,
              35.3030405
            ],
            [
              -120.6608353,
              35.3030804
            ],
            [
              -120.6608964,
              35.3032752
            ],
            [
              -120.661087,
              35.3032353
            ]
          ]
        ]
      },
      "id": "way/780303446"
    },
    {
      "type": "Feature",
      "properties": {
        "@id": "way/941993005",
        "building": "shed"
      },
      "geometry": {
        "type": "Polygon",
        "coordinates": [
          [
            [
              -120.6614713,
              35.3056366
            ],
            [
              -120.6614566,
              35.3056178
            ],
            [
              -120.6614312,
              35.3056292
            ],
            [
              -120.6614451,
              35.3056486
            ],
            [
              -120.6614713,
              35.3056366
            ]
          ]
        ]
      },
      "id": "way/941993005"
    },
    {
      "type": "Feature",
      "properties": {
        "@id": "way/960271028",
        "building": "greenhouse",
        "name": "Cal Poly Plant Conservatory"
      },
      "geometry": {
        "type": "Polygon",
        "coordinates": [
          [
            [
              -120.6587203,
              35.3046043
            ],
            [
              -120.6586408,
              35.304789
            ],
            [
              -120.6590988,
              35.3049075
            ],
            [
              -120.6591409,
              35.3048066
            ],
            [
              -120.659029,
              35.3047767
            ],
            [
              -120.6590587,
              35.3046998
            ],
            [
              -120.6587203,
              35.3046043
            ]
          ]
        ]
      },
      "id": "way/960271028"
    },
    {
      "type": "Feature",
      "properties": {
        "@id": "way/965100219",
        "building": "roof",
        "layer": "1"
      },
      "geometry": {
        "type": "Polygon",
        "coordinates": [
          [
            [
              -120.6624064,
              35.3002578
            ],
            [
              -120.6624137,
              35.3002823
            ],
            [
              -120.6624246,
              35.3003153
            ],
            [
              -120.6624903,
              35.3003021
            ],
            [
              -120.6625097,
              35.3003809
            ],
            [
              -120.6625507,
              35.300373
            ],
            [
              -120.6625357,
              35.3003127
            ],
            [
              -120.6625256,
              35.3003137
            ],
            [
              -120.6625182,
              35.3002898
            ],
            [
              -120.6625957,
              35.3002746
            ],
            [
              -120.6626388,
              35.3002663
            ],
            [
              -120.6627043,
              35.3002518
            ],
            [
              -120.6626947,
              35.3002208
            ],
            [
              -120.6626892,
              35.3002018
            ],
            [
              -120.6625816,
              35.300223
            ],
            [
              -120.6624064,
              35.3002578
            ]
          ]
        ]
      },
      "id": "way/965100219"
    },
    {
      "type": "Feature",
      "properties": {
        "@id": "way/965100220",
        "building": "yes"
      },
      "geometry": {
        "type": "Polygon",
        "coordinates": [
          [
            [
              -120.6631873,
              35.3002328
            ],
            [
              -120.6633162,
              35.3002085
            ],
            [
              -120.6633115,
              35.3001927
            ],
            [
              -120.6633064,
              35.3001767
            ],
            [
              -120.6631785,
              35.3002026
            ],
            [
              -120.6631836,
              35.3002179
            ],
            [
              -120.6631873,
              35.3002328
            ]
          ]
        ]
      },
      "id": "way/965100220"
    },
    {
      "type": "Feature",
      "properties": {
        "@id": "way/1115832121",
        "building": "university",
        "building:levels": "1",
        "name": "Building 072 Offices"
      },
      "geometry": {
        "type": "Polygon",
        "coordinates": [
          [
            [
              -120.6590988,
              35.3049075
            ],
            [
              -120.6591409,
              35.3048066
            ],
            [
              -120.659029,
              35.3047767
            ],
            [
              -120.6589885,
              35.3048776
            ],
            [
              -120.6590988,
              35.3049075
            ]
          ]
        ]
      },
      "id": "way/1115832121"
    },
    {
      "type": "Feature",
      "properties": {
        "@id": "way/1133955261",
        "building": "shed"
      },
      "geometry": {
        "type": "Polygon",
        "coordinates": [
          [
            [
              -120.6654967,
              35.3023869
            ],
            [
              -120.6654786,
              35.3023164
            ],
            [
              -120.6654557,
              35.3023204
            ],
            [
              -120.6653727,
              35.3023351
            ],
            [
              -120.6653943,
              35.3024063
            ],
            [
              -120.6654748,
              35.3023911
            ],
            [
              -120.6654967,
              35.3023869
            ]
          ]
        ]
      },
      "id": "way/1133955261"
    },
    {
      "type": "Feature",
      "properties": {
        "@id": "way/1135803678",
        "access": "yes",
        "building": "yes",
        "man_made": "observatory",
        "name": "Cal Poly Observatory (52B)",
        "operator": "California Polytechnic State University",
        "start_date": "1966",
        "website": "https://sites.google.com/view/calpolyobservatory/home"
      },
      "geometry": {
        "type": "Polygon",
        "coordinates": [
          [
            [
              -120.6599939,
              35.3005066
            ],
            [
              -120.6599936,
              35.3004968
            ],
            [
              -120.6599855,
              35.3004874
            ],
            [
              -120.6599739,
              35.3004851
            ],
            [
              -120.6599638,
              35.3004848
            ],
            [
              -120.6599543,
              35.3004891
            ],
            [
              -120.6599501,
              35.3004966
            ],
            [
              -120.659954,
              35.3005089
            ],
            [
              -120.6599617,
              35.3005149
            ],
            [
              -120.6599743,
              35.3005172
            ],
            [
              -120.6599859,
              35.3005143
            ],
            [
              -120.6599939,
              35.3005066
            ]
          ]
        ]
      },
      "id": "way/1135803678"
    },
    {
      "type": "Feature",
      "properties": {
        "@id": "way/1217465601",
        "addr:city": "San Luis Obispo",
        "addr:housenumber": "1",
        "addr:postcode": "93407",
        "addr:state": "CA",
        "addr:street": "Grand Avenue",
        "building": "university",
        "building:levels": "4",
        "name": "William and Linda Frost Center for Research and Innovation (181)"
      },
      "geometry": {
        "type": "Polygon",
        "coordinates": [
          [
            [
              -120.6613409,
              35.3020552
            ],
            [
              -120.6612842,
              35.301862
            ],
            [
              -120.6612579,
              35.3018601
            ],
            [
              -120.6612588,
              35.3017238
            ],
            [
              -120.6612115,
              35.30165
            ],
            [
              -120.6611613,
              35.3016662
            ],
            [
              -120.6611231,
              35.3016383
            ],
            [
              -120.6610953,
              35.3016542
            ],
            [
              -120.6610901,
              35.3015976
            ],
            [
              -120.6608562,
              35.3016039
            ],
            [
              -120.6606875,
              35.301697
            ],
            [
              -120.6605622,
              35.3017015
            ],
            [
              -120.6605097,
              35.3017037
            ],
            [
              -120.6605212,
              35.3018369
            ],
            [
              -120.660501,
              35.3018458
            ],
            [
              -120.6604061,
              35.301722
            ],
            [
              -120.6603392,
              35.3017273
            ],
            [
              -120.6602181,
              35.301796
            ],
            [
              -120.6602664,
              35.3018675
            ],
            [
              -120.6602939,
              35.3019079
            ],
            [
              -120.6602967,
              35.3020819
            ],
            [
              -120.660411,
              35.3022399
            ],
            [
              -120.6604773,
              35.3022163
            ],
            [
              -120.6604668,
              35.3022519
            ],
            [
              -120.6605896,
              35.3022539
            ],
            [
              -120.6605838,
              35.3021628
            ],
            [
              -120.6604985,
              35.3020491
            ],
            [
              -120.660495,
              35.30193
            ],
            [
              -120.6604717,
              35.3019296
            ],
            [
              -120.6604719,
              35.301911
            ],
            [
              -120.6605737,
              35.3019118
            ],
            [
              -120.6606588,
              35.3020156
            ],
            [
              -120.6606594,
              35.3020275
            ],
            [
              -120.6607691,
              35.3020259
            ],
            [
              -120.6607669,
              35.3019312
            ],
            [
              -120.6607497,
              35.3019312
            ],
            [
              -120.6607497,
              35.3019097
            ],
            [
              -120.6609134,
              35.3019059
            ],
            [
              -120.6609127,
              35.3018849
            ],
            [
              -120.6610194,
              35.3018836
            ],
            [
              -120.6610191,
              35.3018735
            ],
            [
              -120.6611513,
              35.3018708
            ],
            [
              -120.6611568,
              35.3019251
            ],
            [
              -120.6610626,
              35.301928
            ],
            [
              -120.6611167,
              35.3021008
            ],
            [
              -120.6613409,
              35.3020552
            ]
          ]
        ]
      },
      "id": "way/1217465601"
    },
    {
      "type": "Feature",
      "properties": {
        "@id": "way/1274247194",
        "addr:city": "San Luis Obispo",
        "addr:postcode": "93407",
        "addr:street": "Grand",
        "building": "university",
        "building:levels": "1",
        "name": "Pavilion",
        "ref": "19A"
      },
      "geometry": {
        "type": "Polygon",
        "coordinates": [
          [
            [
              -120.6601578,
              35.2998089
            ],
            [
              -120.6597426,
              35.2999069
            ],
            [
              -120.6597653,
              35.2999819
            ],
            [
              -120.6599079,
              35.2999836
            ],
            [
              -120.6598982,
              35.2999552
            ],
            [
              -120.6601862,
              35.2998872
            ],
            [
              -120.6601578,
              35.2998089
            ]
          ]
        ]
      },
      "id": "way/1274247194"
    },
    {
      "type": "Feature",
      "properties": {
        "@id": "way/1347838965",
        "building": "roof"
      },
      "geometry": {
        "type": "Polygon",
        "coordinates": [
          [
            [
              -120.6578228,
              35.2999566
            ],
            [
              -120.6577416,
              35.2998444
            ],
            [
              -120.6576614,
              35.2998831
            ],
            [
              -120.6577613,
              35.300021
            ],
            [
              -120.6578414,
              35.2999823
            ],
            [
              -120.6578228,
              35.2999566
            ]
          ]
        ]
      },
      "id": "way/1347838965"
    },
    {
      "type": "Feature",
      "properties": {
        "@id": "way/1347838966",
        "building": "roof"
      },
      "geometry": {
        "type": "Polygon",
        "coordinates": [
          [
            [
              -120.657699,
              35.2997855
            ],
            [
              -120.6576511,
              35.2997193
            ],
            [
              -120.6576239,
              35.2997324
            ],
            [
              -120.6575958,
              35.299746
            ],
            [
              -120.6576437,
              35.2998122
            ],
            [
              -120.657699,
              35.2997855
            ]
          ]
        ]
      },
      "id": "way/1347838966"
    },
    {
      "type": "Feature",
      "properties": {
        "@id": "way/1431844835",
        "building": "yes",
        "indoor": "corridor",
        "level": "2"
      },
      "geometry": {
        "type": "Polygon",
        "coordinates": [
          [
            [
              -120.6645574,
              35.3002337
            ],
            [
              -120.6646007,
              35.3002269
            ],
            [
              -120.6645978,
              35.3002155
            ],
            [
              -120.6645945,
              35.3002027
            ],
            [
              -120.6645512,
              35.3002101
            ],
            [
              -120.6645539,
              35.3002205
            ],
            [
              -120.6645545,
              35.3002226
            ],
            [
              -120.6645574,
              35.3002337
            ]
          ]
        ]
      },
      "id": "way/1431844835"
    },
    {
      "type": "Feature",
      "properties": {
        "@id": "node/581585285",
        "addr:city": "San Luis Obispo",
        "addr:housenumber": "1",
        "addr:postcode": "93407",
        "addr:state": "CA",
        "addr:street": "Grand Avenue",
        "amenity": "cafe",
        "branch": "CSU San Luis Obispo Student Union",
        "brand": "Starbucks",
        "brand:wikidata": "Q37158",
        "cuisine": "coffee_shop",
        "name": "Starbucks",
        "official_name": "Starbucks Coffee",
        "phone": "+1 805-756-6527",
        "ref": "10668",
        "takeaway": "yes",
        "website": "https://www.starbucks.com/store-locator/store/10668/csu-san-luis-obispo-student-un-1-grand-ave-san-luis-obispo-ca-93407-us"
      },
      "geometry": {
        "type": "Point",
        "coordinates": [
          -120.6587601,
          35.3001765
        ]
      },
      "id": "node/581585285"
    },
    {
      "type": "Feature",
      "properties": {
        "@id": "node/1438859169",
        "amenity": "atm",
        "cash_in": "yes",
        "check_date": "2025-09-13",
        "drive_through": "no",
        "indoor": "no",
        "lit": "no",
        "operator": "Golden 1 Credit Union"
      },
      "geometry": {
        "type": "Point",
        "coordinates": [
          -120.66271,
          35.3034983
        ]
      },
      "id": "node/1438859169"
    },
    {
      "type": "Feature",
      "properties": {
        "@id": "node/1474528994",
        "amenity": "bicycle_parking",
        "bicycle_parking": "wall_loops",
        "capacity": "20",
        "covered": "no",
        "fee": "no",
        "indoor": "no",
        "lit": "yes"
      },
      "geometry": {
        "type": "Point",
        "coordinates": [
          -120.662409,
          35.3005251
        ]
      },
      "id": "node/1474528994"
    },
    {
      "type": "Feature",
      "properties": {
        "@id": "node/1542001431",
        "amenity": "vending_machine",
        "check_date": "2025-11-18"
      },
      "geometry": {
        "type": "Point",
        "coordinates": [
          -120.6621757,
          35.3002509
        ]
      },
      "id": "node/1542001431"
    },
    {
      "type": "Feature",
      "properties": {
        "@id": "node/1542001449",
        "addr:city": "San Luis Obispo",
        "addr:postcode": "93407",
        "addr:state": "CA",
        "amenity": "fast_food",
        "delivery": "no",
        "diet:healthy": "yes",
        "drive_through": "no",
        "email": "campusdining@calpoly.edu",
        "name": "Health Snacks",
        "operator": "Cal Poly Campus Dining",
        "outdoor_seating": "no",
        "phone": "+1-805-756-5135",
        "smoking": "no",
        "takeaway": "only",
        "website": "https://www.calpolydining.com/tutaco/"
      },
      "geometry": {
        "type": "Point",
        "coordinates": [
          -120.662892,
          35.3011768
        ]
      },
      "id": "node/1542001449"
    },
    {
      "type": "Feature",
      "properties": {
        "@id": "node/1547728296",
        "amenity": "restaurant",
        "cuisine": "pizza;wine;beer",
        "name": "Mustang Station"
      },
      "geometry": {
        "type": "Point",
        "coordinates": [
          -120.6586819,
          35.3000165
        ]
      },
      "id": "node/1547728296"
    },
    {
      "type": "Feature",
      "properties": {
        "@id": "node/1562064611",
        "amenity": "atm",
        "brand": "U.S. Bank",
        "brand:wikidata": "Q739084",
        "name": "U.S. Bank",
        "operator": "U.S. Bank",
        "operator:wikidata": "Q739084",
        "operator:wikipedia": "en:U.S. Bancorp"
      },
      "geometry": {
        "type": "Point",
        "coordinates": [
          -120.6594903,
          35.2999503
        ]
      },
      "id": "node/1562064611"
    },
    {
      "type": "Feature",
      "properties": {
        "@id": "node/3254644723",
        "addr:city": "San Luis Obispo",
        "addr:postcode": "93407",
        "addr:state": "CA",
        "addr:street": "Grand Avenue",
        "addr:unit": "Room 301",
        "amenity": "studio",
        "name": "KCPR 91.3",
        "phone": "+1 805-756-5277",
        "studio": "audio",
        "website": "https://kcpr.org/",
        "wikidata": "Q14682555",
        "wikipedia": "en:KCPR"
      },
      "geometry": {
        "type": "Point",
        "coordinates": [
          -120.661993,
          35.2992973
        ]
      },
      "id": "node/3254644723"
    },
    {
      "type": "Feature",
      "properties": {
        "@id": "node/3317648617",
        "amenity": "restaurant",
        "name": "Red Radish"
      },
      "geometry": {
        "type": "Point",
        "coordinates": [
          -120.6586438,
          35.299926
        ]
      },
      "id": "node/3317648617"
    },
    {
      "type": "Feature",
      "properties": {
        "@id": "node/3362196884",
        "amenity": "bicycle_repair_station",
        "check_date": "2025-09-22"
      },
      "geometry": {
        "type": "Point",
        "coordinates": [
          -120.6604686,
          35.2998837
        ]
      },
      "id": "node/3362196884"
    },
    {
      "type": "Feature",
      "properties": {
        "@id": "node/3362203550",
        "amenity": "waste_disposal"
      },
      "geometry": {
        "type": "Point",
        "coordinates": [
          -120.6575148,
          35.3042278
        ]
      },
      "id": "node/3362203550"
    },
    {
      "type": "Feature",
      "properties": {
        "@id": "node/3362203602",
        "amenity": "waste_disposal"
      },
      "geometry": {
        "type": "Point",
        "coordinates": [
          -120.6565068,
          35.3047344
        ]
      },
      "id": "node/3362203602"
    },
    {
      "type": "Feature",
      "properties": {
        "@id": "node/3362203630",
        "amenity": "waste_disposal"
      },
      "geometry": {
        "type": "Point",
        "coordinates": [
          -120.6576303,
          35.3050837
        ]
      },
      "id": "node/3362203630"
    },
    {
      "type": "Feature",
      "properties": {
        "@id": "node/3362203646",
        "amenity": "waste_disposal"
      },
      "geometry": {
        "type": "Point",
        "coordinates": [
          -120.6568313,
          35.3052317
        ]
      },
      "id": "node/3362203646"
    },
    {
      "type": "Feature",
      "properties": {
        "@id": "node/3639530495",
        "amenity": "bench",
        "backrest": "yes",
        "bench": "yes",
        "description": "Einstein Statue",
        "material": "metal",
        "monument": "statue"
      },
      "geometry": {
        "type": "Point",
        "coordinates": [
          -120.660411,
          35.3011166
        ]
      },
      "id": "node/3639530495"
    },
    {
      "type": "Feature",
      "properties": {
        "@id": "node/3639544132",
        "addr:city": "San Luis Obispo",
        "addr:postcode": "93407",
        "addr:state": "CA",
        "amenity": "fast_food",
        "brand": "Subway",
        "brand:wikidata": "Q244457",
        "cuisine": "sandwich",
        "name": "Subway",
        "opening_hours": "Mo-Su 07:00-02:00",
        "phone": "+1 805-756-7829",
        "takeaway": "yes",
        "website": "https://restaurants.subway.com/united-states/ca/san-luis-obispo/dexter-building"
      },
      "geometry": {
        "type": "Point",
        "coordinates": [
          -120.6632937,
          35.3008774
        ]
      },
      "id": "node/3639544132"
    },
    {
      "type": "Feature",
      "properties": {
        "@id": "node/3827741979",
        "amenity": "bicycle_parking",
        "bicycle_parking": "wall_loops",
        "capacity": "150",
        "covered": "no"
      },
      "geometry": {
        "type": "Point",
        "coordinates": [
          -120.6625923,
          35.3001214
        ]
      },
      "id": "node/3827741979"
    },
    {
      "type": "Feature",
      "properties": {
        "@id": "node/4368702564",
        "amenity": "bank",
        "brand": "Chase",
        "brand:wikidata": "Q524629",
        "name": "Chase",
        "operator": "Chase"
      },
      "geometry": {
        "type": "Point",
        "coordinates": [
          -120.658826,
          35.3001062
        ]
      },
      "id": "node/4368702564"
    },
    {
      "type": "Feature",
      "properties": {
        "@id": "node/4436986554",
        "addr:city": "San Luis Obispo",
        "addr:housenumber": "1",
        "addr:postcode": "93407",
        "addr:state": "CA",
        "addr:street": "Grand Avenue",
        "amenity": "cafe",
        "name": "Sequel Tea",
        "opening_hours": "Mo-Th 07:30-16:30; Fr 07:30-16:00"
      },
      "geometry": {
        "type": "Point",
        "coordinates": [
          -120.662752,
          35.3033415
        ]
      },
      "id": "node/4436986554"
    },
    {
      "type": "Feature",
      "properties": {
        "@id": "node/6633556206",
        "amenity": "bicycle_parking"
      },
      "geometry": {
        "type": "Point",
        "coordinates": [
          -120.6582485,
          35.3000491
        ]
      },
      "id": "node/6633556206"
    },
    {
      "type": "Feature",
      "properties": {
        "@id": "node/6633556207",
        "amenity": "bicycle_parking"
      },
      "geometry": {
        "type": "Point",
        "coordinates": [
          -120.6583293,
          35.2999414
        ]
      },
      "id": "node/6633556207"
    },
    {
      "type": "Feature",
      "properties": {
        "@id": "node/6633556209",
        "amenity": "bicycle_parking"
      },
      "geometry": {
        "type": "Point",
        "coordinates": [
          -120.6584201,
          35.299827
        ]
      },
      "id": "node/6633556209"
    },
    {
      "type": "Feature",
      "properties": {
        "@id": "node/6634516055",
        "amenity": "bicycle_parking",
        "bicycle_parking": "wall_loops",
        "covered": "no"
      },
      "geometry": {
        "type": "Point",
        "coordinates": [
          -120.6593803,
          35.2991684
        ]
      },
      "id": "node/6634516055"
    },
    {
      "type": "Feature",
      "properties": {
        "@id": "node/6634516056",
        "amenity": "bicycle_parking",
        "bicycle_parking": "wall_loops",
        "covered": "no"
      },
      "geometry": {
        "type": "Point",
        "coordinates": [
          -120.6593016,
          35.2992002
        ]
      },
      "id": "node/6634516056"
    },
    {
      "type": "Feature",
      "properties": {
        "@id": "node/6635965683",
        "amenity": "bicycle_repair_station",
        "fee": "no",
        "opening_hours": "24/7",
        "operator": "California Polytechnic State University",
        "service:bicycle:pump": "yes",
        "service:bicycle:tools": "yes"
      },
      "geometry": {
        "type": "Point",
        "coordinates": [
          -120.6605843,
          35.3049712
        ]
      },
      "id": "node/6635965683"
    },
    {
      "type": "Feature",
      "properties": {
        "@id": "node/6636615893",
        "amenity": "bicycle_parking"
      },
      "geometry": {
        "type": "Point",
        "coordinates": [
          -120.6654712,
          35.3025344
        ]
      },
      "id": "node/6636615893"
    },
    {
      "type": "Feature",
      "properties": {
        "@id": "node/8725881445",
        "amenity": "loading_dock"
      },
      "geometry": {
        "type": "Point",
        "coordinates": [
          -120.664341,
          35.2998698
        ]
      },
      "id": "node/8725881445"
    },
    {
      "type": "Feature",
      "properties": {
        "@id": "node/8726909293",
        "amenity": "bench"
      },
      "geometry": {
        "type": "Point",
        "coordinates": [
          -120.6641895,
          35.3030184
        ]
      },
      "id": "node/8726909293"
    },
    {
      "type": "Feature",
      "properties": {
        "@id": "node/8726909294",
        "amenity": "bench"
      },
      "geometry": {
        "type": "Point",
        "coordinates": [
          -120.6643083,
          35.3029956
        ]
      },
      "id": "node/8726909294"
    },
    {
      "type": "Feature",
      "properties": {
        "@id": "node/8726909295",
        "amenity": "bench"
      },
      "geometry": {
        "type": "Point",
        "coordinates": [
          -120.6644535,
          35.3029421
        ]
      },
      "id": "node/8726909295"
    },
    {
      "type": "Feature",
      "properties": {
        "@id": "node/8726909296",
        "amenity": "bench"
      },
      "geometry": {
        "type": "Point",
        "coordinates": [
          -120.6645207,
          35.3029113
        ]
      },
      "id": "node/8726909296"
    },
    {
      "type": "Feature",
      "properties": {
        "@id": "node/8726909297",
        "amenity": "bench"
      },
      "geometry": {
        "type": "Point",
        "coordinates": [
          -120.6646355,
          35.3028418
        ]
      },
      "id": "node/8726909297"
    },
    {
      "type": "Feature",
      "properties": {
        "@id": "node/8726909298",
        "amenity": "bench"
      },
      "geometry": {
        "type": "Point",
        "coordinates": [
          -120.6645887,
          35.3028732
        ]
      },
      "id": "node/8726909298"
    },
    {
      "type": "Feature",
      "properties": {
        "@id": "node/8726909299",
        "amenity": "bench"
      },
      "geometry": {
        "type": "Point",
        "coordinates": [
          -120.6647002,
          35.3027929
        ]
      },
      "id": "node/8726909299"
    },
    {
      "type": "Feature",
      "properties": {
        "@id": "node/8726909300",
        "amenity": "shelter",
        "bench": "yes",
        "bin": "yes",
        "lit": "yes",
        "shelter_type": "public_transport"
      },
      "geometry": {
        "type": "Point",
        "coordinates": [
          -120.663246,
          35.3022944
        ]
      },
      "id": "node/8726909300"
    },
    {
      "type": "Feature",
      "properties": {
        "@id": "node/8726909301",
        "amenity": "shelter",
        "bench": "yes",
        "bin": "yes",
        "lit": "yes",
        "shelter_type": "public_transport"
      },
      "geometry": {
        "type": "Point",
        "coordinates": [
          -120.663564,
          35.302358
        ]
      },
      "id": "node/8726909301"
    },
    {
      "type": "Feature",
      "properties": {
        "@id": "node/8726909315",
        "amenity": "bench"
      },
      "geometry": {
        "type": "Point",
        "coordinates": [
          -120.6626121,
          35.3036473
        ]
      },
      "id": "node/8726909315"
    },
    {
      "type": "Feature",
      "properties": {
        "@id": "node/8726909316",
        "amenity": "bench"
      },
      "geometry": {
        "type": "Point",
        "coordinates": [
          -120.662601,
          35.3036115
        ]
      },
      "id": "node/8726909316"
    },
    {
      "type": "Feature",
      "properties": {
        "@id": "node/8726917017",
        "amenity": "bench"
      },
      "geometry": {
        "type": "Point",
        "coordinates": [
          -120.6625877,
          35.3035565
        ]
      },
      "id": "node/8726917017"
    },
    {
      "type": "Feature",
      "properties": {
        "@id": "node/8726917018",
        "amenity": "bench"
      },
      "geometry": {
        "type": "Point",
        "coordinates": [
          -120.6625803,
          35.3035276
        ]
      },
      "id": "node/8726917018"
    },
    {
      "type": "Feature",
      "properties": {
        "@id": "node/8726917019",
        "amenity": "bench"
      },
      "geometry": {
        "type": "Point",
        "coordinates": [
          -120.6625671,
          35.3034813
        ]
      },
      "id": "node/8726917019"
    },
    {
      "type": "Feature",
      "properties": {
        "@id": "node/8726917020",
        "amenity": "bench",
        "backrest": "yes"
      },
      "geometry": {
        "type": "Point",
        "coordinates": [
          -120.66256,
          35.3034519
        ]
      },
      "id": "node/8726917020"
    },
    {
      "type": "Feature",
      "properties": {
        "@id": "node/8726917021",
        "amenity": "bench",
        "backrest": "yes"
      },
      "geometry": {
        "type": "Point",
        "coordinates": [
          -120.662545,
          35.3033987
        ]
      },
      "id": "node/8726917021"
    },
    {
      "type": "Feature",
      "properties": {
        "@id": "node/8726917022",
        "amenity": "bench",
        "backrest": "yes"
      },
      "geometry": {
        "type": "Point",
        "coordinates": [
          -120.662533,
          35.3033503
        ]
      },
      "id": "node/8726917022"
    },
    {
      "type": "Feature",
      "properties": {
        "@id": "node/8726917023",
        "amenity": "bench",
        "backrest": "yes"
      },
      "geometry": {
        "type": "Point",
        "coordinates": [
          -120.662522,
          35.3033067
        ]
      },
      "id": "node/8726917023"
    },
    {
      "type": "Feature",
      "properties": {
        "@id": "node/8726917024",
        "amenity": "bench",
        "backrest": "yes"
      },
      "geometry": {
        "type": "Point",
        "coordinates": [
          -120.662508,
          35.303266
        ]
      },
      "id": "node/8726917024"
    },
    {
      "type": "Feature",
      "properties": {
        "@id": "node/8726917025",
        "amenity": "bench",
        "backrest": "yes"
      },
      "geometry": {
        "type": "Point",
        "coordinates": [
          -120.662498,
          35.3032215
        ]
      },
      "id": "node/8726917025"
    },
    {
      "type": "Feature",
      "properties": {
        "@id": "node/8726917026",
        "amenity": "bench",
        "backrest": "yes"
      },
      "geometry": {
        "type": "Point",
        "coordinates": [
          -120.662485,
          35.3031687
        ]
      },
      "id": "node/8726917026"
    },
    {
      "type": "Feature",
      "properties": {
        "@id": "node/8726917031",
        "amenity": "bench"
      },
      "geometry": {
        "type": "Point",
        "coordinates": [
          -120.6590303,
          35.2993664
        ]
      },
      "id": "node/8726917031"
    },
    {
      "type": "Feature",
      "properties": {
        "@id": "node/8726917032",
        "amenity": "bench"
      },
      "geometry": {
        "type": "Point",
        "coordinates": [
          -120.6590175,
          35.2994148
        ]
      },
      "id": "node/8726917032"
    },
    {
      "type": "Feature",
      "properties": {
        "@id": "node/8726917033",
        "amenity": "bench"
      },
      "geometry": {
        "type": "Point",
        "coordinates": [
          -120.6590096,
          35.2994407
        ]
      },
      "id": "node/8726917033"
    },
    {
      "type": "Feature",
      "properties": {
        "@id": "node/8726917034",
        "amenity": "bench"
      },
      "geometry": {
        "type": "Point",
        "coordinates": [
          -120.6590011,
          35.2994667
        ]
      },
      "id": "node/8726917034"
    },
    {
      "type": "Feature",
      "properties": {
        "@id": "node/8726917035",
        "amenity": "bench",
        "backrest": "no"
      },
      "geometry": {
        "type": "Point",
        "coordinates": [
          -120.6587061,
          35.2996581
        ]
      },
      "id": "node/8726917035"
    },
    {
      "type": "Feature",
      "properties": {
        "@id": "node/8726923778",
        "amenity": "bench",
        "backrest": "yes"
      },
      "geometry": {
        "type": "Point",
        "coordinates": [
          -120.6627762,
          35.3037529
        ]
      },
      "id": "node/8726923778"
    },
    {
      "type": "Feature",
      "properties": {
        "@id": "node/8726923779",
        "amenity": "bicycle_parking",
        "bicycle_parking": "safe_loops",
        "capacity": "16",
        "covered": "no",
        "fee": "no",
        "indoor": "no"
      },
      "geometry": {
        "type": "Point",
        "coordinates": [
          -120.662733,
          35.303651
        ]
      },
      "id": "node/8726923779"
    },
    {
      "type": "Feature",
      "properties": {
        "@id": "node/8921093996",
        "amenity": "bicycle_parking",
        "bicycle_parking": "lockers",
        "covered": "yes",
        "fee": "yes",
        "indoor": "no"
      },
      "geometry": {
        "type": "Point",
        "coordinates": [
          -120.658935,
          35.3031892
        ]
      },
      "id": "node/8921093996"
    },
    {
      "type": "Feature",
      "properties": {
        "@id": "node/8921093997",
        "amenity": "bicycle_parking",
        "bicycle_parking": "lockers",
        "covered": "no",
        "fee": "yes",
        "indoor": "no",
        "payment:online_payment": "yes"
      },
      "geometry": {
        "type": "Point",
        "coordinates": [
          -120.657327,
          35.3032271
        ]
      },
      "id": "node/8921093997"
    },
    {
      "type": "Feature",
      "properties": {
        "@id": "node/8921094002",
        "access": "permit",
        "amenity": "bicycle_parking",
        "bicycle_parking": "lockers",
        "charge": "75USD per year",
        "covered": "yes",
        "fee": "yes",
        "operator": "Transportation and Parking Services",
        "operator:type": "university"
      },
      "geometry": {
        "type": "Point",
        "coordinates": [
          -120.656004,
          35.3011161
        ]
      },
      "id": "node/8921094002"
    },
    {
      "type": "Feature",
      "properties": {
        "@id": "node/8925823390",
        "access": "customers",
        "amenity": "bicycle_parking",
        "bicycle_parking": "lockers"
      },
      "geometry": {
        "type": "Point",
        "coordinates": [
          -120.6605067,
          35.2999179
        ]
      },
      "id": "node/8925823390"
    },
    {
      "type": "Feature",
      "properties": {
        "@id": "node/8925823391",
        "access": "customers",
        "amenity": "bicycle_parking",
        "bicycle_parking": "lockers",
        "capacity": "18",
        "covered": "yes",
        "fee": "yes",
        "indoor": "no",
        "lit": "yes"
      },
      "geometry": {
        "type": "Point",
        "coordinates": [
          -120.662512,
          35.3005132
        ]
      },
      "id": "node/8925823391"
    },
    {
      "type": "Feature",
      "properties": {
        "@id": "node/8925823393",
        "amenity": "bicycle_parking",
        "bicycle_parking": "safe_loops",
        "capacity": "96",
        "covered": "no",
        "fee": "no",
        "indoor": "no",
        "lit": "yes"
      },
      "geometry": {
        "type": "Point",
        "coordinates": [
          -120.664385,
          35.3017794
        ]
      },
      "id": "node/8925823393"
    },
    {
      "type": "Feature",
      "properties": {
        "@id": "node/8925823396",
        "amenity": "bicycle_parking",
        "bicycle_parking": "lockers"
      },
      "geometry": {
        "type": "Point",
        "coordinates": [
          -120.6633508,
          35.3016196
        ]
      },
      "id": "node/8925823396"
    },
    {
      "type": "Feature",
      "properties": {
        "@id": "node/8925823397",
        "amenity": "bicycle_parking",
        "covered": "no",
        "fee": "no",
        "indoor": "no"
      },
      "geometry": {
        "type": "Point",
        "coordinates": [
          -120.661519,
          35.3013737
        ]
      },
      "id": "node/8925823397"
    },
    {
      "type": "Feature",
      "properties": {
        "@id": "node/8927848821",
        "amenity": "bicycle_parking",
        "bicycle_parking": "wall_loops",
        "capacity": "192",
        "covered": "no",
        "fee": "no",
        "indoor": "no",
        "lit": "yes"
      },
      "geometry": {
        "type": "Point",
        "coordinates": [
          -120.661066,
          35.300613
        ]
      },
      "id": "node/8927848821"
    },
    {
      "type": "Feature",
      "properties": {
        "@id": "node/8927848828",
        "amenity": "bicycle_parking",
        "covered": "no",
        "fee": "no",
        "indoor": "no"
      },
      "geometry": {
        "type": "Point",
        "coordinates": [
          -120.66173,
          35.3023801
        ]
      },
      "id": "node/8927848828"
    },
    {
      "type": "Feature",
      "properties": {
        "@id": "node/8927872018",
        "amenity": "bicycle_parking",
        "covered": "no",
        "fee": "no",
        "indoor": "no"
      },
      "geometry": {
        "type": "Point",
        "coordinates": [
          -120.6633947,
          35.302089
        ]
      },
      "id": "node/8927872018"
    },
    {
      "type": "Feature",
      "properties": {
        "@id": "node/8927872019",
        "amenity": "bicycle_parking",
        "covered": "no",
        "fee": "no",
        "indoor": "no",
        "lit": "yes"
      },
      "geometry": {
        "type": "Point",
        "coordinates": [
          -120.663601,
          35.3023576
        ]
      },
      "id": "node/8927872019"
    },
    {
      "type": "Feature",
      "properties": {
        "@id": "node/8927872020",
        "amenity": "bicycle_parking",
        "covered": "no"
      },
      "geometry": {
        "type": "Point",
        "coordinates": [
          -120.6633336,
          35.3015805
        ]
      },
      "id": "node/8927872020"
    },
    {
      "type": "Feature",
      "properties": {
        "@id": "node/9169748761",
        "amenity": "bicycle_repair_station",
        "check_date": "2025-11-18",
        "description": "Does not have gauge when pumping the tire. Right next to bike lockers and light pole so more difficult to use.",
        "fee": "no",
        "service:bicycle:chain_tool": "no",
        "service:bicycle:pump": "yes",
        "service:bicycle:stand": "yes",
        "service:bicycle:tools": "yes"
      },
      "geometry": {
        "type": "Point",
        "coordinates": [
          -120.662442,
          35.3005131
        ]
      },
      "id": "node/9169748761"
    },
    {
      "type": "Feature",
      "properties": {
        "@id": "node/9169748763",
        "amenity": "vending_machine",
        "vending": "food;drinks"
      },
      "geometry": {
        "type": "Point",
        "coordinates": [
          -120.6592742,
          35.3011427
        ]
      },
      "id": "node/9169748763"
    },
    {
      "type": "Feature",
      "properties": {
        "@id": "node/9661207939",
        "amenity": "waste_basket",
        "waste": "trash"
      },
      "geometry": {
        "type": "Point",
        "coordinates": [
          -120.658056,
          35.3003026
        ]
      },
      "id": "node/9661207939"
    },
    {
      "type": "Feature",
      "properties": {
        "@id": "node/9661207940",
        "amenity": "recycling",
        "covered": "no",
        "indoor": "no",
        "recycling:beverage_cartons": "no",
        "recycling:cans": "yes",
        "recycling:glass_bottles": "yes",
        "recycling:paper": "yes",
        "recycling:plastic": "no",
        "recycling:plastic_bottles": "yes",
        "recycling:plastic_packaging": "no",
        "recycling_type": "container",
        "wheelchair": "yes"
      },
      "geometry": {
        "type": "Point",
        "coordinates": [
          -120.658043,
          35.3003021
        ]
      },
      "id": "node/9661207940"
    },
    {
      "type": "Feature",
      "properties": {
        "@id": "node/9661207941",
        "amenity": "bench",
        "backrest": "no"
      },
      "geometry": {
        "type": "Point",
        "coordinates": [
          -120.658285,
          35.3003422
        ]
      },
      "id": "node/9661207941"
    },
    {
      "type": "Feature",
      "properties": {
        "@id": "node/9661207942",
        "amenity": "bench",
        "backrest": "no"
      },
      "geometry": {
        "type": "Point",
        "coordinates": [
          -120.6583903,
          35.300085
        ]
      },
      "id": "node/9661207942"
    },
    {
      "type": "Feature",
      "properties": {
        "@id": "node/9661207943",
        "amenity": "telephone",
        "covered": "yes",
        "indoor": "no",
        "lit": "yes",
        "payment:coins": "yes",
        "wheelchair": "yes"
      },
      "geometry": {
        "type": "Point",
        "coordinates": [
          -120.6577477,
          35.2998869
        ]
      },
      "id": "node/9661207943"
    },
    {
      "type": "Feature",
      "properties": {
        "@id": "node/9661207944",
        "amenity": "bench",
        "backrest": "yes",
        "lit": "yes"
      },
      "geometry": {
        "type": "Point",
        "coordinates": [
          -120.6577071,
          35.299842
        ]
      },
      "id": "node/9661207944"
    },
    {
      "type": "Feature",
      "properties": {
        "@id": "node/9661207945",
        "amenity": "bicycle_parking",
        "covered": "no",
        "fee": "no",
        "indoor": "no"
      },
      "geometry": {
        "type": "Point",
        "coordinates": [
          -120.65768,
          35.2998052
        ]
      },
      "id": "node/9661207945"
    },
    {
      "type": "Feature",
      "properties": {
        "@id": "node/9661207946",
        "amenity": "bench",
        "backrest": "yes",
        "lit": "yes"
      },
      "geometry": {
        "type": "Point",
        "coordinates": [
          -120.6567051,
          35.2991606
        ]
      },
      "id": "node/9661207946"
    },
    {
      "type": "Feature",
      "properties": {
        "@id": "node/9661207947",
        "amenity": "waste_basket"
      },
      "geometry": {
        "type": "Point",
        "coordinates": [
          -120.6568755,
          35.2993479
        ]
      },
      "id": "node/9661207947"
    },
    {
      "type": "Feature",
      "properties": {
        "@id": "node/9661207948",
        "amenity": "bench",
        "backrest": "yes"
      },
      "geometry": {
        "type": "Point",
        "coordinates": [
          -120.6568717,
          35.2995008
        ]
      },
      "id": "node/9661207948"
    },
    {
      "type": "Feature",
      "properties": {
        "@id": "node/9661207954",
        "amenity": "waste_basket",
        "waste": "trash"
      },
      "geometry": {
        "type": "Point",
        "coordinates": [
          -120.6627826,
          35.3017427
        ]
      },
      "id": "node/9661207954"
    },
    {
      "type": "Feature",
      "properties": {
        "@id": "node/9661207955",
        "amenity": "recycling",
        "covered": "no",
        "indoor": "no",
        "recycling_type": "container"
      },
      "geometry": {
        "type": "Point",
        "coordinates": [
          -120.6627797,
          35.3017539
        ]
      },
      "id": "node/9661207955"
    },
    {
      "type": "Feature",
      "properties": {
        "@id": "node/9661207956",
        "amenity": "post_box",
        "colour": "blue",
        "covered": "no",
        "drive_through": "no",
        "indoor": "no",
        "operator": "United States Postal Service",
        "operator:short": "USPS",
        "operator:type": "public",
        "operator:website": "https://www.usps.com",
        "operator:wikidata": "Q668687",
        "operator:wikipedia": "en:United States Postal Service"
      },
      "geometry": {
        "type": "Point",
        "coordinates": [
          -120.6630736,
          35.3021773
        ]
      },
      "id": "node/9661207956"
    },
    {
      "type": "Feature",
      "properties": {
        "@id": "node/9661207957",
        "amenity": "bench",
        "backrest": "yes"
      },
      "geometry": {
        "type": "Point",
        "coordinates": [
          -120.6624443,
          35.3023685
        ]
      },
      "id": "node/9661207957"
    },
    {
      "type": "Feature",
      "properties": {
        "@id": "node/9661207958",
        "amenity": "vending_machine",
        "covered": "no",
        "description": "Mustang News",
        "fee": "yes",
        "indoor": "no",
        "vending": "newspapers"
      },
      "geometry": {
        "type": "Point",
        "coordinates": [
          -120.662293,
          35.3026375
        ]
      },
      "id": "node/9661207958"
    },
    {
      "type": "Feature",
      "properties": {
        "@id": "node/9661207960",
        "amenity": "bicycle_parking",
        "covered": "no",
        "fee": "no",
        "indoor": "no"
      },
      "geometry": {
        "type": "Point",
        "coordinates": [
          -120.6582675,
          35.3010148
        ]
      },
      "id": "node/9661207960"
    },
    {
      "type": "Feature",
      "properties": {
        "@id": "node/9661207961",
        "amenity": "post_box",
        "covered": "no",
        "drive_through": "no",
        "indoor": "no",
        "operator": "United States Postal Service",
        "operator:short": "USPS",
        "operator:type": "public",
        "operator:website": "https://www.usps.com",
        "operator:wikidata": "Q668687",
        "operator:wikipedia": "en:United States Postal Service"
      },
      "geometry": {
        "type": "Point",
        "coordinates": [
          -120.6581575,
          35.3011746
        ]
      },
      "id": "node/9661207961"
    },
    {
      "type": "Feature",
      "properties": {
        "@id": "node/9661207962",
        "amenity": "post_box",
        "brand": "UPS",
        "brand:wikidata": "Q155026",
        "covered": "no",
        "drive_through": "no",
        "indoor": "no",
        "official_name": "United Parcel Service",
        "operator": "UPS",
        "operator:type": "private",
        "operator:wikidata": "Q155026",
        "operator:wikipedia": "en:United Parcel Service"
      },
      "geometry": {
        "type": "Point",
        "coordinates": [
          -120.6581559,
          35.3011606
        ]
      },
      "id": "node/9661207962"
    },
    {
      "type": "Feature",
      "properties": {
        "@id": "node/9661207963",
        "amenity": "bench",
        "backrest": "yes",
        "lit": "yes"
      },
      "geometry": {
        "type": "Point",
        "coordinates": [
          -120.6585007,
          35.302174
        ]
      },
      "id": "node/9661207963"
    },
    {
      "type": "Feature",
      "properties": {
        "@id": "node/9661207964",
        "amenity": "bicycle_parking",
        "covered": "no",
        "fee": "no",
        "indoor": "no"
      },
      "geometry": {
        "type": "Point",
        "coordinates": [
          -120.6593663,
          35.3025511
        ]
      },
      "id": "node/9661207964"
    },
    {
      "type": "Feature",
      "properties": {
        "@id": "node/9661207965",
        "amenity": "car_sharing",
        "lit": "yes",
        "operator": "Zipcar",
        "operator:wikidata": "Q1069924",
        "operator:wikipedia": "en:Zipcar",
        "supervised": "no"
      },
      "geometry": {
        "type": "Point",
        "coordinates": [
          -120.6587745,
          35.303152
        ]
      },
      "id": "node/9661207965"
    },
    {
      "type": "Feature",
      "properties": {
        "@id": "node/9661207966",
        "amenity": "bench",
        "backrest": "yes"
      },
      "geometry": {
        "type": "Point",
        "coordinates": [
          -120.6589558,
          35.3032534
        ]
      },
      "id": "node/9661207966"
    },
    {
      "type": "Feature",
      "properties": {
        "@id": "node/9661207967",
        "amenity": "bicycle_parking",
        "covered": "no",
        "fee": "no",
        "indoor": "no"
      },
      "geometry": {
        "type": "Point",
        "coordinates": [
          -120.6580005,
          35.303561
        ]
      },
      "id": "node/9661207967"
    },
    {
      "type": "Feature",
      "properties": {
        "@id": "node/9661207968",
        "amenity": "bicycle_parking",
        "covered": "no",
        "fee": "no",
        "indoor": "no",
        "lit": "yes"
      },
      "geometry": {
        "type": "Point",
        "coordinates": [
          -120.6577415,
          35.3036953
        ]
      },
      "id": "node/9661207968"
    },
    {
      "type": "Feature",
      "properties": {
        "@id": "node/9661207969",
        "amenity": "car_sharing",
        "lit": "yes",
        "operator": "Zipcar",
        "operator:wikidata": "Q1069924",
        "operator:wikipedia": "en:Zipcar",
        "supervised": "no"
      },
      "geometry": {
        "type": "Point",
        "coordinates": [
          -120.6576962,
          35.3037874
        ]
      },
      "id": "node/9661207969"
    },
    {
      "type": "Feature",
      "properties": {
        "@id": "node/9661207996",
        "amenity": "recycling",
        "covered": "no",
        "indoor": "no",
        "recycling_type": "container"
      },
      "geometry": {
        "type": "Point",
        "coordinates": [
          -120.6636875,
          35.3041255
        ]
      },
      "id": "node/9661207996"
    },
    {
      "type": "Feature",
      "properties": {
        "@id": "node/9661207997",
        "amenity": "waste_basket"
      },
      "geometry": {
        "type": "Point",
        "coordinates": [
          -120.6636947,
          35.3041571
        ]
      },
      "id": "node/9661207997"
    },
    {
      "type": "Feature",
      "properties": {
        "@id": "node/9661207998",
        "amenity": "waste_basket"
      },
      "geometry": {
        "type": "Point",
        "coordinates": [
          -120.6631443,
          35.3029555
        ]
      },
      "id": "node/9661207998"
    },
    {
      "type": "Feature",
      "properties": {
        "@id": "node/9661207999",
        "amenity": "bench",
        "backrest": "yes",
        "lit": "yes"
      },
      "geometry": {
        "type": "Point",
        "coordinates": [
          -120.6631362,
          35.3029386
        ]
      },
      "id": "node/9661207999"
    },
    {
      "type": "Feature",
      "properties": {
        "@id": "node/9661208001",
        "amenity": "bicycle_parking",
        "bicycle_parking": "safe_loops",
        "covered": "no",
        "fee": "no",
        "indoor": "no",
        "lit": "yes"
      },
      "geometry": {
        "type": "Point",
        "coordinates": [
          -120.6631046,
          35.3028414
        ]
      },
      "id": "node/9661208001"
    },
    {
      "type": "Feature",
      "properties": {
        "@id": "node/9661208002",
        "amenity": "post_box",
        "brand": "UPS",
        "brand:wikidata": "Q155026",
        "collection_times": "Mo-Fr 15:30",
        "covered": "no",
        "drive_through": "no",
        "indoor": "no",
        "official_name": "United Parcel Service",
        "operator": "UPS",
        "operator:type": "private",
        "operator:wikidata": "Q155026",
        "operator:wikipedia": "en:United Parcel Service"
      },
      "geometry": {
        "type": "Point",
        "coordinates": [
          -120.6630677,
          35.3027391
        ]
      },
      "id": "node/9661208002"
    },
    {
      "type": "Feature",
      "properties": {
        "@id": "node/9662164657",
        "amenity": "telephone",
        "check_date": "2025-09-21",
        "covered": "no",
        "description": "On campus calls only",
        "indoor": "yes",
        "level": "2",
        "lit": "yes",
        "operator": "Cal Poly"
      },
      "geometry": {
        "type": "Point",
        "coordinates": [
          -120.6643739,
          35.300218
        ]
      },
      "id": "node/9662164657"
    },
    {
      "type": "Feature",
      "properties": {
        "@id": "node/9662164658",
        "access": "yes",
        "amenity": "drinking_water",
        "bottle": "no",
        "covered": "yes",
        "fee": "no",
        "fountain": "bubbler",
        "indoor": "yes",
        "level": "1",
        "wheelchair": "yes"
      },
      "geometry": {
        "type": "Point",
        "coordinates": [
          -120.6628548,
          35.3028846
        ]
      },
      "id": "node/9662164658"
    },
    {
      "type": "Feature",
      "properties": {
        "@id": "node/9662164659",
        "amenity": "telephone",
        "check_date": "2025-11-18",
        "covered": "yes",
        "description": "On campus calls only",
        "indoor": "no",
        "level": "1",
        "lit": "yes",
        "operator": "Cal Poly",
        "payment:free": "yes"
      },
      "geometry": {
        "type": "Point",
        "coordinates": [
          -120.6628618,
          35.3029007
        ]
      },
      "id": "node/9662164659"
    },
    {
      "type": "Feature",
      "properties": {
        "@id": "node/9662164661",
        "amenity": "vending_machine",
        "covered": "no",
        "description": "Mustang News",
        "fee": "no",
        "indoor": "no",
        "operator": "Cal Poly",
        "vending": "newspapers"
      },
      "geometry": {
        "type": "Point",
        "coordinates": [
          -120.6626512,
          35.304006
        ]
      },
      "id": "node/9662164661"
    },
    {
      "type": "Feature",
      "properties": {
        "@id": "node/9662164662",
        "amenity": "bicycle_parking",
        "bicycle_parking": "safe_loops",
        "capacity": "109",
        "covered": "no",
        "fee": "no",
        "indoor": "no"
      },
      "geometry": {
        "type": "Point",
        "coordinates": [
          -120.6572146,
          35.3006983
        ]
      },
      "id": "node/9662164662"
    },
    {
      "type": "Feature",
      "properties": {
        "@id": "node/9662164663",
        "amenity": "bench",
        "backrest": "yes"
      },
      "geometry": {
        "type": "Point",
        "coordinates": [
          -120.6571845,
          35.300595
        ]
      },
      "id": "node/9662164663"
    },
    {
      "type": "Feature",
      "properties": {
        "@id": "node/9662164664",
        "amenity": "bench",
        "backrest": "no"
      },
      "geometry": {
        "type": "Point",
        "coordinates": [
          -120.6584759,
          35.3005171
        ]
      },
      "id": "node/9662164664"
    },
    {
      "type": "Feature",
      "properties": {
        "@id": "node/9662164665",
        "amenity": "bench",
        "backrest": "no"
      },
      "geometry": {
        "type": "Point",
        "coordinates": [
          -120.6584812,
          35.3005809
        ]
      },
      "id": "node/9662164665"
    },
    {
      "type": "Feature",
      "properties": {
        "@id": "node/9662164666",
        "amenity": "bench",
        "backrest": "yes"
      },
      "geometry": {
        "type": "Point",
        "coordinates": [
          -120.6585278,
          35.3007142
        ]
      },
      "id": "node/9662164666"
    },
    {
      "type": "Feature",
      "properties": {
        "@id": "node/9662164671",
        "amenity": "bench",
        "backrest": "yes"
      },
      "geometry": {
        "type": "Point",
        "coordinates": [
          -120.6619687,
          35.3023287
        ]
      },
      "id": "node/9662164671"
    },
    {
      "type": "Feature",
      "properties": {
        "@id": "node/9662164672",
        "amenity": "bench",
        "backrest": "yes"
      },
      "geometry": {
        "type": "Point",
        "coordinates": [
          -120.6620273,
          35.3023907
        ]
      },
      "id": "node/9662164672"
    },
    {
      "type": "Feature",
      "properties": {
        "@id": "node/9662164673",
        "amenity": "bench",
        "backrest": "yes"
      },
      "geometry": {
        "type": "Point",
        "coordinates": [
          -120.6619655,
          35.3023797
        ]
      },
      "id": "node/9662164673"
    },
    {
      "type": "Feature",
      "properties": {
        "@id": "node/9662164674",
        "amenity": "bench",
        "backrest": "yes"
      },
      "geometry": {
        "type": "Point",
        "coordinates": [
          -120.662035,
          35.3023407
        ]
      },
      "id": "node/9662164674"
    },
    {
      "type": "Feature",
      "properties": {
        "@id": "node/9662164675",
        "amenity": "recycling",
        "covered": "no",
        "indoor": "no",
        "recycling_type": "container"
      },
      "geometry": {
        "type": "Point",
        "coordinates": [
          -120.6592391,
          35.3061082
        ]
      },
      "id": "node/9662164675"
    },
    {
      "type": "Feature",
      "properties": {
        "@id": "node/9662164676",
        "amenity": "waste_basket",
        "covered": "no",
        "indoor": "no"
      },
      "geometry": {
        "type": "Point",
        "coordinates": [
          -120.659252,
          35.3061069
        ]
      },
      "id": "node/9662164676"
    },
    {
      "type": "Feature",
      "properties": {
        "@id": "node/9662164684",
        "amenity": "car_sharing",
        "lit": "yes",
        "operator": "Zipcar",
        "operator:wikidata": "Q1069924",
        "operator:wikipedia": "en:Zipcar",
        "supervised": "no"
      },
      "geometry": {
        "type": "Point",
        "coordinates": [
          -120.6634509,
          35.3025247
        ]
      },
      "id": "node/9662164684"
    },
    {
      "type": "Feature",
      "properties": {
        "@id": "node/9662164686",
        "amenity": "waste_basket",
        "covered": "yes",
        "indoor": "no"
      },
      "geometry": {
        "type": "Point",
        "coordinates": [
          -120.6633472,
          35.3018358
        ]
      },
      "id": "node/9662164686"
    },
    {
      "type": "Feature",
      "properties": {
        "@id": "node/9662164687",
        "amenity": "recycling",
        "covered": "yes",
        "indoor": "yes",
        "recycling_type": "container"
      },
      "geometry": {
        "type": "Point",
        "coordinates": [
          -120.6633426,
          35.3018259
        ]
      },
      "id": "node/9662164687"
    },
    {
      "type": "Feature",
      "properties": {
        "@id": "node/9662164688",
        "amenity": "vending_machine",
        "covered": "yes",
        "description": "Mustang News",
        "fee": "no",
        "indoor": "no",
        "operator": "Cal Poly",
        "vending": "newspapers"
      },
      "geometry": {
        "type": "Point",
        "coordinates": [
          -120.6633456,
          35.3018618
        ]
      },
      "id": "node/9662164688"
    },
    {
      "type": "Feature",
      "properties": {
        "@id": "node/9662164689",
        "amenity": "car_sharing",
        "lit": "yes",
        "operator": "Zipcar",
        "operator:wikidata": "Q1069924",
        "operator:wikipedia": "en:Zipcar",
        "supervised": "no"
      },
      "geometry": {
        "type": "Point",
        "coordinates": [
          -120.6587128,
          35.301522
        ]
      },
      "id": "node/9662164689"
    },
    {
      "type": "Feature",
      "properties": {
        "@id": "node/9662164691",
        "amenity": "bench",
        "backrest": "yes"
      },
      "geometry": {
        "type": "Point",
        "coordinates": [
          -120.6584774,
          35.3013673
        ]
      },
      "id": "node/9662164691"
    },
    {
      "type": "Feature",
      "properties": {
        "@id": "node/9662164692",
        "amenity": "bench",
        "backrest": "no",
        "lit": "yes"
      },
      "geometry": {
        "type": "Point",
        "coordinates": [
          -120.6583118,
          35.3013084
        ]
      },
      "id": "node/9662164692"
    },
    {
      "type": "Feature",
      "properties": {
        "@id": "node/9662164693",
        "amenity": "vending_machine",
        "covered": "no",
        "description": "Mustang News",
        "fee": "no",
        "indoor": "no",
        "operator": "Cal Poly",
        "vending": "newspapers"
      },
      "geometry": {
        "type": "Point",
        "coordinates": [
          -120.6582996,
          35.3012819
        ]
      },
      "id": "node/9662164693"
    },
    {
      "type": "Feature",
      "properties": {
        "@id": "node/9663572689",
        "amenity": "bicycle_parking",
        "covered": "no",
        "fee": "no",
        "indoor": "no"
      },
      "geometry": {
        "type": "Point",
        "coordinates": [
          -120.6658465,
          35.3017665
        ]
      },
      "id": "node/9663572689"
    },
    {
      "type": "Feature",
      "properties": {
        "@id": "node/9663572690",
        "amenity": "telephone",
        "covered": "no",
        "description": "On campus calls only",
        "indoor": "no",
        "lit": "yes",
        "operator": "Cal Poly",
        "payment:free": "yes"
      },
      "geometry": {
        "type": "Point",
        "coordinates": [
          -120.663319,
          35.301082
        ]
      },
      "id": "node/9663572690"
    },
    {
      "type": "Feature",
      "properties": {
        "@id": "node/9663572691",
        "amenity": "bench",
        "armrest": "yes",
        "backrest": "no",
        "colour": "brown",
        "material": "wood",
        "seats": "3"
      },
      "geometry": {
        "type": "Point",
        "coordinates": [
          -120.6595465,
          35.3011258
        ]
      },
      "id": "node/9663572691"
    },
    {
      "type": "Feature",
      "properties": {
        "@id": "node/9663572693",
        "amenity": "telephone",
        "covered": "yes",
        "description": "On campus calls only.",
        "indoor": "no",
        "lit": "yes",
        "payment:free": "yes"
      },
      "geometry": {
        "type": "Point",
        "coordinates": [
          -120.6632916,
          35.3001551
        ]
      },
      "id": "node/9663572693"
    },
    {
      "type": "Feature",
      "properties": {
        "@id": "node/9663572694",
        "amenity": "bbq",
        "covered": "no"
      },
      "geometry": {
        "type": "Point",
        "coordinates": [
          -120.6578683,
          35.3029707
        ]
      },
      "id": "node/9663572694"
    },
    {
      "type": "Feature",
      "properties": {
        "@id": "node/9663572695",
        "amenity": "bench",
        "backrest": "yes"
      },
      "geometry": {
        "type": "Point",
        "coordinates": [
          -120.657898,
          35.3031087
        ]
      },
      "id": "node/9663572695"
    },
    {
      "type": "Feature",
      "properties": {
        "@id": "node/9663572697",
        "amenity": "bicycle_parking",
        "bicycle_parking": "lockers",
        "covered": "yes",
        "fee": "yes",
        "indoor": "no",
        "payment:online_payment": "yes"
      },
      "geometry": {
        "type": "Point",
        "coordinates": [
          -120.6611785,
          35.3021765
        ]
      },
      "id": "node/9663572697"
    },
    {
      "type": "Feature",
      "properties": {
        "@id": "node/9663572698",
        "amenity": "bench",
        "backrest": "no"
      },
      "geometry": {
        "type": "Point",
        "coordinates": [
          -120.6611924,
          35.302011
        ]
      },
      "id": "node/9663572698"
    },
    {
      "type": "Feature",
      "properties": {
        "@id": "node/9663572699",
        "amenity": "vending_machine",
        "covered": "no",
        "description": "Mustang News and New Times.",
        "fee": "no",
        "indoor": "no",
        "vending": "newspapers"
      },
      "geometry": {
        "type": "Point",
        "coordinates": [
          -120.660809,
          35.3026624
        ]
      },
      "id": "node/9663572699"
    },
    {
      "type": "Feature",
      "properties": {
        "@id": "node/9663572700",
        "amenity": "bicycle_parking",
        "covered": "no",
        "fee": "no",
        "indoor": "no",
        "lit": "yes"
      },
      "geometry": {
        "type": "Point",
        "coordinates": [
          -120.6608001,
          35.3026233
        ]
      },
      "id": "node/9663572700"
    },
    {
      "type": "Feature",
      "properties": {
        "@id": "node/9663572702",
        "amenity": "vending_machine",
        "covered": "no",
        "description": "Mustang News",
        "fee": "no",
        "indoor": "no",
        "operator": "Cal Poly",
        "vending": "newspapers"
      },
      "geometry": {
        "type": "Point",
        "coordinates": [
          -120.6633022,
          35.3022863
        ]
      },
      "id": "node/9663572702"
    },
    {
      "type": "Feature",
      "properties": {
        "@id": "node/9668219954",
        "amenity": "car_sharing",
        "lit": "no",
        "operator": "Zipcar",
        "operator:wikidata": "Q1069924",
        "operator:wikipedia": "en:Zipcar",
        "supervised": "no"
      },
      "geometry": {
        "type": "Point",
        "coordinates": [
          -120.6560738,
          35.3042288
        ]
      },
      "id": "node/9668219954"
    },
    {
      "type": "Feature",
      "properties": {
        "@id": "node/9668219955",
        "amenity": "bench",
        "backrest": "yes",
        "colour": "white",
        "lit": "yes",
        "material": "concrete"
      },
      "geometry": {
        "type": "Point",
        "coordinates": [
          -120.6572852,
          35.3042591
        ]
      },
      "id": "node/9668219955"
    },
    {
      "type": "Feature",
      "properties": {
        "@id": "node/9668219956",
        "amenity": "bench",
        "backrest": "yes",
        "colour": "white",
        "lit": "yes",
        "material": "concrete"
      },
      "geometry": {
        "type": "Point",
        "coordinates": [
          -120.6572644,
          35.3042296
        ]
      },
      "id": "node/9668219956"
    },
    {
      "type": "Feature",
      "properties": {
        "@id": "node/9668219957",
        "amenity": "bench",
        "backrest": "yes",
        "colour": "white",
        "lit": "yes",
        "material": "concrete"
      },
      "geometry": {
        "type": "Point",
        "coordinates": [
          -120.6572143,
          35.3042753
        ]
      },
      "id": "node/9668219957"
    },
    {
      "type": "Feature",
      "properties": {
        "@id": "node/9668219958",
        "amenity": "bench",
        "backrest": "yes",
        "colour": "white",
        "lit": "yes",
        "material": "concrete"
      },
      "geometry": {
        "type": "Point",
        "coordinates": [
          -120.6571548,
          35.3041943
        ]
      },
      "id": "node/9668219958"
    },
    {
      "type": "Feature",
      "properties": {
        "@id": "node/9668219960",
        "amenity": "vending_machine",
        "bin": "no",
        "covered": "no",
        "fee": "no",
        "indoor": "no",
        "vending": "excrement_bags"
      },
      "geometry": {
        "type": "Point",
        "coordinates": [
          -120.6572274,
          35.3043021
        ]
      },
      "id": "node/9668219960"
    },
    {
      "type": "Feature",
      "properties": {
        "@id": "node/9668219961",
        "amenity": "bench",
        "backrest": "yes",
        "colour": "white",
        "lit": "yes",
        "material": "concrete"
      },
      "geometry": {
        "type": "Point",
        "coordinates": [
          -120.65725,
          35.3043445
        ]
      },
      "id": "node/9668219961"
    },
    {
      "type": "Feature",
      "properties": {
        "@id": "node/9668219962",
        "amenity": "waste_basket",
        "covered": "no",
        "indoor": "no"
      },
      "geometry": {
        "type": "Point",
        "coordinates": [
          -120.6572527,
          35.3042138
        ]
      },
      "id": "node/9668219962"
    },
    {
      "type": "Feature",
      "properties": {
        "@id": "node/9668219963",
        "amenity": "recycling",
        "covered": "no",
        "indoor": "no",
        "recycling_type": "container"
      },
      "geometry": {
        "type": "Point",
        "coordinates": [
          -120.6572464,
          35.3042053
        ]
      },
      "id": "node/9668219963"
    },
    {
      "type": "Feature",
      "properties": {
        "@id": "node/9668219964",
        "amenity": "bench",
        "backrest": "yes",
        "colour": "white",
        "lit": "yes",
        "material": "concrete"
      },
      "geometry": {
        "type": "Point",
        "coordinates": [
          -120.6573083,
          35.304707
        ]
      },
      "id": "node/9668219964"
    },
    {
      "type": "Feature",
      "properties": {
        "@id": "node/9921260618",
        "amenity": "parking_space",
        "capacity": "9",
        "parking_space": "disabled"
      },
      "geometry": {
        "type": "Point",
        "coordinates": [
          -120.6636674,
          35.3025607
        ]
      },
      "id": "node/9921260618"
    },
    {
      "type": "Feature",
      "properties": {
        "@id": "node/10205291658",
        "addr:city": "San Luis Obispo",
        "addr:housenumber": "1",
        "addr:postcode": "93407",
        "addr:state": "CA",
        "addr:street": "Grand Avenue",
        "alt_name": "Jamba Juice",
        "amenity": "fast_food",
        "branch": "Cal Poly Vista Grande",
        "brand": "Jamba",
        "brand:wikidata": "Q3088784",
        "cuisine": "juice",
        "name": "Jamba",
        "opening_hours": "Mo-Fr 06:30-21:00; Sa-Su 08:00-20:00",
        "phone": "+1 805-756-1955",
        "takeaway": "yes",
        "website": "https://locations.jamba.com/ca/san-luis-obispo/1-grand-ave"
      },
      "geometry": {
        "type": "Point",
        "coordinates": [
          -120.6561414,
          35.2992172
        ]
      },
      "id": "node/10205291658"
    },
    {
      "type": "Feature",
      "properties": {
        "@id": "node/10205291660",
        "amenity": "restaurant",
        "diet:allergen-free": "yes",
        "name": "Balance Cafe"
      },
      "geometry": {
        "type": "Point",
        "coordinates": [
          -120.6559103,
          35.2994427
        ]
      },
      "id": "node/10205291660"
    },
    {
      "type": "Feature",
      "properties": {
        "@id": "node/10205291661",
        "amenity": "restaurant",
        "cuisine": "italian",
        "name": "Hearth"
      },
      "geometry": {
        "type": "Point",
        "coordinates": [
          -120.6558611,
          35.2993533
        ]
      },
      "id": "node/10205291661"
    },
    {
      "type": "Feature",
      "properties": {
        "@id": "node/10205291662",
        "amenity": "restaurant",
        "cuisine": "breakfast",
        "name": "Brunch"
      },
      "geometry": {
        "type": "Point",
        "coordinates": [
          -120.6556963,
          35.2993812
        ]
      },
      "id": "node/10205291662"
    },
    {
      "type": "Feature",
      "properties": {
        "@id": "node/10205291663",
        "amenity": "restaurant",
        "cuisine": "noodle",
        "name": "Noodles"
      },
      "geometry": {
        "type": "Point",
        "coordinates": [
          -120.6557627,
          35.2994189
        ]
      },
      "id": "node/10205291663"
    },
    {
      "type": "Feature",
      "properties": {
        "@id": "node/10205291665",
        "amenity": "restaurant",
        "cuisine": "street_food;burger;mexican;american",
        "name": "Streats"
      },
      "geometry": {
        "type": "Point",
        "coordinates": [
          -120.6560701,
          35.299359
        ]
      },
      "id": "node/10205291665"
    },
    {
      "type": "Feature",
      "properties": {
        "@id": "node/10205291666",
        "amenity": "restaurant",
        "name": "Mingle + Nosh"
      },
      "geometry": {
        "type": "Point",
        "coordinates": [
          -120.6558139,
          35.299432
        ]
      },
      "id": "node/10205291666"
    },
    {
      "type": "Feature",
      "properties": {
        "@id": "node/10205351961",
        "amenity": "bank",
        "atm": "yes",
        "drive_through": "no",
        "name": "Sesloc Federal Credit Union"
      },
      "geometry": {
        "type": "Point",
        "coordinates": [
          -120.6589748,
          35.3002766
        ]
      },
      "id": "node/10205351961"
    },
    {
      "type": "Feature",
      "properties": {
        "@id": "node/10205351992",
        "amenity": "bench",
        "backrest": "yes",
        "material": "concrete"
      },
      "geometry": {
        "type": "Point",
        "coordinates": [
          -120.6599147,
          35.301864
        ]
      },
      "id": "node/10205351992"
    },
    {
      "type": "Feature",
      "properties": {
        "@id": "node/10205352017",
        "amenity": "cafe",
        "name": "Julian's"
      },
      "geometry": {
        "type": "Point",
        "coordinates": [
          -120.663522,
          35.3019518
        ]
      },
      "id": "node/10205352017"
    },
    {
      "type": "Feature",
      "properties": {
        "@id": "node/10205352023",
        "amenity": "charging_station"
      },
      "geometry": {
        "type": "Point",
        "coordinates": [
          -120.6635188,
          35.302555
        ]
      },
      "id": "node/10205352023"
    },
    {
      "type": "Feature",
      "properties": {
        "@id": "node/10205352024",
        "amenity": "charging_station"
      },
      "geometry": {
        "type": "Point",
        "coordinates": [
          -120.6635056,
          35.3025336
        ]
      },
      "id": "node/10205352024"
    },
    {
      "type": "Feature",
      "properties": {
        "@id": "node/10205352025",
        "amenity": "charging_station"
      },
      "geometry": {
        "type": "Point",
        "coordinates": [
          -120.6634963,
          35.302507
        ]
      },
      "id": "node/10205352025"
    },
    {
      "type": "Feature",
      "properties": {
        "@id": "node/10205352026",
        "amenity": "parking_space",
        "parking_space": "disabled"
      },
      "geometry": {
        "type": "Point",
        "coordinates": [
          -120.6636407,
          35.3024995
        ]
      },
      "id": "node/10205352026"
    },
    {
      "type": "Feature",
      "properties": {
        "@id": "node/10205352027",
        "amenity": "parking_space",
        "parking_space": "disabled"
      },
      "geometry": {
        "type": "Point",
        "coordinates": [
          -120.6636528,
          35.3025274
        ]
      },
      "id": "node/10205352027"
    },
    {
      "type": "Feature",
      "properties": {
        "@id": "node/10205352028",
        "amenity": "parking_space",
        "parking_space": "disabled"
      },
      "geometry": {
        "type": "Point",
        "coordinates": [
          -120.663665,
          35.3025914
        ]
      },
      "id": "node/10205352028"
    },
    {
      "type": "Feature",
      "properties": {
        "@id": "node/10205352029",
        "amenity": "parking_space",
        "parking_space": "disabled"
      },
      "geometry": {
        "type": "Point",
        "coordinates": [
          -120.6636793,
          35.3026302
        ]
      },
      "id": "node/10205352029"
    },
    {
      "type": "Feature",
      "properties": {
        "@id": "node/10205352030",
        "amenity": "parking_space",
        "parking_space": "disabled"
      },
      "geometry": {
        "type": "Point",
        "coordinates": [
          -120.6636915,
          35.3026761
        ]
      },
      "id": "node/10205352030"
    },
    {
      "type": "Feature",
      "properties": {
        "@id": "node/10205352031",
        "amenity": "parking_space",
        "parking_space": "disabled"
      },
      "geometry": {
        "type": "Point",
        "coordinates": [
          -120.663697,
          35.3027392
        ]
      },
      "id": "node/10205352031"
    },
    {
      "type": "Feature",
      "properties": {
        "@id": "node/10205352032",
        "amenity": "bicycle_parking",
        "covered": "no"
      },
      "geometry": {
        "type": "Point",
        "coordinates": [
          -120.6649135,
          35.3025166
        ]
      },
      "id": "node/10205352032"
    },
    {
      "type": "Feature",
      "properties": {
        "@id": "node/10557771850",
        "amenity": "bench",
        "backrest": "yes"
      },
      "geometry": {
        "type": "Point",
        "coordinates": [
          -120.6572077,
          35.3012135
        ]
      },
      "id": "node/10557771850"
    },
    {
      "type": "Feature",
      "properties": {
        "@id": "node/10587599606",
        "amenity": "parking_space",
        "parking_space": "disabled"
      },
      "geometry": {
        "type": "Point",
        "coordinates": [
          -120.6641736,
          35.2996905
        ]
      },
      "id": "node/10587599606"
    },
    {
      "type": "Feature",
      "properties": {
        "@id": "node/10587599703",
        "amenity": "parking_space",
        "parking_space": "disabled"
      },
      "geometry": {
        "type": "Point",
        "coordinates": [
          -120.6659971,
          35.2997025
        ]
      },
      "id": "node/10587599703"
    },
    {
      "type": "Feature",
      "properties": {
        "@id": "node/10587599704",
        "amenity": "parking_space",
        "parking_space": "disabled"
      },
      "geometry": {
        "type": "Point",
        "coordinates": [
          -120.6659775,
          35.2996494
        ]
      },
      "id": "node/10587599704"
    },
    {
      "type": "Feature",
      "properties": {
        "@id": "node/10587641405",
        "amenity": "parking_space",
        "parking_space": "disabled"
      },
      "geometry": {
        "type": "Point",
        "coordinates": [
          -120.6625565,
          35.3014517
        ]
      },
      "id": "node/10587641405"
    },
    {
      "type": "Feature",
      "properties": {
        "@id": "node/10587641406",
        "amenity": "parking_space",
        "parking_space": "disabled"
      },
      "geometry": {
        "type": "Point",
        "coordinates": [
          -120.6625307,
          35.301365
        ]
      },
      "id": "node/10587641406"
    },
    {
      "type": "Feature",
      "properties": {
        "@id": "node/10587641407",
        "amenity": "parking_space",
        "parking_space": "disabled"
      },
      "geometry": {
        "type": "Point",
        "coordinates": [
          -120.6625103,
          35.3013205
        ]
      },
      "id": "node/10587641407"
    },
    {
      "type": "Feature",
      "properties": {
        "@id": "node/10587641408",
        "amenity": "parking_space",
        "parking_space": "disabled"
      },
      "geometry": {
        "type": "Point",
        "coordinates": [
          -120.6617775,
          35.3028608
        ]
      },
      "id": "node/10587641408"
    },
    {
      "type": "Feature",
      "properties": {
        "@id": "node/10587641409",
        "amenity": "parking_space",
        "parking_space": "disabled"
      },
      "geometry": {
        "type": "Point",
        "coordinates": [
          -120.6600069,
          35.3031929
        ]
      },
      "id": "node/10587641409"
    },
    {
      "type": "Feature",
      "properties": {
        "@id": "node/10587641410",
        "amenity": "parking_space",
        "parking_space": "disabled"
      },
      "geometry": {
        "type": "Point",
        "coordinates": [
          -120.6600051,
          35.3031679
        ]
      },
      "id": "node/10587641410"
    },
    {
      "type": "Feature",
      "properties": {
        "@id": "node/10587641411",
        "amenity": "parking_space",
        "parking_space": "disabled"
      },
      "geometry": {
        "type": "Point",
        "coordinates": [
          -120.6600033,
          35.3031273
        ]
      },
      "id": "node/10587641411"
    },
    {
      "type": "Feature",
      "properties": {
        "@id": "node/10587641412",
        "amenity": "parking_space",
        "parking_space": "disabled"
      },
      "geometry": {
        "type": "Point",
        "coordinates": [
          -120.6600003,
          35.3030964
        ]
      },
      "id": "node/10587641412"
    },
    {
      "type": "Feature",
      "properties": {
        "@id": "node/13156115663",
        "amenity": "bicycle_parking",
        "bicycle_parking": "rack",
        "capacity": "16",
        "covered": "no",
        "fee": "none",
        "lit": "no",
        "supervised": "no",
        "surface": "concrete"
      },
      "geometry": {
        "type": "Point",
        "coordinates": [
          -120.6564143,
          35.300268
        ]
      },
      "id": "node/13156115663"
    },
    {
      "type": "Feature",
      "properties": {
        "@id": "node/13156138458",
        "amenity": "recycling",
        "recycling:waste": "s",
        "recycling_type": "container"
      },
      "geometry": {
        "type": "Point",
        "coordinates": [
          -120.6618545,
          35.3012815
        ]
      },
      "id": "node/13156138458"
    },
    {
      "type": "Feature",
      "properties": {
        "@id": "node/13156138489",
        "amenity": "waste_basket",
        "waste": "trash"
      },
      "geometry": {
        "type": "Point",
        "coordinates": [
          -120.6618479,
          35.3012837
        ]
      },
      "id": "node/13156138489"
    },
    {
      "type": "Feature",
      "properties": {
        "@id": "node/13157074581",
        "amenity": "bench",
        "armrest": "yes",
        "backrest": "no",
        "colour": "brown",
        "direction": "235",
        "material": "wood",
        "seats": "3"
      },
      "geometry": {
        "type": "Point",
        "coordinates": [
          -120.6593343,
          35.3011489
        ]
      },
      "id": "node/13157074581"
    },
    {
      "type": "Feature",
      "properties": {
        "@id": "node/13157074583",
        "amenity": "bench",
        "armrest": "yes",
        "backrest": "yes",
        "colour": "black",
        "direction": "S",
        "material": "wood",
        "seats": "3"
      },
      "geometry": {
        "type": "Point",
        "coordinates": [
          -120.6595887,
          35.3011803
        ]
      },
      "id": "node/13157074583"
    },
    {
      "type": "Feature",
      "properties": {
        "@id": "node/13157074589",
        "amenity": "bench",
        "armrest": "yes",
        "backrest": "yes",
        "colour": "brown",
        "direction": "129",
        "material": "wood",
        "seats": "3"
      },
      "geometry": {
        "type": "Point",
        "coordinates": [
          -120.6594899,
          35.3011723
        ]
      },
      "id": "node/13157074589"
    },
    {
      "type": "Feature",
      "properties": {
        "@id": "node/13157074590",
        "amenity": "bench",
        "armrest": "yes",
        "backrest": "yes",
        "colour": "gray",
        "direction": "2",
        "material": "wood",
        "seats": "3"
      },
      "geometry": {
        "type": "Point",
        "coordinates": [
          -120.6594014,
          35.3010643
        ]
      },
      "id": "node/13157074590"
    }
  ]
}