{
  "type": "FeatureCollection",
  "generator": "overpass-turbo",
  "copyright": "The data included in this document is from www.openstreetmap.org. The data is made available under ODbL.",
  "timestamp": "2026-03-04T06:03:14Z",
  "features": [
    {
      "type": "Feature",
      "properties": {
        "@id": "way/35152829",
        "addr:city": "San Luis Obispo",
        "addr:postcode": "93407",
        "addr:street": "Grand",
        "building": "university",
        "name": "Farm Shop",
        "ref": "09"
      },
      "geometry": {
        "type": "Polygon",
        "coordinates": [
          [
            [
              -120.6626759,
              35.3046327
            ],
            [
              -120.6625398,
              35.3041561
            ],
            [
              -120.6619413,
              35.30427
            ],
            [
              -120.6620325,
              35.3045894
            ],
            [
              -120.6623675,
              35.3045257
            ],
            [
              -120.6623828,
              35.3045793
            ],
            [
              -120.6624454,
              35.3045673
            ],
            [
              -120.662475,
              35.3046709
            ],
            [
              -120.6626759,
              35.3046327
            ]
          ]
        ]
      },
      "id": "way/35152829"
    },
    {
      "type": "Feature",
      "properties": {
        "@id": "way/38899881",
        "addr:city": "San Luis Obispo",
        "addr:housenumber": "192",
        "addr:postcode": "93407",
        "addr:street": "Grand",
        "building": "university",
        "name": "Engineering IV",
        "ref": "192"
      },
      "geometry": {
        "type": "Polygon",
        "coordinates": [
          [
            [
              -120.665296,
              35.3024098
            ],
            [
              -120.6649912,
              35.302484
            ],
            [
              -120.6650408,
              35.3026541
            ],
            [
              -120.6649954,
              35.3026826
            ],
            [
              -120.6649476,
              35.3026508
            ],
            [
              -120.6647041,
              35.3028498
            ],
            [
              -120.6642452,
              35.3030839
            ],
            [
              -120.6642969,
              35.303166
            ],
            [
              -120.6642639,
              35.3031939
            ],
            [
              -120.6643328,
              35.3032576
            ],
            [
              -120.6642577,
              35.3033043
            ],
            [
              -120.6642884,
              35.3033317
            ],
            [
              -120.6643346,
              35.3033038
            ],
            [
              -120.664467,
              35.3034291
            ],
            [
              -120.6645809,
              35.3033067
            ],
            [
              -120.664566,
              35.3032856
            ],
            [
              -120.6650202,
              35.3029965
            ],
            [
              -120.6651123,
              35.3029402
            ],
            [
              -120.6651583,
              35.3029214
            ],
            [
              -120.6652364,
              35.3029151
            ],
            [
              -120.6653255,
              35.3028971
            ],
            [
              -120.6653186,
              35.3028632
            ],
            [
              -120.6654204,
              35.3028383
            ],
            [
              -120.665296,
              35.3024098
            ]
          ]
        ]
      },
      "id": "way/38899881"
    },
    {
      "type": "Feature",
      "properties": {
        "@id": "way/38899882",
        "addr:city": "San Luis Obispo",
        "addr:housenumber": "197",
        "addr:postcode": "93407",
        "addr:street": "Grand",
        "building": "university",
        "name": "Bonderson Projects Center",
        "ref": "197"
      },
      "geometry": {
        "type": "Polygon",
        "coordinates": [
          [
            [
              -120.6644849,
              35.3023148
            ],
            [
              -120.6644348,
              35.3023245
            ],
            [
              -120.6644217,
              35.3022795
            ],
            [
              -120.6638899,
              35.3023824
            ],
            [
              -120.6639509,
              35.3025926
            ],
            [
              -120.6638504,
              35.3026121
            ],
            [
              -120.6638595,
              35.3026434
            ],
            [
              -120.6639453,
              35.3026268
            ],
            [
              -120.6639652,
              35.3026956
            ],
            [
              -120.6643644,
              35.3026184
            ],
            [
              -120.6643522,
              35.3025766
            ],
            [
              -120.6645499,
              35.3025384
            ],
            [
              -120.6644849,
              35.3023148
            ]
          ]
        ]
      },
      "id": "way/38899882"
    },
    {
      "type": "Feature",
      "properties": {
        "@id": "way/38899884",
        "addr:city": "San Luis Obispo",
        "addr:housenumber": "007",
        "addr:postcode": "93407",
        "addr:street": "Grand",
        "building": "university",
        "name": "Advanced Technologies Laboratory",
        "ref": "07"
      },
      "geometry": {
        "type": "Polygon",
        "coordinates": [
          [
            [
              -120.6653666,
              35.3020302
            ],
            [
              -120.6652643,
              35.3020499
            ],
            [
              -120.6648134,
              35.3021371
            ],
            [
              -120.6648067,
              35.3021138
            ],
            [
              -120.6647201,
              35.3021306
            ],
            [
              -120.6647671,
              35.3022928
            ],
            [
              -120.664809,
              35.3022847
            ],
            [
              -120.6648324,
              35.3023654
            ],
            [
              -120.6654304,
              35.3022498
            ],
            [
              -120.665404,
              35.3021605
            ],
            [
              -120.6653693,
              35.3020417
            ],
            [
              -120.6653666,
              35.3020302
            ]
          ]
        ]
      },
      "id": "way/38899884"
    },
    {
      "type": "Feature",
      "properties": {
        "@id": "way/45600366",
        "building": "yes",
        "university-function": "academic school or college"
      },
      "geometry": {
        "type": "Polygon",
        "coordinates": [
          [
            [
              -120.6634198,
              35.3038669
            ],
            [
              -120.6633643,
              35.3036583
            ],
            [
              -120.6632922,
              35.3036678
            ],
            [
              -120.6633495,
              35.3038779
            ],
            [
              -120.6634198,
              35.3038669
            ]
          ]
        ]
      },
      "id": "way/45600366"
    },
    {
      "type": "Feature",
      "properties": {
        "@id": "way/45600367",
        "building": "yes"
      },
      "geometry": {
        "type": "Polygon",
        "coordinates": [
          [
            [
              -120.6687401,
              35.3028776
            ],
            [
              -120.6688556,
              35.3028173
            ],
            [
              -120.6688175,
              35.3027689
            ],
            [
              -120.668703,
              35.302829
            ],
            [
              -120.6687401,
              35.3028776
            ]
          ]
        ]
      },
      "id": "way/45600367"
    },
    {
      "type": "Feature",
      "properties": {
        "@id": "way/45600368",
        "addr:full": "631 North Santa Rosa Street",
        "addr:housenumber": "631",
        "addr:street": "North Santa Rosa Street",
        "building": "university",
        "name": "Crop Science Building",
        "ref": "17"
      },
      "geometry": {
        "type": "Polygon",
        "coordinates": [
          [
            [
              -120.6684223,
              35.3027457
            ],
            [
              -120.6683334,
              35.3026303
            ],
            [
              -120.6685306,
              35.3025285
            ],
            [
              -120.6684471,
              35.3024207
            ],
            [
              -120.6681556,
              35.3025735
            ],
            [
              -120.668396,
              35.3028839
            ],
            [
              -120.6686676,
              35.3027436
            ],
            [
              -120.668707,
              35.3027927
            ],
            [
              -120.6687905,
              35.3027514
            ],
            [
              -120.6687224,
              35.3026703
            ],
            [
              -120.6687692,
              35.3026462
            ],
            [
              -120.6687367,
              35.3025986
            ],
            [
              -120.6686867,
              35.302625
            ],
            [
              -120.6686777,
              35.3026132
            ],
            [
              -120.6684223,
              35.3027457
            ]
          ]
        ]
      },
      "id": "way/45600368"
    },
    {
      "type": "Feature",
      "properties": {
        "@id": "way/45600374",
        "building": "yes",
        "name": "32C- Equine Center Breeding Barn"
      },
      "geometry": {
        "type": "Polygon",
        "coordinates": [
          [
            [
              -120.6647492,
              35.3098292
            ],
            [
              -120.6646933,
              35.309734
            ],
            [
              -120.6646353,
              35.3097525
            ],
            [
              -120.664612,
              35.3097583
            ],
            [
              -120.6644454,
              35.3098272
            ],
            [
              -120.6645063,
              35.3099257
            ],
            [
              -120.6647492,
              35.3098292
            ]
          ]
        ]
      },
      "id": "way/45600374"
    },
    {
      "type": "Feature",
      "properties": {
        "@id": "way/45600375",
        "building": "yes"
      },
      "geometry": {
        "type": "Polygon",
        "coordinates": [
          [
            [
              -120.6631219,
              35.30949
            ],
            [
              -120.6630716,
              35.3093177
            ],
            [
              -120.6629362,
              35.309344
            ],
            [
              -120.6629865,
              35.3095163
            ],
            [
              -120.6631219,
              35.30949
            ]
          ]
        ]
      },
      "id": "way/45600375"
    },
    {
      "type": "Feature",
      "properties": {
        "@id": "way/45600376",
        "building": "greenhouse",
        "name": "48F- EHS Solar Greenhouse"
      },
      "geometry": {
        "type": "Polygon",
        "coordinates": [
          [
            [
              -120.6630643,
              35.3092859
            ],
            [
              -120.6630165,
              35.3091172
            ],
            [
              -120.6628763,
              35.3091437
            ],
            [
              -120.6629241,
              35.3093124
            ],
            [
              -120.6630643,
              35.3092859
            ]
          ]
        ]
      },
      "id": "way/45600376"
    },
    {
      "type": "Feature",
      "properties": {
        "@id": "way/45600377",
        "building": "yes",
        "name": "Horticulture Dorm"
      },
      "geometry": {
        "type": "Polygon",
        "coordinates": [
          [
            [
              -120.6639054,
              35.3090571
            ],
            [
              -120.6638808,
              35.3089751
            ],
            [
              -120.6638132,
              35.3089886
            ],
            [
              -120.6638176,
              35.309003
            ],
            [
              -120.663724,
              35.3090217
            ],
            [
              -120.6637155,
              35.3090234
            ],
            [
              -120.6637358,
              35.309091
            ],
            [
              -120.6639054,
              35.3090571
            ]
          ]
        ]
      },
      "id": "way/45600377"
    },
    {
      "type": "Feature",
      "properties": {
        "@id": "way/45600378",
        "building": "yes",
        "name": "18B- Dairy Science Physiology Lab"
      },
      "geometry": {
        "type": "Polygon",
        "coordinates": [
          [
            [
              -120.6724403,
              35.3078422
            ],
            [
              -120.6724403,
              35.3078298
            ],
            [
              -120.6724643,
              35.3078298
            ],
            [
              -120.6724645,
              35.3077169
            ],
            [
              -120.6723798,
              35.3077168
            ],
            [
              -120.6723797,
              35.3077368
            ],
            [
              -120.6723916,
              35.3077368
            ],
            [
              -120.6723915,
              35.3078298
            ],
            [
              -120.6724169,
              35.3078298
            ],
            [
              -120.6724169,
              35.3078422
            ],
            [
              -120.6724403,
              35.3078422
            ]
          ]
        ]
      },
      "id": "way/45600378"
    },
    {
      "type": "Feature",
      "properties": {
        "@id": "way/45600379",
        "addr:city": "San Luis Obispo",
        "addr:postcode": "93407",
        "addr:street": "Grand",
        "building": "yes",
        "name": "Dairy Science",
        "ref": "18"
      },
      "geometry": {
        "type": "Polygon",
        "coordinates": [
          [
            [
              -120.6725949,
              35.3073109
            ],
            [
              -120.6725943,
              35.3072762
            ],
            [
              -120.6728637,
              35.3072728
            ],
            [
              -120.6728635,
              35.3072626
            ],
            [
              -120.6728614,
              35.307152
            ],
            [
              -120.6725927,
              35.3071553
            ],
            [
              -120.6725896,
              35.30699
            ],
            [
              -120.6725134,
              35.306991
            ],
            [
              -120.672513,
              35.3069705
            ],
            [
              -120.6724513,
              35.3069713
            ],
            [
              -120.6724517,
              35.3069914
            ],
            [
              -120.6724035,
              35.306992
            ],
            [
              -120.6724053,
              35.3070855
            ],
            [
              -120.6723873,
              35.3070857
            ],
            [
              -120.6723912,
              35.3072905
            ],
            [
              -120.6724203,
              35.3072902
            ],
            [
              -120.672421,
              35.3073262
            ],
            [
              -120.672518,
              35.307325
            ],
            [
              -120.6725177,
              35.3073119
            ],
            [
              -120.6725949,
              35.3073109
            ]
          ]
        ]
      },
      "id": "way/45600379"
    },
    {
      "type": "Feature",
      "properties": {
        "@id": "way/45600380",
        "building": "yes",
        "name": "57A- Veterinary Hospital Annex"
      },
      "geometry": {
        "type": "Polygon",
        "coordinates": [
          [
            [
              -120.6704981,
              35.3060895
            ],
            [
              -120.6704639,
              35.3060198
            ],
            [
              -120.6703834,
              35.3060448
            ],
            [
              -120.670363,
              35.3060542
            ],
            [
              -120.6703104,
              35.3060796
            ],
            [
              -120.6703389,
              35.3061387
            ],
            [
              -120.6704981,
              35.3060895
            ]
          ]
        ]
      },
      "id": "way/45600380"
    },
    {
      "type": "Feature",
      "properties": {
        "@id": "way/45600381",
        "building": "yes",
        "name": "57- Veterinary Hospital"
      },
      "geometry": {
        "type": "Polygon",
        "coordinates": [
          [
            [
              -120.6703399,
              35.3059994
            ],
            [
              -120.6703486,
              35.3059996
            ],
            [
              -120.6704193,
              35.305985
            ],
            [
              -120.6703735,
              35.3058012
            ],
            [
              -120.670286,
              35.3058171
            ],
            [
              -120.6703009,
              35.3058895
            ],
            [
              -120.6702434,
              35.3059004
            ],
            [
              -120.6702623,
              35.3059895
            ],
            [
              -120.6703239,
              35.305982
            ],
            [
              -120.6703282,
              35.3060015
            ],
            [
              -120.6703399,
              35.3059994
            ]
          ]
        ]
      },
      "id": "way/45600381"
    },
    {
      "type": "Feature",
      "properties": {
        "@id": "way/45600382",
        "addr:city": "San Luis Obispo",
        "addr:postcode": "93407",
        "addr:street": "Grand",
        "building": "university",
        "name": "Aero Hanger",
        "ref": "04A"
      },
      "geometry": {
        "type": "Polygon",
        "coordinates": [
          [
            [
              -120.6649723,
              35.3056017
            ],
            [
              -120.6646467,
              35.3053751
            ],
            [
              -120.6644248,
              35.3055899
            ],
            [
              -120.6647461,
              35.3058122
            ],
            [
              -120.6649723,
              35.3056017
            ]
          ]
        ]
      },
      "id": "way/45600382"
    },
    {
      "type": "Feature",
      "properties": {
        "@id": "way/45600383",
        "building": "yes",
        "name": "04E- Aero Hazardous Material Storage"
      },
      "geometry": {
        "type": "Polygon",
        "coordinates": [
          [
            [
              -120.6653255,
              35.3055719
            ],
            [
              -120.6653685,
              35.3055399
            ],
            [
              -120.6653285,
              35.3055089
            ],
            [
              -120.6652844,
              35.30554
            ],
            [
              -120.6653255,
              35.3055719
            ]
          ]
        ]
      },
      "id": "way/45600383"
    },
    {
      "type": "Feature",
      "properties": {
        "@id": "way/45600385",
        "building": "university",
        "name": "Research Development Center",
        "ref": "04"
      },
      "geometry": {
        "type": "Polygon",
        "coordinates": [
          [
            [
              -120.6652027,
              35.3053703
            ],
            [
              -120.6648875,
              35.3051498
            ],
            [
              -120.6646699,
              35.305357
            ],
            [
              -120.6649851,
              35.3055775
            ],
            [
              -120.6652027,
              35.3053703
            ]
          ]
        ]
      },
      "id": "way/45600385"
    },
    {
      "type": "Feature",
      "properties": {
        "@id": "way/45600386",
        "building": "yes",
        "name": "Public Safety Lab",
        "ref": "04C"
      },
      "geometry": {
        "type": "Polygon",
        "coordinates": [
          [
            [
              -120.664418,
              35.3054287
            ],
            [
              -120.664483,
              35.3054728
            ],
            [
              -120.6645663,
              35.3053911
            ],
            [
              -120.6645016,
              35.3053471
            ],
            [
              -120.6644807,
              35.3053676
            ],
            [
              -120.6644498,
              35.3053466
            ],
            [
              -120.664419,
              35.3053768
            ],
            [
              -120.6644497,
              35.3053976
            ],
            [
              -120.664418,
              35.3054287
            ]
          ]
        ]
      },
      "id": "way/45600386"
    },
    {
      "type": "Feature",
      "properties": {
        "@id": "way/45600387",
        "building": "yes",
        "name": "Aero Storage",
        "ref": "04R"
      },
      "geometry": {
        "type": "Polygon",
        "coordinates": [
          [
            [
              -120.6644156,
              35.3055798
            ],
            [
              -120.664483,
              35.3055117
            ],
            [
              -120.6644546,
              35.305493
            ],
            [
              -120.6644687,
              35.3054788
            ],
            [
              -120.6644158,
              35.3054439
            ],
            [
              -120.6643879,
              35.3054721
            ],
            [
              -120.6643532,
              35.3054492
            ],
            [
              -120.6642996,
              35.3055033
            ],
            [
              -120.6644156,
              35.3055798
            ]
          ]
        ]
      },
      "id": "way/45600387"
    },
    {
      "type": "Feature",
      "properties": {
        "@id": "way/45600390",
        "addr:city": "San Luis Obispo",
        "addr:housenumber": "10",
        "addr:postcode": "93407",
        "addr:street": "Grand",
        "building": "university",
        "name": "Alan A. Erhart Agriculture",
        "university-function": "academic school or college"
      },
      "geometry": {
        "type": "Polygon",
        "coordinates": [
          [
            [
              -120.6617225,
              35.3024253
            ],
            [
              -120.6617011,
              35.3023327
            ],
            [
              -120.6614743,
              35.3015514
            ],
            [
              -120.6614015,
              35.3015671
            ],
            [
              -120.6613694,
              35.3015737
            ],
            [
              -120.6613014,
              35.3015874
            ],
            [
              -120.6614973,
              35.302286
            ],
            [
              -120.6610945,
              35.3023585
            ],
            [
              -120.661138,
              35.3025427
            ],
            [
              -120.6617225,
              35.3024253
            ]
          ]
        ]
      },
      "id": "way/45600390"
    },
    {
      "type": "Feature",
      "properties": {
        "@id": "way/45600398",
        "addr:city": "San Luis Obispo",
        "addr:housenumber": "8A",
        "addr:postcode": "93407",
        "addr:street": "Grand",
        "building": "university",
        "description": "By Cal Poly Irrigation Training and Research",
        "name": "Bioresource and Agricultural Engineering",
        "ref": "08A"
      },
      "geometry": {
        "type": "Polygon",
        "coordinates": [
          [
            [
              -120.6625824,
              35.30401
            ],
            [
              -120.6622688,
              35.302892
            ],
            [
              -120.6620173,
              35.3029393
            ],
            [
              -120.6623306,
              35.3040602
            ],
            [
              -120.6625824,
              35.30401
            ]
          ]
        ]
      },
      "id": "way/45600398"
    },
    {
      "type": "Feature",
      "properties": {
        "@id": "way/45600401",
        "addr:city": "San Luis Obispo",
        "addr:postcode": "93407",
        "addr:street": "Grand",
        "building": "university",
        "name": "Housing Warehouse/Risk Management",
        "ref": "80"
      },
      "geometry": {
        "type": "Polygon",
        "coordinates": [
          [
            [
              -120.6609335,
              35.3036847
            ],
            [
              -120.6609135,
              35.3034729
            ],
            [
              -120.6608466,
              35.3034771
            ],
            [
              -120.6608401,
              35.3034086
            ],
            [
              -120.6606665,
              35.3034195
            ],
            [
              -120.660693,
              35.3036998
            ],
            [
              -120.6609335,
              35.3036847
            ]
          ]
        ]
      },
      "id": "way/45600401"
    },
    {
      "type": "Feature",
      "properties": {
        "@id": "way/45600405",
        "addr:city": "San Luis Obispo",
        "amenity": "college",
        "building": "university",
        "description": "BRAE Department",
        "name": "Bioresource and Agricultural Engineering",
        "ref": "8",
        "wheelchair": "yes"
      },
      "geometry": {
        "type": "Polygon",
        "coordinates": [
          [
            [
              -120.6617827,
              35.3031881
            ],
            [
              -120.6617486,
              35.3030743
            ],
            [
              -120.6618314,
              35.3030535
            ],
            [
              -120.6617995,
              35.302939
            ],
            [
              -120.6614779,
              35.3029978
            ],
            [
              -120.6614958,
              35.3030654
            ],
            [
              -120.6614041,
              35.3030817
            ],
            [
              -120.661451,
              35.3032509
            ],
            [
              -120.6617827,
              35.3031881
            ]
          ]
        ]
      },
      "id": "way/45600405"
    },
    {
      "type": "Feature",
      "properties": {
        "@id": "way/45600406",
        "building": "yes",
        "name": "Emergency Operations Center",
        "ref": "76"
      },
      "geometry": {
        "type": "Polygon",
        "coordinates": [
          [
            [
              -120.6609911,
              35.3029851
            ],
            [
              -120.6609618,
              35.3028865
            ],
            [
              -120.6607733,
              35.3029239
            ],
            [
              -120.6608026,
              35.3030224
            ],
            [
              -120.6609911,
              35.3029851
            ]
          ]
        ]
      },
      "id": "way/45600406"
    },
    {
      "type": "Feature",
      "properties": {
        "@id": "way/45600407",
        "addr:city": "San Luis Obispo",
        "addr:housenumber": "22",
        "addr:postcode": "93407",
        "addr:street": "Grand",
        "building": "university",
        "name": "English",
        "university-function": "academic school or college"
      },
      "geometry": {
        "type": "Polygon",
        "coordinates": [
          [
            [
              -120.6609408,
              35.3025745
            ],
            [
              -120.6610141,
              35.3025607
            ],
            [
              -120.6610172,
              35.3025687
            ],
            [
              -120.6610532,
              35.3025613
            ],
            [
              -120.661138,
              35.3025427
            ],
            [
              -120.6610945,
              35.3023585
            ],
            [
              -120.6610834,
              35.3023615
            ],
            [
              -120.661067,
              35.3023678
            ],
            [
              -120.6609681,
              35.3020269
            ],
            [
              -120.6608694,
              35.3020456
            ],
            [
              -120.6607964,
              35.3020595
            ],
            [
              -120.660886,
              35.3023735
            ],
            [
              -120.6609408,
              35.3025745
            ]
          ]
        ]
      },
      "id": "way/45600407"
    },
    {
      "type": "Feature",
      "properties": {
        "@id": "way/45630437",
        "building": "yes"
      },
      "geometry": {
        "type": "Polygon",
        "coordinates": [
          [
            [
              -120.6667197,
              35.3023134
            ],
            [
              -120.6666366,
              35.3023259
            ],
            [
              -120.6666617,
              35.302437
            ],
            [
              -120.6667448,
              35.3024245
            ],
            [
              -120.6667197,
              35.3023134
            ]
          ]
        ]
      },
      "id": "way/45630437"
    },
    {
      "type": "Feature",
      "properties": {
        "@id": "way/45636392",
        "addr:full": "631 North Santa Rosa Street",
        "addr:housenumber": "631",
        "addr:street": "North Santa Rosa Street",
        "building": "university"
      },
      "geometry": {
        "type": "Polygon",
        "coordinates": [
          [
            [
              -120.6689232,
              35.3024466
            ],
            [
              -120.6689551,
              35.3024291
            ],
            [
              -120.6688729,
              35.3023291
            ],
            [
              -120.6689245,
              35.3023009
            ],
            [
              -120.6688581,
              35.30222
            ],
            [
              -120.6687847,
              35.3022601
            ],
            [
              -120.6688312,
              35.3023168
            ],
            [
              -120.6686861,
              35.3023962
            ],
            [
              -120.6687872,
              35.3025194
            ],
            [
              -120.66882,
              35.3025014
            ],
            [
              -120.6688754,
              35.3025689
            ],
            [
              -120.6689777,
              35.3025129
            ],
            [
              -120.6689232,
              35.3024466
            ]
          ]
        ]
      },
      "id": "way/45636392"
    },
    {
      "type": "Feature",
      "properties": {
        "@id": "way/45637271",
        "addr:city": "San Luis Obispo",
        "addr:postcode": "93407",
        "addr:street": "Mount Bishop Road",
        "building": "yes",
        "name": "Corporation Warehouse",
        "ref": "82"
      },
      "geometry": {
        "type": "Polygon",
        "coordinates": [
          [
            [
              -120.6711905,
              35.3054722
            ],
            [
              -120.670897,
              35.3048959
            ],
            [
              -120.6705899,
              35.3050001
            ],
            [
              -120.6706422,
              35.3051028
            ],
            [
              -120.670667,
              35.3050944
            ],
            [
              -120.6708756,
              35.3055039
            ],
            [
              -120.6709652,
              35.3054735
            ],
            [
              -120.6709978,
              35.3055375
            ],
            [
              -120.6711905,
              35.3054722
            ]
          ]
        ]
      },
      "id": "way/45637271"
    },
    {
      "type": "Feature",
      "properties": {
        "@id": "way/45637272",
        "building": "university",
        "name": "Beef Unit"
      },
      "geometry": {
        "type": "Polygon",
        "coordinates": [
          [
            [
              -120.6633105,
              35.3070397
            ],
            [
              -120.6632735,
              35.3069015
            ],
            [
              -120.6629335,
              35.3069621
            ],
            [
              -120.6629705,
              35.3071003
            ],
            [
              -120.6633105,
              35.3070397
            ]
          ]
        ]
      },
      "id": "way/45637272"
    },
    {
      "type": "Feature",
      "properties": {
        "@id": "way/45637273",
        "building": "yes",
        "name": "Herdsman Hall"
      },
      "geometry": {
        "type": "Polygon",
        "coordinates": [
          [
            [
              -120.6634175,
              35.3072948
            ],
            [
              -120.6633809,
              35.3071571
            ],
            [
              -120.6632683,
              35.3071771
            ],
            [
              -120.663305,
              35.3073147
            ],
            [
              -120.6634175,
              35.3072948
            ]
          ]
        ]
      },
      "id": "way/45637273"
    },
    {
      "type": "Feature",
      "properties": {
        "@id": "way/45637278",
        "building": "greenhouse",
        "name": "48- Environmental Horitcultural Science"
      },
      "geometry": {
        "type": "Polygon",
        "coordinates": [
          [
            [
              -120.6632828,
              35.3092407
            ],
            [
              -120.6632341,
              35.3090713
            ],
            [
              -120.6630407,
              35.3091083
            ],
            [
              -120.6630894,
              35.3092777
            ],
            [
              -120.6632828,
              35.3092407
            ]
          ]
        ]
      },
      "id": "way/45637278"
    },
    {
      "type": "Feature",
      "properties": {
        "@id": "way/45637279",
        "building": "yes",
        "name": "48- Environmental Horitcultural Science"
      },
      "geometry": {
        "type": "Polygon",
        "coordinates": [
          [
            [
              -120.6637407,
              35.3093802
            ],
            [
              -120.6636921,
              35.3092085
            ],
            [
              -120.6633258,
              35.3092775
            ],
            [
              -120.6633743,
              35.3094492
            ],
            [
              -120.6637407,
              35.3093802
            ]
          ]
        ]
      },
      "id": "way/45637279"
    },
    {
      "type": "Feature",
      "properties": {
        "@id": "way/45637280",
        "building": "yes",
        "name": "48K- EHS Greenhouse"
      },
      "geometry": {
        "type": "Polygon",
        "coordinates": [
          [
            [
              -120.6627476,
              35.3089207
            ],
            [
              -120.6627363,
              35.3088776
            ],
            [
              -120.6626453,
              35.3088934
            ],
            [
              -120.6626223,
              35.3088975
            ],
            [
              -120.6626336,
              35.3089406
            ],
            [
              -120.6627476,
              35.3089207
            ]
          ]
        ]
      },
      "id": "way/45637280"
    },
    {
      "type": "Feature",
      "properties": {
        "@id": "way/45637281",
        "building": "greenhouse",
        "name": "Hoop House"
      },
      "geometry": {
        "type": "Polygon",
        "coordinates": [
          [
            [
              -120.6629048,
              35.3093154
            ],
            [
              -120.6628561,
              35.30915
            ],
            [
              -120.6627648,
              35.3091679
            ],
            [
              -120.6628135,
              35.3093333
            ],
            [
              -120.6629048,
              35.3093154
            ]
          ]
        ]
      },
      "id": "way/45637281"
    },
    {
      "type": "Feature",
      "properties": {
        "@id": "way/45637282",
        "building": "yes",
        "name": "48M- EHS Pesticide Storage"
      },
      "geometry": {
        "type": "Polygon",
        "coordinates": [
          [
            [
              -120.6622538,
              35.308804
            ],
            [
              -120.6624038,
              35.3087741
            ],
            [
              -120.6623998,
              35.3087493
            ],
            [
              -120.6624434,
              35.3087418
            ],
            [
              -120.6624204,
              35.3086501
            ],
            [
              -120.6623354,
              35.3086669
            ],
            [
              -120.6623216,
              35.3086648
            ],
            [
              -120.6622215,
              35.3086834
            ],
            [
              -120.6622538,
              35.308804
            ]
          ]
        ]
      },
      "id": "way/45637282"
    },
    {
      "type": "Feature",
      "properties": {
        "@id": "way/45637283",
        "building": "yes",
        "name": "48N- EHS Bug House"
      },
      "geometry": {
        "type": "Polygon",
        "coordinates": [
          [
            [
              -120.6620752,
              35.3088441
            ],
            [
              -120.6622121,
              35.3088166
            ],
            [
              -120.6621863,
              35.3087312
            ],
            [
              -120.6620494,
              35.3087588
            ],
            [
              -120.6620752,
              35.3088441
            ]
          ]
        ]
      },
      "id": "way/45637283"
    },
    {
      "type": "Feature",
      "properties": {
        "@id": "way/45637284",
        "building": "yes",
        "name": "48I- EHS Shade House"
      },
      "geometry": {
        "type": "Polygon",
        "coordinates": [
          [
            [
              -120.663034,
              35.3090367
            ],
            [
              -120.6629977,
              35.3089115
            ],
            [
              -120.6626874,
              35.3089714
            ],
            [
              -120.6627237,
              35.3090966
            ],
            [
              -120.663034,
              35.3090367
            ]
          ]
        ]
      },
      "id": "way/45637284"
    },
    {
      "type": "Feature",
      "properties": {
        "@id": "way/45637285",
        "building": "yes",
        "name": "48- Environmental Horitcultural Science"
      },
      "geometry": {
        "type": "Polygon",
        "coordinates": [
          [
            [
              -120.6636589,
              35.3091704
            ],
            [
              -120.6635945,
              35.3089457
            ],
            [
              -120.6634566,
              35.308972
            ],
            [
              -120.663463,
              35.3089945
            ],
            [
              -120.6634376,
              35.3089993
            ],
            [
              -120.6634466,
              35.3090305
            ],
            [
              -120.663251,
              35.3090678
            ],
            [
              -120.6633,
              35.3092389
            ],
            [
              -120.6636589,
              35.3091704
            ]
          ]
        ]
      },
      "id": "way/45637285"
    },
    {
      "type": "Feature",
      "properties": {
        "@id": "way/45637286",
        "building": "yes",
        "name": "32- Cal Poly Equine Center"
      },
      "geometry": {
        "type": "Polygon",
        "coordinates": [
          [
            [
              -120.6644061,
              35.3092082
            ],
            [
              -120.6645617,
              35.3091455
            ],
            [
              -120.6643909,
              35.3088633
            ],
            [
              -120.6642353,
              35.308926
            ],
            [
              -120.6644061,
              35.3092082
            ]
          ]
        ]
      },
      "id": "way/45637286"
    },
    {
      "type": "Feature",
      "properties": {
        "@id": "way/45637288",
        "building": "yes"
      },
      "geometry": {
        "type": "Polygon",
        "coordinates": [
          [
            [
              -120.6642478,
              35.3098631
            ],
            [
              -120.6642004,
              35.3097781
            ],
            [
              -120.6642155,
              35.3097725
            ],
            [
              -120.6641867,
              35.3097208
            ],
            [
              -120.664169,
              35.3097274
            ],
            [
              -120.664124,
              35.3096468
            ],
            [
              -120.663951,
              35.3097112
            ],
            [
              -120.6639997,
              35.3097983
            ],
            [
              -120.6639841,
              35.3098041
            ],
            [
              -120.6640117,
              35.3098536
            ],
            [
              -120.6640279,
              35.3098475
            ],
            [
              -120.6640729,
              35.3099281
            ],
            [
              -120.6642478,
              35.3098631
            ]
          ]
        ]
      },
      "id": "way/45637288"
    },
    {
      "type": "Feature",
      "properties": {
        "@id": "way/45637289",
        "building": "yes"
      },
      "geometry": {
        "type": "Polygon",
        "coordinates": [
          [
            [
              -120.6649648,
              35.3092065
            ],
            [
              -120.6649235,
              35.3091365
            ],
            [
              -120.6648658,
              35.3091637
            ],
            [
              -120.6649088,
              35.3092282
            ],
            [
              -120.6649648,
              35.3092065
            ]
          ]
        ]
      },
      "id": "way/45637289"
    },
    {
      "type": "Feature",
      "properties": {
        "@id": "way/45637290",
        "building": "yes"
      },
      "geometry": {
        "type": "Polygon",
        "coordinates": [
          [
            [
              -120.6626886,
              35.3093595
            ],
            [
              -120.662633,
              35.3091609
            ],
            [
              -120.6624974,
              35.3091862
            ],
            [
              -120.662506,
              35.3092168
            ],
            [
              -120.6623734,
              35.3092415
            ],
            [
              -120.6624205,
              35.3094095
            ],
            [
              -120.6626886,
              35.3093595
            ]
          ]
        ]
      },
      "id": "way/45637290"
    },
    {
      "type": "Feature",
      "properties": {
        "@id": "way/45637291",
        "building": "yes",
        "name": "48J- EHS Lath House (AL)"
      },
      "geometry": {
        "type": "Polygon",
        "coordinates": [
          [
            [
              -120.6632748,
              35.309004
            ],
            [
              -120.6632433,
              35.3088943
            ],
            [
              -120.6630465,
              35.3089319
            ],
            [
              -120.663078,
              35.3090416
            ],
            [
              -120.6632748,
              35.309004
            ]
          ]
        ]
      },
      "id": "way/45637291"
    },
    {
      "type": "Feature",
      "properties": {
        "@id": "way/45637292",
        "building": "yes",
        "name": "48D- EHS Tractor Barn"
      },
      "geometry": {
        "type": "Polygon",
        "coordinates": [
          [
            [
              -120.6632044,
              35.3097601
            ],
            [
              -120.6631889,
              35.3096956
            ],
            [
              -120.6629798,
              35.3097291
            ],
            [
              -120.6629953,
              35.3097936
            ],
            [
              -120.6632044,
              35.3097601
            ]
          ]
        ]
      },
      "id": "way/45637292"
    },
    {
      "type": "Feature",
      "properties": {
        "@id": "way/45637293",
        "building": "yes",
        "name": "48E- EHS Garcia Barn"
      },
      "geometry": {
        "type": "Polygon",
        "coordinates": [
          [
            [
              -120.6631934,
              35.3096253
            ],
            [
              -120.6631622,
              35.3095162
            ],
            [
              -120.6630108,
              35.3095451
            ],
            [
              -120.6630425,
              35.3096554
            ],
            [
              -120.6630959,
              35.3096452
            ],
            [
              -120.6631037,
              35.3096724
            ],
            [
              -120.6631812,
              35.3096576
            ],
            [
              -120.663173,
              35.3096292
            ],
            [
              -120.6631934,
              35.3096253
            ]
          ]
        ]
      },
      "id": "way/45637293"
    },
    {
      "type": "Feature",
      "properties": {
        "@id": "way/45637294",
        "building": "yes",
        "name": "Dairy Science Cow Shelter",
        "ref": "18G"
      },
      "geometry": {
        "type": "Polygon",
        "coordinates": [
          [
            [
              -120.6719984,
              35.3070804
            ],
            [
              -120.6718577,
              35.3066048
            ],
            [
              -120.6717199,
              35.3066272
            ],
            [
              -120.6718492,
              35.3071032
            ],
            [
              -120.6719238,
              35.3070966
            ],
            [
              -120.6719984,
              35.3070804
            ]
          ]
        ]
      },
      "id": "way/45637294"
    },
    {
      "type": "Feature",
      "properties": {
        "@id": "way/45637295",
        "building": "yes",
        "name": "Dairy Science Judging Pavilion",
        "ref": "18F"
      },
      "geometry": {
        "type": "Polygon",
        "coordinates": [
          [
            [
              -120.6718482,
              35.3064994
            ],
            [
              -120.6717689,
              35.3062202
            ],
            [
              -120.6715841,
              35.3062567
            ],
            [
              -120.6716104,
              35.3063831
            ],
            [
              -120.6716642,
              35.3065353
            ],
            [
              -120.6717569,
              35.3065256
            ],
            [
              -120.6718482,
              35.3064994
            ]
          ]
        ]
      },
      "id": "way/45637295"
    },
    {
      "type": "Feature",
      "properties": {
        "@id": "way/45637296",
        "building": "yes",
        "name": "18H- Dairy Science Hospital Barn"
      },
      "geometry": {
        "type": "Polygon",
        "coordinates": [
          [
            [
              -120.6735566,
              35.3072781
            ],
            [
              -120.6734117,
              35.3072797
            ],
            [
              -120.6734173,
              35.3076102
            ],
            [
              -120.6735622,
              35.3076086
            ],
            [
              -120.6735566,
              35.3072781
            ]
          ]
        ]
      },
      "id": "way/45637296"
    },
    {
      "type": "Feature",
      "properties": {
        "@id": "way/45637297",
        "addr:city": "San Luis Obispo",
        "addr:postcode": "93407",
        "addr:street": "Grand",
        "building": "yes",
        "name": "Dairy Products Technology Center",
        "ref": "18A"
      },
      "geometry": {
        "type": "Polygon",
        "coordinates": [
          [
            [
              -120.671997,
              35.3076434
            ],
            [
              -120.6719675,
              35.3075402
            ],
            [
              -120.6719818,
              35.3075375
            ],
            [
              -120.6719468,
              35.307415
            ],
            [
              -120.6719688,
              35.3074108
            ],
            [
              -120.6719359,
              35.3072958
            ],
            [
              -120.671869,
              35.3073085
            ],
            [
              -120.6718658,
              35.3072974
            ],
            [
              -120.6718311,
              35.307304
            ],
            [
              -120.671824,
              35.3072792
            ],
            [
              -120.6716826,
              35.3073061
            ],
            [
              -120.6716946,
              35.307348
            ],
            [
              -120.6715949,
              35.307367
            ],
            [
              -120.6715884,
              35.3073442
            ],
            [
              -120.6714496,
              35.3073707
            ],
            [
              -120.671457,
              35.3073964
            ],
            [
              -120.6712534,
              35.3074351
            ],
            [
              -120.6712655,
              35.3074774
            ],
            [
              -120.6711912,
              35.3074916
            ],
            [
              -120.6712451,
              35.3076802
            ],
            [
              -120.6712807,
              35.3076734
            ],
            [
              -120.6712964,
              35.3077286
            ],
            [
              -120.6713715,
              35.3077143
            ],
            [
              -120.6713805,
              35.3077455
            ],
            [
              -120.6717897,
              35.3076675
            ],
            [
              -120.6717939,
              35.3076821
            ],
            [
              -120.671997,
              35.3076434
            ]
          ]
        ]
      },
      "id": "way/45637297"
    },
    {
      "type": "Feature",
      "properties": {
        "@id": "way/45637298",
        "building": "stable",
        "description": "Cal Poly Rodeo Grounds 1/2 Covered Horse Stalls (South Green Panel)",
        "name": "Horse Stalls"
      },
      "geometry": {
        "type": "Polygon",
        "coordinates": [
          [
            [
              -120.6692943,
              35.3079645
            ],
            [
              -120.6698155,
              35.3073127
            ],
            [
              -120.6697311,
              35.3072596
            ],
            [
              -120.6692062,
              35.3079174
            ],
            [
              -120.6692467,
              35.3079395
            ],
            [
              -120.6692943,
              35.3079645
            ]
          ]
        ]
      },
      "id": "way/45637298"
    },
    {
      "type": "Feature",
      "properties": {
        "@id": "way/45637299",
        "building": "yes",
        "name": "32J- Equine Center Mare Barn"
      },
      "geometry": {
        "type": "Polygon",
        "coordinates": [
          [
            [
              -120.6647203,
              35.3097199
            ],
            [
              -120.6644814,
              35.3093153
            ],
            [
              -120.6644265,
              35.30934
            ],
            [
              -120.6646613,
              35.3097392
            ],
            [
              -120.6647203,
              35.3097199
            ]
          ]
        ]
      },
      "id": "way/45637299"
    },
    {
      "type": "Feature",
      "properties": {
        "@id": "way/45637300",
        "building": "yes"
      },
      "geometry": {
        "type": "Polygon",
        "coordinates": [
          [
            [
              -120.6721443,
              35.3079288
            ],
            [
              -120.6721328,
              35.3078911
            ],
            [
              -120.671934,
              35.3079315
            ],
            [
              -120.6719455,
              35.3079692
            ],
            [
              -120.6721443,
              35.3079288
            ]
          ]
        ]
      },
      "id": "way/45637300"
    },
    {
      "type": "Feature",
      "properties": {
        "@id": "way/45637301",
        "building": "stable",
        "description": "Cal Poly Rodeo Grounds 1/2 Covered Horse Stalls (East Green Panel)",
        "name": "Horse Stalls"
      },
      "geometry": {
        "type": "Polygon",
        "coordinates": [
          [
            [
              -120.6698615,
              35.3087194
            ],
            [
              -120.6692869,
              35.3080096
            ],
            [
              -120.6692048,
              35.308057
            ],
            [
              -120.6697762,
              35.308763
            ],
            [
              -120.6698615,
              35.3087194
            ]
          ]
        ]
      },
      "id": "way/45637301"
    },
    {
      "type": "Feature",
      "properties": {
        "@id": "way/45637310",
        "building": "yes",
        "name": "Dairy Science Freestall A",
        "ref": "18J"
      },
      "geometry": {
        "type": "Polygon",
        "coordinates": [
          [
            [
              -120.6753095,
              35.3079581
            ],
            [
              -120.6752919,
              35.3072949
            ],
            [
              -120.6749512,
              35.3073009
            ],
            [
              -120.6749688,
              35.3079641
            ],
            [
              -120.6753095,
              35.3079581
            ]
          ]
        ]
      },
      "id": "way/45637310"
    },
    {
      "type": "Feature",
      "properties": {
        "@id": "way/45637311",
        "building": "yes",
        "name": "Dairy Science Freestall B",
        "ref": "18K"
      },
      "geometry": {
        "type": "Polygon",
        "coordinates": [
          [
            [
              -120.6743623,
              35.3083061
            ],
            [
              -120.6743365,
              35.3073125
            ],
            [
              -120.6739983,
              35.3073184
            ],
            [
              -120.6740241,
              35.3083119
            ],
            [
              -120.6743623,
              35.3083061
            ]
          ]
        ]
      },
      "id": "way/45637311"
    },
    {
      "type": "Feature",
      "properties": {
        "@id": "way/45637312",
        "building": "yes"
      },
      "geometry": {
        "type": "Polygon",
        "coordinates": [
          [
            [
              -120.6732246,
              35.308378
            ],
            [
              -120.6732218,
              35.3082163
            ],
            [
              -120.6726763,
              35.3082228
            ],
            [
              -120.6726792,
              35.3083844
            ],
            [
              -120.6732246,
              35.308378
            ]
          ]
        ]
      },
      "id": "way/45637312"
    },
    {
      "type": "Feature",
      "properties": {
        "@id": "way/45637313",
        "building": "yes"
      },
      "geometry": {
        "type": "Polygon",
        "coordinates": [
          [
            [
              -120.6735032,
              35.3079184
            ],
            [
              -120.6734994,
              35.3076555
            ],
            [
              -120.67342,
              35.3076562
            ],
            [
              -120.6734238,
              35.3079192
            ],
            [
              -120.6735032,
              35.3079184
            ]
          ]
        ]
      },
      "id": "way/45637313"
    },
    {
      "type": "Feature",
      "properties": {
        "@id": "way/45637545",
        "building": "yes",
        "name": "57B-Veterinary Hospital Post Mortem Area"
      },
      "geometry": {
        "type": "Polygon",
        "coordinates": [
          [
            [
              -120.6703913,
              35.3062503
            ],
            [
              -120.6705496,
              35.3061963
            ],
            [
              -120.670526,
              35.3061434
            ],
            [
              -120.670363,
              35.3061948
            ],
            [
              -120.6703913,
              35.3062503
            ]
          ]
        ]
      },
      "id": "way/45637545"
    },
    {
      "type": "Feature",
      "properties": {
        "@id": "way/45637548",
        "building": "yes",
        "name": "48Q- EHS Environmental Horticultural Science D&P"
      },
      "geometry": {
        "type": "Polygon",
        "coordinates": [
          [
            [
              -120.6625568,
              35.3087281
            ],
            [
              -120.6625256,
              35.3086154
            ],
            [
              -120.6624381,
              35.3086315
            ],
            [
              -120.6624692,
              35.3087443
            ],
            [
              -120.6625568,
              35.3087281
            ]
          ]
        ]
      },
      "id": "way/45637548"
    },
    {
      "type": "Feature",
      "properties": {
        "@id": "way/45637755",
        "addr:housenumber": "41B",
        "building": "university",
        "name": "Reinhold Aerospace",
        "ref": "41B"
      },
      "geometry": {
        "type": "Polygon",
        "coordinates": [
          [
            [
              -120.6660071,
              35.3023195
            ],
            [
              -120.6661333,
              35.3022925
            ],
            [
              -120.6661366,
              35.3022919
            ],
            [
              -120.6660272,
              35.3019143
            ],
            [
              -120.6660126,
              35.301917
            ],
            [
              -120.6659017,
              35.301938
            ],
            [
              -120.6660071,
              35.3023195
            ]
          ]
        ]
      },
      "id": "way/45637755"
    },
    {
      "type": "Feature",
      "properties": {
        "@id": "way/45638389",
        "addr:city": "San Luis Obispo",
        "addr:postcode": "93407",
        "addr:street": "Grand",
        "amenity": "police",
        "building": "university",
        "name": "University Police",
        "ref": "36"
      },
      "geometry": {
        "type": "Polygon",
        "coordinates": [
          [
            [
              -120.661366,
              35.3040724
            ],
            [
              -120.6618972,
              35.3040335
            ],
            [
              -120.66186,
              35.3036948
            ],
            [
              -120.661638,
              35.3037111
            ],
            [
              -120.6616572,
              35.3038859
            ],
            [
              -120.6613887,
              35.3039055
            ],
            [
              -120.6613938,
              35.3039515
            ],
            [
              -120.661353,
              35.3039544
            ],
            [
              -120.661366,
              35.3040724
            ]
          ]
        ]
      },
      "id": "way/45638389"
    },
    {
      "type": "Feature",
      "properties": {
        "@id": "way/45638390",
        "addr:city": "San Luis Obispo",
        "addr:postcode": "93407",
        "addr:street": "Grand",
        "building": "university",
        "name": "Welding",
        "ref": "58"
      },
      "geometry": {
        "type": "Polygon",
        "coordinates": [
          [
            [
              -120.6615588,
              35.3037741
            ],
            [
              -120.6615204,
              35.3033623
            ],
            [
              -120.6612582,
              35.3033786
            ],
            [
              -120.6612639,
              35.30344
            ],
            [
              -120.6612792,
              35.3034391
            ],
            [
              -120.661312,
              35.3037894
            ],
            [
              -120.6615588,
              35.3037741
            ]
          ]
        ]
      },
      "id": "way/45638390"
    },
    {
      "type": "Feature",
      "properties": {
        "@id": "way/45638391",
        "addr:city": "San Luis Obispo",
        "addr:housenumber": "11",
        "addr:postcode": "93407",
        "addr:street": "Grand",
        "building": "university",
        "name": "Agricultural Sciences",
        "ref": "11"
      },
      "geometry": {
        "type": "Polygon",
        "coordinates": [
          [
            [
              -120.6625278,
              35.3026861
            ],
            [
              -120.6625751,
              35.3028517
            ],
            [
              -120.6626082,
              35.3028535
            ],
            [
              -120.6626204,
              35.302875
            ],
            [
              -120.6627321,
              35.3028585
            ],
            [
              -120.6627603,
              35.3029384
            ],
            [
              -120.6628404,
              35.3029819
            ],
            [
              -120.6628855,
              35.3031189
            ],
            [
              -120.6628982,
              35.3031182
            ],
            [
              -120.6629154,
              35.3031745
            ],
            [
              -120.6631696,
              35.3031241
            ],
            [
              -120.6631534,
              35.3030706
            ],
            [
              -120.6631741,
              35.3030676
            ],
            [
              -120.6631513,
              35.3029878
            ],
            [
              -120.6631152,
              35.3029947
            ],
            [
              -120.66308,
              35.302924
            ],
            [
              -120.663107,
              35.3029169
            ],
            [
              -120.6630487,
              35.3027098
            ],
            [
              -120.663023,
              35.3027159
            ],
            [
              -120.6629893,
              35.3025982
            ],
            [
              -120.6625278,
              35.3026861
            ]
          ]
        ]
      },
      "id": "way/45638391"
    },
    {
      "type": "Feature",
      "properties": {
        "@id": "way/45638392",
        "addr:city": "San Luis Obispo",
        "addr:housenumber": "24",
        "addr:postcode": "93407",
        "addr:street": "Grand",
        "building": "university",
        "name": "Food Processing/Cal Poly Meats",
        "ref": "24"
      },
      "geometry": {
        "type": "Polygon",
        "coordinates": [
          [
            [
              -120.6632985,
              35.303891
            ],
            [
              -120.6631418,
              35.3033292
            ],
            [
              -120.6627164,
              35.3034094
            ],
            [
              -120.6628731,
              35.3039724
            ],
            [
              -120.6632985,
              35.303891
            ]
          ]
        ]
      },
      "id": "way/45638392"
    },
    {
      "type": "Feature",
      "properties": {
        "@id": "way/45638395",
        "building": "university"
      },
      "geometry": {
        "type": "Polygon",
        "coordinates": [
          [
            [
              -120.6611434,
              35.3043986
            ],
            [
              -120.6611265,
              35.3042478
            ],
            [
              -120.6610903,
              35.3042505
            ],
            [
              -120.6610818,
              35.3041741
            ],
            [
              -120.6609697,
              35.3041824
            ],
            [
              -120.6609951,
              35.3044096
            ],
            [
              -120.6611434,
              35.3043986
            ]
          ]
        ]
      },
      "id": "way/45638395"
    },
    {
      "type": "Feature",
      "properties": {
        "@id": "way/45638397",
        "addr:city": "San Luis Obispo",
        "addr:postcode": "93407",
        "addr:street": "Grand",
        "building": "university",
        "name": "Cal Poly Campus Market",
        "opening_hours": "Mo-Th 07:30-16:30; Fr 07:30-16:00",
        "ref": "24",
        "shop": "convenience"
      },
      "geometry": {
        "type": "Polygon",
        "coordinates": [
          [
            [
              -120.6627294,
              35.3033975
            ],
            [
              -120.6630312,
              35.3033417
            ],
            [
              -120.6630282,
              35.3033279
            ],
            [
              -120.6631214,
              35.3033098
            ],
            [
              -120.6631629,
              35.3033021
            ],
            [
              -120.6631796,
              35.3033377
            ],
            [
              -120.6632589,
              35.3033147
            ],
            [
              -120.6632198,
              35.3032244
            ],
            [
              -120.6632119,
              35.3032253
            ],
            [
              -120.6631998,
              35.303183
            ],
            [
              -120.6626941,
              35.303272
            ],
            [
              -120.6627294,
              35.3033975
            ]
          ]
        ]
      },
      "id": "way/45638397"
    },
    {
      "type": "Feature",
      "properties": {
        "@id": "way/45638398",
        "building": "university"
      },
      "geometry": {
        "type": "Polygon",
        "coordinates": [
          [
            [
              -120.6620062,
              35.3047219
            ],
            [
              -120.6619953,
              35.3046643
            ],
            [
              -120.6619535,
              35.3046713
            ],
            [
              -120.6619456,
              35.3046374
            ],
            [
              -120.6616568,
              35.3046831
            ],
            [
              -120.6613488,
              35.3047783
            ],
            [
              -120.6613456,
              35.3047717
            ],
            [
              -120.6612768,
              35.3047921
            ],
            [
              -120.6613197,
              35.3048868
            ],
            [
              -120.6616901,
              35.3047743
            ],
            [
              -120.6620062,
              35.3047219
            ]
          ]
        ]
      },
      "id": "way/45638398"
    },
    {
      "type": "Feature",
      "properties": {
        "@id": "way/45644093",
        "building": "greenhouse",
        "name": "Temporary Plant Conservatory"
      },
      "geometry": {
        "type": "Polygon",
        "coordinates": [
          [
            [
              -120.6634427,
              35.3101124
            ],
            [
              -120.6636435,
              35.3100573
            ],
            [
              -120.6635476,
              35.3098246
            ],
            [
              -120.6634465,
              35.3098524
            ],
            [
              -120.6635136,
              35.3100152
            ],
            [
              -120.6634139,
              35.3100426
            ],
            [
              -120.6634427,
              35.3101124
            ]
          ]
        ]
      },
      "id": "way/45644093"
    },
    {
      "type": "Feature",
      "properties": {
        "@id": "way/45644094",
        "building": "yes",
        "name": "18E- Dairy Science Bull Barn"
      },
      "geometry": {
        "type": "Polygon",
        "coordinates": [
          [
            [
              -120.6715502,
              35.3065259
            ],
            [
              -120.6714888,
              35.3063248
            ],
            [
              -120.6714248,
              35.3063382
            ],
            [
              -120.6714815,
              35.3065394
            ],
            [
              -120.6715502,
              35.3065259
            ]
          ]
        ]
      },
      "id": "way/45644094"
    },
    {
      "type": "Feature",
      "properties": {
        "@id": "way/45644095",
        "building": "yes",
        "name": "18C- Dairy Science Artificial Insemination Lab"
      },
      "geometry": {
        "type": "Polygon",
        "coordinates": [
          [
            [
              -120.6713793,
              35.3065833
            ],
            [
              -120.6713694,
              35.3065516
            ],
            [
              -120.6712427,
              35.3065756
            ],
            [
              -120.6712517,
              35.3066082
            ],
            [
              -120.6713793,
              35.3065833
            ]
          ]
        ]
      },
      "id": "way/45644095"
    },
    {
      "type": "Feature",
      "properties": {
        "@id": "way/45644103",
        "building": "university"
      },
      "geometry": {
        "type": "Polygon",
        "coordinates": [
          [
            [
              -120.6619636,
              35.3070165
            ],
            [
              -120.6621711,
              35.3069783
            ],
            [
              -120.6621665,
              35.3069617
            ],
            [
              -120.6623997,
              35.3069187
            ],
            [
              -120.6623779,
              35.3068399
            ],
            [
              -120.6623666,
              35.306842
            ],
            [
              -120.6622844,
              35.3065447
            ],
            [
              -120.6622136,
              35.3065578
            ],
            [
              -120.6622964,
              35.3068573
            ],
            [
              -120.6622034,
              35.3068744
            ],
            [
              -120.6621208,
              35.3065755
            ],
            [
              -120.6620478,
              35.3065889
            ],
            [
              -120.6621304,
              35.3068877
            ],
            [
              -120.6619378,
              35.3069231
            ],
            [
              -120.6619636,
              35.3070165
            ]
          ]
        ]
      },
      "id": "way/45644103"
    },
    {
      "type": "Feature",
      "properties": {
        "@id": "way/45644198",
        "building": "yes"
      },
      "geometry": {
        "type": "Polygon",
        "coordinates": [
          [
            [
              -120.6653273,
              35.3108752
            ],
            [
              -120.6654142,
              35.3107882
            ],
            [
              -120.6647653,
              35.3103569
            ],
            [
              -120.6646784,
              35.3104439
            ],
            [
              -120.6653273,
              35.3108752
            ]
          ]
        ]
      },
      "id": "way/45644198"
    },
    {
      "type": "Feature",
      "properties": {
        "@id": "way/45644208",
        "addr:city": "San Luis Obispo",
        "addr:postcode": "93407",
        "addr:street": "Grand",
        "building": "yes",
        "name": "160B- Baseball Stadium, Team Room"
      },
      "geometry": {
        "type": "Polygon",
        "coordinates": [
          [
            [
              -120.6658308,
              35.3067489
            ],
            [
              -120.6658104,
              35.3065634
            ],
            [
              -120.665738,
              35.3065687
            ],
            [
              -120.6657584,
              35.3067542
            ],
            [
              -120.6658308,
              35.3067489
            ]
          ]
        ]
      },
      "id": "way/45644208"
    },
    {
      "type": "Feature",
      "properties": {
        "@id": "way/45644209",
        "building": "yes",
        "name": "Rose Float Lab",
        "ref": "50L"
      },
      "geometry": {
        "type": "Polygon",
        "coordinates": [
          [
            [
              -120.6710938,
              35.30411
            ],
            [
              -120.6712712,
              35.3040266
            ],
            [
              -120.671168,
              35.3038804
            ],
            [
              -120.6709906,
              35.3039637
            ],
            [
              -120.6710938,
              35.30411
            ]
          ]
        ]
      },
      "id": "way/45644209"
    },
    {
      "type": "Feature",
      "properties": {
        "@id": "way/45644210",
        "building": "yes",
        "name": "160D- Batting Cages 160 North"
      },
      "geometry": {
        "type": "Polygon",
        "coordinates": [
          [
            [
              -120.6646292,
              35.3072648
            ],
            [
              -120.6646617,
              35.3071489
            ],
            [
              -120.6642789,
              35.3070774
            ],
            [
              -120.6642464,
              35.3071933
            ],
            [
              -120.6646292,
              35.3072648
            ]
          ]
        ]
      },
      "id": "way/45644210"
    },
    {
      "type": "Feature",
      "properties": {
        "@id": "way/45644211",
        "addr:city": "San Luis Obispo",
        "addr:housenumber": "161",
        "addr:postcode": "93407",
        "addr:street": "Grand",
        "building": "yes",
        "name": "161A- Sports Complex Softball Stadium, Lockers"
      },
      "geometry": {
        "type": "Polygon",
        "coordinates": [
          [
            [
              -120.6666493,
              35.3067575
            ],
            [
              -120.6666296,
              35.3068204
            ],
            [
              -120.6668633,
              35.3068692
            ],
            [
              -120.6668831,
              35.3068063
            ],
            [
              -120.6666493,
              35.3067575
            ]
          ]
        ]
      },
      "id": "way/45644211"
    },
    {
      "type": "Feature",
      "properties": {
        "@id": "way/45644214",
        "building": "yes",
        "name": "50K- Comunications Services Storage"
      },
      "geometry": {
        "type": "Polygon",
        "coordinates": [
          [
            [
              -120.6713936,
              35.3042531
            ],
            [
              -120.6713084,
              35.304134
            ],
            [
              -120.6711601,
              35.3042047
            ],
            [
              -120.6712452,
              35.3043237
            ],
            [
              -120.6713936,
              35.3042531
            ]
          ]
        ]
      },
      "id": "way/45644214"
    },
    {
      "type": "Feature",
      "properties": {
        "@id": "way/45644215",
        "building": "yes",
        "name": "Mount Bishop Warehouse",
        "ref": "50J"
      },
      "geometry": {
        "type": "Polygon",
        "coordinates": [
          [
            [
              -120.671474,
              35.3046454
            ],
            [
              -120.6716216,
              35.3045752
            ],
            [
              -120.6714512,
              35.3043363
            ],
            [
              -120.6713036,
              35.3044064
            ],
            [
              -120.671474,
              35.3046454
            ]
          ]
        ]
      },
      "id": "way/45644215"
    },
    {
      "type": "Feature",
      "properties": {
        "@id": "way/45644218",
        "building": "university"
      },
      "geometry": {
        "type": "Polygon",
        "coordinates": [
          [
            [
              -120.6610473,
              35.3036064
            ],
            [
              -120.661154,
              35.3035996
            ],
            [
              -120.6611381,
              35.3034319
            ],
            [
              -120.6610314,
              35.3034386
            ],
            [
              -120.6610473,
              35.3036064
            ]
          ]
        ]
      },
      "id": "way/45644218"
    },
    {
      "type": "Feature",
      "properties": {
        "@id": "way/45644222",
        "addr:city": "San Luis Obispo",
        "addr:housenumber": "41A",
        "addr:postcode": "93407",
        "addr:street": "Grand",
        "building": "university",
        "name": "Brown Engineering",
        "ref": "41A"
      },
      "geometry": {
        "type": "Polygon",
        "coordinates": [
          [
            [
              -120.6655123,
              35.3025264
            ],
            [
              -120.6655798,
              35.3027634
            ],
            [
              -120.665623,
              35.3027509
            ],
            [
              -120.6656281,
              35.3027658
            ],
            [
              -120.6656061,
              35.3027748
            ],
            [
              -120.665625,
              35.3028049
            ],
            [
              -120.6657428,
              35.3027619
            ],
            [
              -120.6658689,
              35.3027215
            ],
            [
              -120.666024,
              35.3026826
            ],
            [
              -120.6661756,
              35.3026584
            ],
            [
              -120.6662779,
              35.3026513
            ],
            [
              -120.6662751,
              35.3026204
            ],
            [
              -120.6662129,
              35.302625
            ],
            [
              -120.6662126,
              35.302609
            ],
            [
              -120.6663144,
              35.3026043
            ],
            [
              -120.6663309,
              35.3025616
            ],
            [
              -120.666326,
              35.3025314
            ],
            [
              -120.6662745,
              35.3024493
            ],
            [
              -120.6661846,
              35.3024659
            ],
            [
              -120.6661647,
              35.3024011
            ],
            [
              -120.6655123,
              35.3025264
            ]
          ]
        ]
      },
      "id": "way/45644222"
    },
    {
      "type": "Feature",
      "properties": {
        "@id": "way/140213692",
        "addr:city": "San Luis Obispo",
        "addr:postcode": "93407",
        "addr:street": "Grand",
        "building": "yes",
        "name": "Technology Park",
        "ref": "83"
      },
      "geometry": {
        "type": "Polygon",
        "coordinates": [
          [
            [
              -120.6720869,
              35.3053363
            ],
            [
              -120.6720841,
              35.305233
            ],
            [
              -120.6716577,
              35.3052407
            ],
            [
              -120.6716587,
              35.3052767
            ],
            [
              -120.6715683,
              35.3052784
            ],
            [
              -120.6715734,
              35.305467
            ],
            [
              -120.6714997,
              35.3054683
            ],
            [
              -120.6715027,
              35.3055788
            ],
            [
              -120.6720977,
              35.3055681
            ],
            [
              -120.6720969,
              35.3055409
            ],
            [
              -120.6721779,
              35.3055394
            ],
            [
              -120.6721756,
              35.3054549
            ],
            [
              -120.6719227,
              35.3054594
            ],
            [
              -120.6719204,
              35.3053739
            ],
            [
              -120.6719299,
              35.3053737
            ],
            [
              -120.671929,
              35.3053391
            ],
            [
              -120.6720869,
              35.3053363
            ]
          ]
        ]
      },
      "id": "way/140213692"
    },
    {
      "type": "Feature",
      "properties": {
        "@id": "way/161617357",
        "addr:city": "San Luis Obispo",
        "addr:state": "CA",
        "building": "riding_hall",
        "name": "Equine Center Pavilion (032-A)",
        "sport": "equestrian"
      },
      "geometry": {
        "type": "Polygon",
        "coordinates": [
          [
            [
              -120.664253,
              35.3106217
            ],
            [
              -120.6638359,
              35.3103882
            ],
            [
              -120.6632041,
              35.3111398
            ],
            [
              -120.6636213,
              35.3113733
            ],
            [
              -120.664253,
              35.3106217
            ]
          ]
        ]
      },
      "id": "way/161617357"
    },
    {
      "type": "Feature",
      "properties": {
        "@id": "way/201474233",
        "building": "greenhouse"
      },
      "geometry": {
        "type": "Polygon",
        "coordinates": [
          [
            [
              -120.6691702,
              35.3026348
            ],
            [
              -120.6692925,
              35.3025677
            ],
            [
              -120.6691147,
              35.3023479
            ],
            [
              -120.6689903,
              35.3024147
            ],
            [
              -120.6691702,
              35.3026348
            ]
          ]
        ]
      },
      "id": "way/201474233"
    },
    {
      "type": "Feature",
      "properties": {
        "@id": "way/201474238",
        "building": "greenhouse"
      },
      "geometry": {
        "type": "Polygon",
        "coordinates": [
          [
            [
              -120.669279,
              35.3024714
            ],
            [
              -120.6693831,
              35.3024178
            ],
            [
              -120.6692512,
              35.3022473
            ],
            [
              -120.6691471,
              35.302301
            ],
            [
              -120.669279,
              35.3024714
            ]
          ]
        ]
      },
      "id": "way/201474238"
    },
    {
      "type": "Feature",
      "properties": {
        "@id": "way/205393245",
        "building": "yes"
      },
      "geometry": {
        "type": "Polygon",
        "coordinates": [
          [
            [
              -120.6624794,
              35.3094922
            ],
            [
              -120.6622487,
              35.309539
            ],
            [
              -120.6622672,
              35.3095997
            ],
            [
              -120.6623187,
              35.3095892
            ],
            [
              -120.6623154,
              35.3095784
            ],
            [
              -120.6623681,
              35.3095677
            ],
            [
              -120.6623647,
              35.3095568
            ],
            [
              -120.662417,
              35.3095462
            ],
            [
              -120.662414,
              35.3095363
            ],
            [
              -120.6624883,
              35.3095212
            ],
            [
              -120.6624794,
              35.3094922
            ]
          ]
        ]
      },
      "id": "way/205393245"
    },
    {
      "type": "Feature",
      "properties": {
        "@id": "way/205393246",
        "building": "yes",
        "name": "48L0 EHS Greenhouse"
      },
      "geometry": {
        "type": "Polygon",
        "coordinates": [
          [
            [
              -120.6624974,
              35.3088736
            ],
            [
              -120.662294,
              35.3089145
            ],
            [
              -120.6623237,
              35.3090127
            ],
            [
              -120.662527,
              35.3089719
            ],
            [
              -120.6624974,
              35.3088736
            ]
          ]
        ]
      },
      "id": "way/205393246"
    },
    {
      "type": "Feature",
      "properties": {
        "@id": "way/205393254",
        "building": "yes"
      },
      "geometry": {
        "type": "Polygon",
        "coordinates": [
          [
            [
              -120.6682133,
              35.3080505
            ],
            [
              -120.6681537,
              35.3080939
            ],
            [
              -120.6682302,
              35.3081645
            ],
            [
              -120.6682497,
              35.3081817
            ],
            [
              -120.6683093,
              35.3081384
            ],
            [
              -120.6682133,
              35.3080505
            ]
          ]
        ]
      },
      "id": "way/205393254"
    },
    {
      "type": "Feature",
      "properties": {
        "@id": "way/205393256",
        "building": "yes"
      },
      "geometry": {
        "type": "Polygon",
        "coordinates": [
          [
            [
              -120.671734,
              35.3071518
            ],
            [
              -120.6716918,
              35.3071592
            ],
            [
              -120.6717004,
              35.3071919
            ],
            [
              -120.6717426,
              35.3071845
            ],
            [
              -120.671734,
              35.3071518
            ]
          ]
        ]
      },
      "id": "way/205393256"
    },
    {
      "type": "Feature",
      "properties": {
        "@id": "way/205393259",
        "building": "yes"
      },
      "geometry": {
        "type": "Polygon",
        "coordinates": [
          [
            [
              -120.6690178,
              35.3026837
            ],
            [
              -120.6688793,
              35.3027559
            ],
            [
              -120.668907,
              35.3027914
            ],
            [
              -120.6690456,
              35.3027192
            ],
            [
              -120.6690178,
              35.3026837
            ]
          ]
        ]
      },
      "id": "way/205393259"
    },
    {
      "type": "Feature",
      "properties": {
        "@id": "way/205393261",
        "building": "yes",
        "name": "04D- Aero Jet Engine Test Facility"
      },
      "geometry": {
        "type": "Polygon",
        "coordinates": [
          [
            [
              -120.6652039,
              35.3055905
            ],
            [
              -120.6651493,
              35.3056372
            ],
            [
              -120.665208,
              35.3056768
            ],
            [
              -120.6652589,
              35.3056274
            ],
            [
              -120.6652039,
              35.3055905
            ]
          ]
        ]
      },
      "id": "way/205393261"
    },
    {
      "type": "Feature",
      "properties": {
        "@id": "way/205393263",
        "building": "yes"
      },
      "geometry": {
        "type": "Polygon",
        "coordinates": [
          [
            [
              -120.6686335,
              35.3028714
            ],
            [
              -120.6684645,
              35.3029586
            ],
            [
              -120.6684972,
              35.3030009
            ],
            [
              -120.6686663,
              35.3029136
            ],
            [
              -120.6686335,
              35.3028714
            ]
          ]
        ]
      },
      "id": "way/205393263"
    },
    {
      "type": "Feature",
      "properties": {
        "@id": "way/205393267",
        "building": "yes"
      },
      "geometry": {
        "type": "Polygon",
        "coordinates": [
          [
            [
              -120.665727,
              35.3073794
            ],
            [
              -120.6656943,
              35.3074079
            ],
            [
              -120.6657162,
              35.3074247
            ],
            [
              -120.665749,
              35.3073961
            ],
            [
              -120.665727,
              35.3073794
            ]
          ]
        ]
      },
      "id": "way/205393267"
    },
    {
      "type": "Feature",
      "properties": {
        "@id": "way/205393269",
        "building": "yes"
      },
      "geometry": {
        "type": "Polygon",
        "coordinates": [
          [
            [
              -120.6687059,
              35.3028397
            ],
            [
              -120.668645,
              35.3028717
            ],
            [
              -120.6686748,
              35.3029096
            ],
            [
              -120.6687357,
              35.3028776
            ],
            [
              -120.6687059,
              35.3028397
            ]
          ]
        ]
      },
      "id": "way/205393269"
    },
    {
      "type": "Feature",
      "properties": {
        "@id": "way/205393270",
        "building": "yes"
      },
      "geometry": {
        "type": "Polygon",
        "coordinates": [
          [
            [
              -120.664144,
              35.3057518
            ],
            [
              -120.6641503,
              35.305869
            ],
            [
              -120.6641963,
              35.3058669
            ],
            [
              -120.6641867,
              35.3057535
            ],
            [
              -120.664144,
              35.3057518
            ]
          ]
        ]
      },
      "id": "way/205393270"
    },
    {
      "type": "Feature",
      "properties": {
        "@id": "way/205393271",
        "building": "yes"
      },
      "geometry": {
        "type": "Polygon",
        "coordinates": [
          [
            [
              -120.6706644,
              35.3064461
            ],
            [
              -120.6706671,
              35.306493
            ],
            [
              -120.6707098,
              35.3064914
            ],
            [
              -120.6707071,
              35.3064445
            ],
            [
              -120.6706644,
              35.3064461
            ]
          ]
        ]
      },
      "id": "way/205393271"
    },
    {
      "type": "Feature",
      "properties": {
        "@id": "way/205393278",
        "building": "yes"
      },
      "geometry": {
        "type": "Polygon",
        "coordinates": [
          [
            [
              -120.6623058,
              35.3092073
            ],
            [
              -120.6620525,
              35.3092569
            ],
            [
              -120.6621103,
              35.3094535
            ],
            [
              -120.6623636,
              35.309404
            ],
            [
              -120.6623058,
              35.3092073
            ]
          ]
        ]
      },
      "id": "way/205393278"
    },
    {
      "type": "Feature",
      "properties": {
        "@id": "way/205393282",
        "building": "yes"
      },
      "geometry": {
        "type": "Polygon",
        "coordinates": [
          [
            [
              -120.6715645,
              35.3080029
            ],
            [
              -120.6713951,
              35.3080348
            ],
            [
              -120.6714328,
              35.3081682
            ],
            [
              -120.6716022,
              35.3081362
            ],
            [
              -120.6715645,
              35.3080029
            ]
          ]
        ]
      },
      "id": "way/205393282"
    },
    {
      "type": "Feature",
      "properties": {
        "@id": "way/205393286",
        "building": "greenhouse",
        "name": "48B- EHS Lath House"
      },
      "geometry": {
        "type": "Polygon",
        "coordinates": [
          [
            [
              -120.6635264,
              35.309458
            ],
            [
              -120.6633518,
              35.3094902
            ],
            [
              -120.6633834,
              35.3096047
            ],
            [
              -120.6635581,
              35.3095726
            ],
            [
              -120.6635264,
              35.309458
            ]
          ]
        ]
      },
      "id": "way/205393286"
    },
    {
      "type": "Feature",
      "properties": {
        "@id": "way/205393298",
        "building": "yes"
      },
      "geometry": {
        "type": "Polygon",
        "coordinates": [
          [
            [
              -120.6678284,
              35.3080157
            ],
            [
              -120.6677722,
              35.3080565
            ],
            [
              -120.6678437,
              35.3081219
            ],
            [
              -120.6678999,
              35.3080811
            ],
            [
              -120.6678284,
              35.3080157
            ]
          ]
        ]
      },
      "id": "way/205393298"
    },
    {
      "type": "Feature",
      "properties": {
        "@id": "way/205393303",
        "building": "yes"
      },
      "geometry": {
        "type": "Polygon",
        "coordinates": [
          [
            [
              -120.6656043,
              35.3073014
            ],
            [
              -120.665523,
              35.3073533
            ],
            [
              -120.665548,
              35.3073795
            ],
            [
              -120.6656294,
              35.3073275
            ],
            [
              -120.6656043,
              35.3073014
            ]
          ]
        ]
      },
      "id": "way/205393303"
    },
    {
      "type": "Feature",
      "properties": {
        "@id": "way/205393304",
        "building": "yes"
      },
      "geometry": {
        "type": "Polygon",
        "coordinates": [
          [
            [
              -120.6688268,
              35.3027783
            ],
            [
              -120.6688596,
              35.3028203
            ],
            [
              -120.6689086,
              35.3027948
            ],
            [
              -120.6688758,
              35.3027529
            ],
            [
              -120.6688268,
              35.3027783
            ]
          ]
        ]
      },
      "id": "way/205393304"
    },
    {
      "type": "Feature",
      "properties": {
        "@id": "way/205393305",
        "building": "yes"
      },
      "geometry": {
        "type": "Polygon",
        "coordinates": [
          [
            [
              -120.6659388,
              35.306743
            ],
            [
              -120.6659056,
              35.3067425
            ],
            [
              -120.6659044,
              35.3067904
            ],
            [
              -120.6659376,
              35.3067909
            ],
            [
              -120.6659388,
              35.306743
            ]
          ]
        ]
      },
      "id": "way/205393305"
    },
    {
      "type": "Feature",
      "properties": {
        "@id": "way/205393309",
        "building": "yes",
        "name": "160F- Sport Complex Maintenance Building"
      },
      "geometry": {
        "type": "Polygon",
        "coordinates": [
          [
            [
              -120.6643004,
              35.3058638
            ],
            [
              -120.6642575,
              35.3059317
            ],
            [
              -120.6643842,
              35.3060264
            ],
            [
              -120.6644539,
              35.3059547
            ],
            [
              -120.6643004,
              35.3058638
            ]
          ]
        ]
      },
      "id": "way/205393309"
    },
    {
      "type": "Feature",
      "properties": {
        "@id": "way/205393312",
        "building": "yes"
      },
      "geometry": {
        "type": "Polygon",
        "coordinates": [
          [
            [
              -120.6646617,
              35.3050414
            ],
            [
              -120.664696,
              35.3050649
            ],
            [
              -120.6647227,
              35.3050389
            ],
            [
              -120.6646883,
              35.3050155
            ],
            [
              -120.6646617,
              35.3050414
            ]
          ]
        ]
      },
      "id": "way/205393312"
    },
    {
      "type": "Feature",
      "properties": {
        "@id": "way/205393316",
        "building": "yes",
        "name": "57C-Veterinary Hospital Residence Trailer (M020)"
      },
      "geometry": {
        "type": "Polygon",
        "coordinates": [
          [
            [
              -120.6706282,
              35.3061543
            ],
            [
              -120.6705735,
              35.3061667
            ],
            [
              -120.6706139,
              35.3062856
            ],
            [
              -120.6705941,
              35.3062901
            ],
            [
              -120.6706025,
              35.3063148
            ],
            [
              -120.6706231,
              35.3063101
            ],
            [
              -120.6706296,
              35.306329
            ],
            [
              -120.6706834,
              35.3063169
            ],
            [
              -120.6706282,
              35.3061543
            ]
          ]
        ]
      },
      "id": "way/205393316"
    },
    {
      "type": "Feature",
      "properties": {
        "@id": "way/205393318",
        "building": "yes",
        "man_made": "storage_tank"
      },
      "geometry": {
        "type": "Polygon",
        "coordinates": [
          [
            [
              -120.6622353,
              35.309446
            ],
            [
              -120.6622376,
              35.3094544
            ],
            [
              -120.6622465,
              35.3094591
            ],
            [
              -120.6622568,
              35.3094572
            ],
            [
              -120.6622625,
              35.3094499
            ],
            [
              -120.6622602,
              35.3094415
            ],
            [
              -120.6622513,
              35.3094369
            ],
            [
              -120.662241,
              35.3094388
            ],
            [
              -120.6622353,
              35.309446
            ]
          ]
        ]
      },
      "id": "way/205393318"
    },
    {
      "type": "Feature",
      "properties": {
        "@id": "way/205407031",
        "building": "university"
      },
      "geometry": {
        "type": "Polygon",
        "coordinates": [
          [
            [
              -120.6612229,
              35.3037076
            ],
            [
              -120.6611595,
              35.3037115
            ],
            [
              -120.6611644,
              35.3037644
            ],
            [
              -120.6612278,
              35.3037605
            ],
            [
              -120.6612229,
              35.3037076
            ]
          ]
        ]
      },
      "id": "way/205407031"
    },
    {
      "type": "Feature",
      "properties": {
        "@id": "way/205407036",
        "building": "university"
      },
      "geometry": {
        "type": "Polygon",
        "coordinates": [
          [
            [
              -120.6611609,
              35.3035027
            ],
            [
              -120.6611747,
              35.3036638
            ],
            [
              -120.6612351,
              35.3036603
            ],
            [
              -120.6612306,
              35.3036082
            ],
            [
              -120.6612514,
              35.303607
            ],
            [
              -120.661242,
              35.3034981
            ],
            [
              -120.6611609,
              35.3035027
            ]
          ]
        ]
      },
      "id": "way/205407036"
    },
    {
      "type": "Feature",
      "properties": {
        "@id": "way/205407037",
        "building": "university"
      },
      "geometry": {
        "type": "Polygon",
        "coordinates": [
          [
            [
              -120.6610884,
              35.3037644
            ],
            [
              -120.6610942,
              35.3038253
            ],
            [
              -120.6611001,
              35.3038249
            ],
            [
              -120.6611052,
              35.3038781
            ],
            [
              -120.6611799,
              35.3038733
            ],
            [
              -120.6611696,
              35.3037668
            ],
            [
              -120.6611599,
              35.3037674
            ],
            [
              -120.661159,
              35.3037582
            ],
            [
              -120.6610884,
              35.3037644
            ]
          ]
        ]
      },
      "id": "way/205407037"
    },
    {
      "type": "Feature",
      "properties": {
        "@id": "way/320742009",
        "building": "yes"
      },
      "geometry": {
        "type": "Polygon",
        "coordinates": [
          [
            [
              -120.6733647,
              35.3105736
            ],
            [
              -120.6731949,
              35.3104866
            ],
            [
              -120.6731656,
              35.3105246
            ],
            [
              -120.6733354,
              35.3106116
            ],
            [
              -120.6733647,
              35.3105736
            ]
          ]
        ]
      },
      "id": "way/320742009"
    },
    {
      "type": "Feature",
      "properties": {
        "@id": "way/320742010",
        "building": "yes",
        "name": "Classroom"
      },
      "geometry": {
        "type": "Polygon",
        "coordinates": [
          [
            [
              -120.6732363,
              35.3100104
            ],
            [
              -120.6732337,
              35.3099427
            ],
            [
              -120.6731929,
              35.3099438
            ],
            [
              -120.6731955,
              35.3100115
            ],
            [
              -120.6732363,
              35.3100104
            ]
          ]
        ]
      },
      "id": "way/320742010"
    },
    {
      "type": "Feature",
      "properties": {
        "@id": "way/320742011",
        "building": "greenhouse",
        "name": "Polyponic Greenhouse"
      },
      "geometry": {
        "type": "Polygon",
        "coordinates": [
          [
            [
              -120.6737011,
              35.3101823
            ],
            [
              -120.6735352,
              35.3100856
            ],
            [
              -120.6734762,
              35.310153
            ],
            [
              -120.6736421,
              35.3102497
            ],
            [
              -120.6737011,
              35.3101823
            ]
          ]
        ]
      },
      "id": "way/320742011"
    },
    {
      "type": "Feature",
      "properties": {
        "@id": "way/320742012",
        "building": "yes"
      },
      "geometry": {
        "type": "Polygon",
        "coordinates": [
          [
            [
              -120.673137,
              35.3103849
            ],
            [
              -120.6730619,
              35.3103478
            ],
            [
              -120.6730236,
              35.3103994
            ],
            [
              -120.6730987,
              35.3104365
            ],
            [
              -120.673137,
              35.3103849
            ]
          ]
        ]
      },
      "id": "way/320742012"
    },
    {
      "type": "Feature",
      "properties": {
        "@id": "way/321174412",
        "building": "yes"
      },
      "geometry": {
        "type": "Polygon",
        "coordinates": [
          [
            [
              -120.6666785,
              35.3097323
            ],
            [
              -120.6666649,
              35.3096773
            ],
            [
              -120.6666008,
              35.3096879
            ],
            [
              -120.6666144,
              35.3097429
            ],
            [
              -120.6666785,
              35.3097323
            ]
          ]
        ]
      },
      "id": "way/321174412"
    },
    {
      "type": "Feature",
      "properties": {
        "@id": "way/329357369",
        "building": "yes"
      },
      "geometry": {
        "type": "Polygon",
        "coordinates": [
          [
            [
              -120.6661967,
              35.3068873
            ],
            [
              -120.6661757,
              35.306868
            ],
            [
              -120.6661243,
              35.3069051
            ],
            [
              -120.6661452,
              35.3069244
            ],
            [
              -120.6661967,
              35.3068873
            ]
          ]
        ]
      },
      "id": "way/329357369"
    },
    {
      "type": "Feature",
      "properties": {
        "@id": "way/385185687",
        "building": "yes"
      },
      "geometry": {
        "type": "Polygon",
        "coordinates": [
          [
            [
              -120.6610007,
              35.3093461
            ],
            [
              -120.6609289,
              35.3092846
            ],
            [
              -120.6608673,
              35.3093326
            ],
            [
              -120.6607834,
              35.3092609
            ],
            [
              -120.6607045,
              35.3093223
            ],
            [
              -120.6606607,
              35.3092848
            ],
            [
              -120.6605639,
              35.3093602
            ],
            [
              -120.6605966,
              35.3093882
            ],
            [
              -120.6605293,
              35.3094405
            ],
            [
              -120.6606962,
              35.3095832
            ],
            [
              -120.6610007,
              35.3093461
            ]
          ]
        ]
      },
      "id": "way/385185687"
    },
    {
      "type": "Feature",
      "properties": {
        "@id": "way/768655714",
        "building": "yes",
        "building:levels": "1",
        "ref": "50M"
      },
      "geometry": {
        "type": "Polygon",
        "coordinates": [
          [
            [
              -120.6708073,
              35.303949
            ],
            [
              -120.6707817,
              35.3038841
            ],
            [
              -120.6705909,
              35.3039326
            ],
            [
              -120.6706227,
              35.3039981
            ],
            [
              -120.6708073,
              35.303949
            ]
          ]
        ]
      },
      "id": "way/768655714"
    },
    {
      "type": "Feature",
      "properties": {
        "@id": "way/779673605",
        "building": "yes",
        "name": "161C- Batting Cages 161 North"
      },
      "geometry": {
        "type": "Polygon",
        "coordinates": [
          [
            [
              -120.666089,
              35.3076436
            ],
            [
              -120.6662368,
              35.3076223
            ],
            [
              -120.6661723,
              35.3073621
            ],
            [
              -120.6660369,
              35.3073845
            ],
            [
              -120.666089,
              35.3076436
            ]
          ]
        ]
      },
      "id": "way/779673605"
    },
    {
      "type": "Feature",
      "properties": {
        "@id": "way/779674243",
        "building": "yes"
      },
      "geometry": {
        "type": "Polygon",
        "coordinates": [
          [
            [
              -120.6642915,
              35.3060483
            ],
            [
              -120.6641964,
              35.3059761
            ],
            [
              -120.6641763,
              35.3059932
            ],
            [
              -120.664274,
              35.3060667
            ],
            [
              -120.6642915,
              35.3060483
            ]
          ]
        ]
      },
      "id": "way/779674243"
    },
    {
      "type": "Feature",
      "properties": {
        "@id": "way/780303445",
        "building": "yes"
      },
      "geometry": {
        "type": "Polygon",
        "coordinates": [
          [
            [
              -120.6611224,
              35.3029899
            ],
            [
              -120.6610737,
              35.3028271
            ],
            [
              -120.6609897,
              35.3028439
            ],
            [
              -120.6610384,
              35.3030066
            ],
            [
              -120.6611224,
              35.3029899
            ]
          ]
        ]
      },
      "id": "way/780303445"
    },
    {
      "type": "Feature",
      "properties": {
        "@id": "way/780303446",
        "building": "yes"
      },
      "geometry": {
        "type": "Polygon",
        "coordinates": [
          [
            [
              -120.661087,
              35.3032353
            ],
            [
              -120.6610259,
              35.3030405
            ],
            [
              -120.6608353,
              35.3030804
            ],
            [
              -120.6608964,
              35.3032752
            ],
            [
              -120.661087,
              35.3032353
            ]
          ]
        ]
      },
      "id": "way/780303446"
    },
    {
      "type": "Feature",
      "properties": {
        "@id": "way/780321767",
        "building": "yes"
      },
      "geometry": {
        "type": "Polygon",
        "coordinates": [
          [
            [
              -120.6712953,
              35.3071792
            ],
            [
              -120.6712449,
              35.3070289
            ],
            [
              -120.6710765,
              35.3070665
            ],
            [
              -120.6711269,
              35.3072169
            ],
            [
              -120.6712953,
              35.3071792
            ]
          ]
        ]
      },
      "id": "way/780321767"
    },
    {
      "type": "Feature",
      "properties": {
        "@id": "way/865443089",
        "building": "yes"
      },
      "geometry": {
        "type": "Polygon",
        "coordinates": [
          [
            [
              -120.6648237,
              35.3074501
            ],
            [
              -120.6648706,
              35.3073062
            ],
            [
              -120.6646486,
              35.307258
            ],
            [
              -120.6646017,
              35.3074019
            ],
            [
              -120.6648237,
              35.3074501
            ]
          ]
        ]
      },
      "id": "way/865443089"
    },
    {
      "type": "Feature",
      "properties": {
        "@id": "way/865449530",
        "building": "yes"
      },
      "geometry": {
        "type": "Polygon",
        "coordinates": [
          [
            [
              -120.6635138,
              35.3102482
            ],
            [
              -120.6634969,
              35.3102048
            ],
            [
              -120.6634636,
              35.3102135
            ],
            [
              -120.6634805,
              35.3102568
            ],
            [
              -120.6635138,
              35.3102482
            ]
          ]
        ]
      },
      "id": "way/865449530"
    },
    {
      "type": "Feature",
      "properties": {
        "@id": "way/865449531",
        "building": "yes"
      },
      "geometry": {
        "type": "Polygon",
        "coordinates": [
          [
            [
              -120.6634662,
              35.3102595
            ],
            [
              -120.6634526,
              35.3102141
            ],
            [
              -120.6634016,
              35.3102243
            ],
            [
              -120.6634152,
              35.3102697
            ],
            [
              -120.6634662,
              35.3102595
            ]
          ]
        ]
      },
      "id": "way/865449531"
    },
    {
      "type": "Feature",
      "properties": {
        "@id": "way/865449542",
        "building": "yes"
      },
      "geometry": {
        "type": "Polygon",
        "coordinates": [
          [
            [
              -120.6626435,
              35.3094711
            ],
            [
              -120.6626379,
              35.3094532
            ],
            [
              -120.6626076,
              35.3094595
            ],
            [
              -120.6626132,
              35.3094774
            ],
            [
              -120.6626435,
              35.3094711
            ]
          ]
        ]
      },
      "id": "way/865449542"
    },
    {
      "type": "Feature",
      "properties": {
        "@id": "way/865449543",
        "building": "yes"
      },
      "geometry": {
        "type": "Polygon",
        "coordinates": [
          [
            [
              -120.6627061,
              35.3094627
            ],
            [
              -120.6627013,
              35.3094418
            ],
            [
              -120.6626446,
              35.3094505
            ],
            [
              -120.6626494,
              35.3094714
            ],
            [
              -120.6627061,
              35.3094627
            ]
          ]
        ]
      },
      "id": "way/865449543"
    },
    {
      "type": "Feature",
      "properties": {
        "@id": "way/865472917",
        "building": "shed",
        "description": "Cal Poly Rodeo Grounds Hay Bunker/Storage",
        "name": "Hay Bunker"
      },
      "geometry": {
        "type": "Polygon",
        "coordinates": [
          [
            [
              -120.6698018,
              35.3072971
            ],
            [
              -120.6698387,
              35.3072608
            ],
            [
              -120.6697589,
              35.3072152
            ],
            [
              -120.6697235,
              35.307254
            ],
            [
              -120.6698018,
              35.3072971
            ]
          ]
        ]
      },
      "id": "way/865472917"
    },
    {
      "type": "Feature",
      "properties": {
        "@id": "way/865472918",
        "building": "greenhouse",
        "name": "48- Environmental Horitcultural Science"
      },
      "geometry": {
        "type": "Polygon",
        "coordinates": [
          [
            [
              -120.663342,
              35.3094552
            ],
            [
              -120.6632969,
              35.3092865
            ],
            [
              -120.6631073,
              35.3093203
            ],
            [
              -120.6631525,
              35.309489
            ],
            [
              -120.663342,
              35.3094552
            ]
          ]
        ]
      },
      "id": "way/865472918"
    },
    {
      "type": "Feature",
      "properties": {
        "@id": "way/865472923",
        "building": "yes"
      },
      "geometry": {
        "type": "Polygon",
        "coordinates": [
          [
            [
              -120.673073,
              35.3104558
            ],
            [
              -120.6730441,
              35.3104385
            ],
            [
              -120.6730308,
              35.3104533
            ],
            [
              -120.6730596,
              35.3104706
            ],
            [
              -120.673073,
              35.3104558
            ]
          ]
        ]
      },
      "id": "way/865472923"
    },
    {
      "type": "Feature",
      "properties": {
        "@id": "way/865472924",
        "building": "yes"
      },
      "geometry": {
        "type": "Polygon",
        "coordinates": [
          [
            [
              -120.6730344,
              35.3104394
            ],
            [
              -120.6729894,
              35.3104154
            ],
            [
              -120.6729743,
              35.3104342
            ],
            [
              -120.6730193,
              35.3104583
            ],
            [
              -120.6730344,
              35.3104394
            ]
          ]
        ]
      },
      "id": "way/865472924"
    },
    {
      "type": "Feature",
      "properties": {
        "@id": "way/865472925",
        "building": "barn",
        "building:levels": "1",
        "description": "Cal Poly Rodeo Grounds Hay Storage Barn/Feedlot.",
        "name": "Hay Storage Barn"
      },
      "geometry": {
        "type": "Polygon",
        "coordinates": [
          [
            [
              -120.6716838,
              35.3096957
            ],
            [
              -120.6713096,
              35.3094525
            ],
            [
              -120.6711323,
              35.3096467
            ],
            [
              -120.6715119,
              35.3098768
            ],
            [
              -120.6716838,
              35.3096957
            ]
          ]
        ]
      },
      "id": "way/865472925"
    },
    {
      "type": "Feature",
      "properties": {
        "@id": "way/941993005",
        "building": "shed"
      },
      "geometry": {
        "type": "Polygon",
        "coordinates": [
          [
            [
              -120.6614713,
              35.3056366
            ],
            [
              -120.6614566,
              35.3056178
            ],
            [
              -120.6614312,
              35.3056292
            ],
            [
              -120.6614451,
              35.3056486
            ],
            [
              -120.6614713,
              35.3056366
            ]
          ]
        ]
      },
      "id": "way/941993005"
    },
    {
      "type": "Feature",
      "properties": {
        "@id": "way/943592925",
        "building": "yes",
        "name": "180- Dairy Science Methane Power Plant"
      },
      "geometry": {
        "type": "Polygon",
        "coordinates": [
          [
            [
              -120.6730598,
              35.3071022
            ],
            [
              -120.673062,
              35.3070691
            ],
            [
              -120.6730197,
              35.3070672
            ],
            [
              -120.6730175,
              35.3071003
            ],
            [
              -120.6730598,
              35.3071022
            ]
          ]
        ]
      },
      "id": "way/943592925"
    },
    {
      "type": "Feature",
      "properties": {
        "@id": "way/1115832123",
        "building": "greenhouse",
        "name": "Oceano Dunes Project Hoop House"
      },
      "geometry": {
        "type": "Polygon",
        "coordinates": [
          [
            [
              -120.6624133,
              35.3098421
            ],
            [
              -120.6628137,
              35.3097383
            ],
            [
              -120.6627352,
              35.3095366
            ],
            [
              -120.6624114,
              35.3096205
            ],
            [
              -120.6624226,
              35.3096493
            ],
            [
              -120.6623459,
              35.3096691
            ],
            [
              -120.6624133,
              35.3098421
            ]
          ]
        ]
      },
      "id": "way/1115832123"
    },
    {
      "type": "Feature",
      "properties": {
        "@id": "way/1115832131",
        "building": "university",
        "name": "E&J Gallo Building"
      },
      "geometry": {
        "type": "Polygon",
        "coordinates": [
          [
            [
              -120.6694923,
              35.3040464
            ],
            [
              -120.6697749,
              35.303894
            ],
            [
              -120.6695015,
              35.3035562
            ],
            [
              -120.6692188,
              35.3037086
            ],
            [
              -120.6694923,
              35.3040464
            ]
          ]
        ]
      },
      "id": "way/1115832131"
    },
    {
      "type": "Feature",
      "properties": {
        "@id": "way/1115832132",
        "addr:housenumber": "157",
        "addr:street": "Mount Bishop Road",
        "building": "university",
        "check_date": "2025-10-22",
        "craft": "winery",
        "name": "Lohr Family Winery"
      },
      "geometry": {
        "type": "Polygon",
        "coordinates": [
          [
            [
              -120.6690433,
              35.3036408
            ],
            [
              -120.6694072,
              35.3034506
            ],
            [
              -120.6693566,
              35.3033861
            ],
            [
              -120.6694422,
              35.3033414
            ],
            [
              -120.6693277,
              35.3031954
            ],
            [
              -120.6692615,
              35.30323
            ],
            [
              -120.6692141,
              35.3031696
            ],
            [
              -120.6688283,
              35.3033712
            ],
            [
              -120.6688834,
              35.3034413
            ],
            [
              -120.6688461,
              35.3034608
            ],
            [
              -120.6689554,
              35.3036002
            ],
            [
              -120.6689952,
              35.3035794
            ],
            [
              -120.6690433,
              35.3036408
            ]
          ]
        ]
      },
      "id": "way/1115832132"
    },
    {
      "type": "Feature",
      "properties": {
        "@id": "way/1119416914",
        "building": "stable",
        "description": "Cal Poly Rodeo Grounds Livestock Feedlot Pens (Steers and Calves)",
        "name": "Livestock  Feedlot Pens"
      },
      "geometry": {
        "type": "Polygon",
        "coordinates": [
          [
            [
              -120.6716399,
              35.3098922
            ],
            [
              -120.6715582,
              35.3098356
            ],
            [
              -120.6715108,
              35.3098825
            ],
            [
              -120.6711232,
              35.3096465
            ],
            [
              -120.6710847,
              35.3096863
            ],
            [
              -120.6711232,
              35.3097422
            ],
            [
              -120.671455,
              35.3099409
            ],
            [
              -120.6715462,
              35.3099365
            ],
            [
              -120.6715951,
              35.309931
            ],
            [
              -120.6716398,
              35.3098999
            ],
            [
              -120.6716399,
              35.3098922
            ]
          ]
        ]
      },
      "id": "way/1119416914"
    },
    {
      "type": "Feature",
      "properties": {
        "@id": "way/1119416915",
        "building": "stable",
        "description": "Cal Poly Rodeo Grounds Livestock Feedlot Pens (Steers and Calves)",
        "name": "Livestock Feedlot Pens"
      },
      "geometry": {
        "type": "Polygon",
        "coordinates": [
          [
            [
              -120.6716952,
              35.309698
            ],
            [
              -120.671743,
              35.3096514
            ],
            [
              -120.6714226,
              35.3094627
            ],
            [
              -120.6713122,
              35.3094494
            ],
            [
              -120.6716952,
              35.309698
            ]
          ]
        ]
      },
      "id": "way/1119416915"
    },
    {
      "type": "Feature",
      "properties": {
        "@id": "way/1119416917",
        "building": "yes",
        "building:levels": "1",
        "description": "Cal Poly Rodeo Office and Deck at the Rodeo Grounds",
        "name": "Cal Poly Rodeo Office",
        "wheelchair": "yes"
      },
      "geometry": {
        "type": "Polygon",
        "coordinates": [
          [
            [
              -120.6707837,
              35.3088357
            ],
            [
              -120.6708599,
              35.3087546
            ],
            [
              -120.6707948,
              35.3087122
            ],
            [
              -120.6707829,
              35.3087226
            ],
            [
              -120.6707559,
              35.3087072
            ],
            [
              -120.6707775,
              35.3086867
            ],
            [
              -120.6707559,
              35.3086739
            ],
            [
              -120.6707328,
              35.3086952
            ],
            [
              -120.6706697,
              35.3086534
            ],
            [
              -120.6706381,
              35.3086858
            ],
            [
              -120.6706608,
              35.3086999
            ],
            [
              -120.6706211,
              35.3087392
            ],
            [
              -120.6707837,
              35.3088357
            ]
          ]
        ]
      },
      "id": "way/1119416917"
    },
    {
      "type": "Feature",
      "properties": {
        "@id": "way/1119416919",
        "building": "shed",
        "description": "Hay Bunker/Storage",
        "name": "Hay Bunker"
      },
      "geometry": {
        "type": "Polygon",
        "coordinates": [
          [
            [
              -120.6699535,
              35.3090283
            ],
            [
              -120.6699797,
              35.308995
            ],
            [
              -120.6698926,
              35.308957
            ],
            [
              -120.6698688,
              35.3089947
            ],
            [
              -120.6699535,
              35.3090283
            ]
          ]
        ]
      },
      "id": "way/1119416919"
    },
    {
      "type": "Feature",
      "properties": {
        "@id": "way/1119416921",
        "building": "stable",
        "description": "Cal Poly Rodeo Grounds Covered Horse Stalls (South Pipe)",
        "name": "Horse Stalls"
      },
      "geometry": {
        "type": "Polygon",
        "coordinates": [
          [
            [
              -120.6690715,
              35.3079649
            ],
            [
              -120.6697245,
              35.3071172
            ],
            [
              -120.669636,
              35.3070782
            ],
            [
              -120.6689759,
              35.3079187
            ],
            [
              -120.6690715,
              35.3079649
            ]
          ]
        ]
      },
      "id": "way/1119416921"
    },
    {
      "type": "Feature",
      "properties": {
        "@id": "way/1119416925",
        "building": "stable",
        "description": "Cal Poly Rodeo Grounds Covered Horse Stalls (East Pipe)",
        "name": "Horse Stalls"
      },
      "geometry": {
        "type": "Polygon",
        "coordinates": [
          [
            [
              -120.6691174,
              35.3081684
            ],
            [
              -120.6690271,
              35.3082141
            ],
            [
              -120.6696677,
              35.3089751
            ],
            [
              -120.6697423,
              35.3089297
            ],
            [
              -120.6691174,
              35.3081684
            ]
          ]
        ]
      },
      "id": "way/1119416925"
    },
    {
      "type": "Feature",
      "properties": {
        "@id": "way/1119416926",
        "building": "shed",
        "description": "Cal Poly Rodeo Grounds Hay Bunker/Storage",
        "name": "Hay Bunker"
      },
      "geometry": {
        "type": "Polygon",
        "coordinates": [
          [
            [
              -120.6690265,
              35.308207
            ],
            [
              -120.6691088,
              35.3081646
            ],
            [
              -120.6690815,
              35.3081286
            ],
            [
              -120.6689996,
              35.3081711
            ],
            [
              -120.6690265,
              35.308207
            ]
          ]
        ]
      },
      "id": "way/1119416926"
    },
    {
      "type": "Feature",
      "properties": {
        "@id": "way/1119416929",
        "building": "shed",
        "building:levels": "2",
        "description": "Cal Poly Rodeo Grounds Announcer's Booth",
        "name": "Announcer's Booth"
      },
      "geometry": {
        "type": "Polygon",
        "coordinates": [
          [
            [
              -120.6709581,
              35.3093501
            ],
            [
              -120.6709242,
              35.3093301
            ],
            [
              -120.6708814,
              35.3093705
            ],
            [
              -120.6709124,
              35.3093926
            ],
            [
              -120.6709581,
              35.3093501
            ]
          ]
        ]
      },
      "id": "way/1119416929"
    },
    {
      "type": "Feature",
      "properties": {
        "@id": "way/1119416930",
        "building": "stable",
        "description": "Cal Poly Rodeo Grounds Livestock Pens",
        "name": "Livestock Pens"
      },
      "geometry": {
        "type": "Polygon",
        "coordinates": [
          [
            [
              -120.6706168,
              35.3092227
            ],
            [
              -120.6705726,
              35.3092729
            ],
            [
              -120.6705106,
              35.3092354
            ],
            [
              -120.6704079,
              35.3093445
            ],
            [
              -120.670762,
              35.309558
            ],
            [
              -120.6707977,
              35.3095608
            ],
            [
              -120.6708255,
              35.3095431
            ],
            [
              -120.6709116,
              35.3094544
            ],
            [
              -120.6708103,
              35.3093917
            ],
            [
              -120.6708005,
              35.3093409
            ],
            [
              -120.6706168,
              35.3092227
            ]
          ]
        ]
      },
      "id": "way/1119416930"
    },
    {
      "type": "Feature",
      "properties": {
        "@id": "way/1133955261",
        "building": "shed"
      },
      "geometry": {
        "type": "Polygon",
        "coordinates": [
          [
            [
              -120.6654967,
              35.3023869
            ],
            [
              -120.6654786,
              35.3023164
            ],
            [
              -120.6654557,
              35.3023204
            ],
            [
              -120.6653727,
              35.3023351
            ],
            [
              -120.6653943,
              35.3024063
            ],
            [
              -120.6654748,
              35.3023911
            ],
            [
              -120.6654967,
              35.3023869
            ]
          ]
        ]
      },
      "id": "way/1133955261"
    }
  ]
}