{
  "type": "FeatureCollection",
  "generator": "overpass-turbo",
  "copyright": "The data included in this document is from www.openstreetmap.org. The data is made available under ODbL.",
  "timestamp": "2026-02-03T05:23:00Z",
  "features": [
    {
      "type": "Feature",
      "properties": {
        "@id": "way/35152829",
        "addr:city": "San Luis Obispo",
        "addr:postcode": "93407",
        "addr:street": "Grand",
        "building": "university",
        "name": "Farm Shop",
        "ref": "09"
      },
      "geometry": {
        "type": "Polygon",
        "coordinates": [
          [
            [
              -120.6626759,
              35.3046327
            ],
            [
              -120.6625398,
              35.3041561
            ],
            [
              -120.6619413,
              35.30427
            ],
            [
              -120.6620325,
              35.3045894
            ],
            [
              -120.6623675,
              35.3045257
            ],
            [
              -120.6623828,
              35.3045793
            ],
            [
              -120.6624454,
              35.3045673
            ],
            [
              -120.662475,
              35.3046709
            ],
            [
              -120.6626759,
              35.3046327
            ]
          ]
        ]
      },
      "id": "way/35152829"
    },
    {
      "type": "Feature",
      "properties": {
        "@id": "way/45600374",
        "building": "yes",
        "name": "32C- Equine Center Breeding Barn"
      },
      "geometry": {
        "type": "Polygon",
        "coordinates": [
          [
            [
              -120.6647492,
              35.3098292
            ],
            [
              -120.6646933,
              35.309734
            ],
            [
              -120.6646353,
              35.3097525
            ],
            [
              -120.664612,
              35.3097583
            ],
            [
              -120.6644454,
              35.3098272
            ],
            [
              -120.6645063,
              35.3099257
            ],
            [
              -120.6647492,
              35.3098292
            ]
          ]
        ]
      },
      "id": "way/45600374"
    },
    {
      "type": "Feature",
      "properties": {
        "@id": "way/45600375",
        "building": "yes"
      },
      "geometry": {
        "type": "Polygon",
        "coordinates": [
          [
            [
              -120.6631219,
              35.30949
            ],
            [
              -120.6630716,
              35.3093177
            ],
            [
              -120.6629362,
              35.309344
            ],
            [
              -120.6629865,
              35.3095163
            ],
            [
              -120.6631219,
              35.30949
            ]
          ]
        ]
      },
      "id": "way/45600375"
    },
    {
      "type": "Feature",
      "properties": {
        "@id": "way/45600376",
        "building": "greenhouse",
        "name": "48F- EHS Solar Greenhouse"
      },
      "geometry": {
        "type": "Polygon",
        "coordinates": [
          [
            [
              -120.6630643,
              35.3092859
            ],
            [
              -120.6630165,
              35.3091172
            ],
            [
              -120.6628763,
              35.3091437
            ],
            [
              -120.6629241,
              35.3093124
            ],
            [
              -120.6630643,
              35.3092859
            ]
          ]
        ]
      },
      "id": "way/45600376"
    },
    {
      "type": "Feature",
      "properties": {
        "@id": "way/45600377",
        "building": "yes",
        "name": "Horticulture Dorm"
      },
      "geometry": {
        "type": "Polygon",
        "coordinates": [
          [
            [
              -120.6639054,
              35.3090571
            ],
            [
              -120.6638808,
              35.3089751
            ],
            [
              -120.6638132,
              35.3089886
            ],
            [
              -120.6638176,
              35.309003
            ],
            [
              -120.663724,
              35.3090217
            ],
            [
              -120.6637155,
              35.3090234
            ],
            [
              -120.6637358,
              35.309091
            ],
            [
              -120.6639054,
              35.3090571
            ]
          ]
        ]
      },
      "id": "way/45600377"
    },
    {
      "type": "Feature",
      "properties": {
        "@id": "way/45600382",
        "addr:city": "San Luis Obispo",
        "addr:postcode": "93407",
        "addr:street": "Grand",
        "building": "university",
        "name": "Aero Hanger",
        "ref": "04A"
      },
      "geometry": {
        "type": "Polygon",
        "coordinates": [
          [
            [
              -120.6649723,
              35.3056017
            ],
            [
              -120.6646467,
              35.3053751
            ],
            [
              -120.6644248,
              35.3055899
            ],
            [
              -120.6647461,
              35.3058122
            ],
            [
              -120.6649723,
              35.3056017
            ]
          ]
        ]
      },
      "id": "way/45600382"
    },
    {
      "type": "Feature",
      "properties": {
        "@id": "way/45600383",
        "building": "yes",
        "name": "04E- Aero Hazardous Material Storage"
      },
      "geometry": {
        "type": "Polygon",
        "coordinates": [
          [
            [
              -120.6653255,
              35.3055719
            ],
            [
              -120.6653685,
              35.3055399
            ],
            [
              -120.6653285,
              35.3055089
            ],
            [
              -120.6652844,
              35.30554
            ],
            [
              -120.6653255,
              35.3055719
            ]
          ]
        ]
      },
      "id": "way/45600383"
    },
    {
      "type": "Feature",
      "properties": {
        "@id": "way/45600385",
        "building": "university",
        "name": "Research Development Center",
        "ref": "04"
      },
      "geometry": {
        "type": "Polygon",
        "coordinates": [
          [
            [
              -120.6652027,
              35.3053703
            ],
            [
              -120.6648875,
              35.3051498
            ],
            [
              -120.6646699,
              35.305357
            ],
            [
              -120.6649851,
              35.3055775
            ],
            [
              -120.6652027,
              35.3053703
            ]
          ]
        ]
      },
      "id": "way/45600385"
    },
    {
      "type": "Feature",
      "properties": {
        "@id": "way/45600386",
        "building": "yes",
        "name": "Public Safety Lab",
        "ref": "04C"
      },
      "geometry": {
        "type": "Polygon",
        "coordinates": [
          [
            [
              -120.664418,
              35.3054287
            ],
            [
              -120.664483,
              35.3054728
            ],
            [
              -120.6645663,
              35.3053911
            ],
            [
              -120.6645016,
              35.3053471
            ],
            [
              -120.6644807,
              35.3053676
            ],
            [
              -120.6644498,
              35.3053466
            ],
            [
              -120.664419,
              35.3053768
            ],
            [
              -120.6644497,
              35.3053976
            ],
            [
              -120.664418,
              35.3054287
            ]
          ]
        ]
      },
      "id": "way/45600386"
    },
    {
      "type": "Feature",
      "properties": {
        "@id": "way/45600387",
        "building": "yes",
        "name": "Aero Storage",
        "ref": "04R"
      },
      "geometry": {
        "type": "Polygon",
        "coordinates": [
          [
            [
              -120.6644156,
              35.3055798
            ],
            [
              -120.664483,
              35.3055117
            ],
            [
              -120.6644546,
              35.305493
            ],
            [
              -120.6644687,
              35.3054788
            ],
            [
              -120.6644158,
              35.3054439
            ],
            [
              -120.6643879,
              35.3054721
            ],
            [
              -120.6643532,
              35.3054492
            ],
            [
              -120.6642996,
              35.3055033
            ],
            [
              -120.6644156,
              35.3055798
            ]
          ]
        ]
      },
      "id": "way/45600387"
    },
    {
      "type": "Feature",
      "properties": {
        "@id": "way/45600396",
        "building": "university"
      },
      "geometry": {
        "type": "Polygon",
        "coordinates": [
          [
            [
              -120.6598268,
              35.30453
            ],
            [
              -120.6598138,
              35.3043598
            ],
            [
              -120.6595322,
              35.3043742
            ],
            [
              -120.6595328,
              35.3043816
            ],
            [
              -120.6594087,
              35.3043879
            ],
            [
              -120.6594199,
              35.304486
            ],
            [
              -120.6594606,
              35.3045132
            ],
            [
              -120.6595464,
              35.3045099
            ],
            [
              -120.6595552,
              35.3045458
            ],
            [
              -120.6598268,
              35.30453
            ]
          ]
        ]
      },
      "id": "way/45600396"
    },
    {
      "type": "Feature",
      "properties": {
        "@id": "way/45600397",
        "addr:city": "San Luis Obispo",
        "addr:postcode": "93407",
        "addr:street": "Grand",
        "building": "university",
        "name": "Transportation Services",
        "ref": "71"
      },
      "geometry": {
        "type": "Polygon",
        "coordinates": [
          [
            [
              -120.6588169,
              35.3042597
            ],
            [
              -120.6587803,
              35.3038676
            ],
            [
              -120.6586396,
              35.3038763
            ],
            [
              -120.6586468,
              35.3039538
            ],
            [
              -120.6585989,
              35.3039568
            ],
            [
              -120.6586138,
              35.3041163
            ],
            [
              -120.6586631,
              35.3041133
            ],
            [
              -120.6586776,
              35.3042684
            ],
            [
              -120.6588169,
              35.3042597
            ]
          ]
        ]
      },
      "id": "way/45600397"
    },
    {
      "type": "Feature",
      "properties": {
        "@id": "way/45600400",
        "addr:city": "San Luis Obispo",
        "addr:postcode": "93407",
        "addr:street": "Grand",
        "building": "university",
        "name": "Facility Services/Receiving Warehouse",
        "ref": "70"
      },
      "geometry": {
        "type": "Polygon",
        "coordinates": [
          [
            [
              -120.6598037,
              35.3042617
            ],
            [
              -120.6597931,
              35.3041496
            ],
            [
              -120.6598222,
              35.3041477
            ],
            [
              -120.6598063,
              35.3039794
            ],
            [
              -120.6597768,
              35.3039812
            ],
            [
              -120.6597618,
              35.3038224
            ],
            [
              -120.6597913,
              35.3038205
            ],
            [
              -120.6597752,
              35.3036502
            ],
            [
              -120.6597466,
              35.303652
            ],
            [
              -120.6597319,
              35.303496
            ],
            [
              -120.6594542,
              35.3035135
            ],
            [
              -120.6594809,
              35.3037963
            ],
            [
              -120.6594273,
              35.3037996
            ],
            [
              -120.6594368,
              35.3039
            ],
            [
              -120.6594918,
              35.3038965
            ],
            [
              -120.6595279,
              35.304279
            ],
            [
              -120.6598037,
              35.3042617
            ]
          ]
        ]
      },
      "id": "way/45600400"
    },
    {
      "type": "Feature",
      "properties": {
        "@id": "way/45637272",
        "building": "university",
        "name": "Beef Unit"
      },
      "geometry": {
        "type": "Polygon",
        "coordinates": [
          [
            [
              -120.6633105,
              35.3070397
            ],
            [
              -120.6632735,
              35.3069015
            ],
            [
              -120.6629335,
              35.3069621
            ],
            [
              -120.6629705,
              35.3071003
            ],
            [
              -120.6633105,
              35.3070397
            ]
          ]
        ]
      },
      "id": "way/45637272"
    },
    {
      "type": "Feature",
      "properties": {
        "@id": "way/45637273",
        "building": "yes",
        "name": "Herdsman Hall"
      },
      "geometry": {
        "type": "Polygon",
        "coordinates": [
          [
            [
              -120.6634175,
              35.3072948
            ],
            [
              -120.6633809,
              35.3071571
            ],
            [
              -120.6632683,
              35.3071771
            ],
            [
              -120.663305,
              35.3073147
            ],
            [
              -120.6634175,
              35.3072948
            ]
          ]
        ]
      },
      "id": "way/45637273"
    },
    {
      "type": "Feature",
      "properties": {
        "@id": "way/45637278",
        "building": "greenhouse",
        "name": "48- Environmental Horitcultural Science"
      },
      "geometry": {
        "type": "Polygon",
        "coordinates": [
          [
            [
              -120.6632828,
              35.3092407
            ],
            [
              -120.6632341,
              35.3090713
            ],
            [
              -120.6630407,
              35.3091083
            ],
            [
              -120.6630894,
              35.3092777
            ],
            [
              -120.6632828,
              35.3092407
            ]
          ]
        ]
      },
      "id": "way/45637278"
    },
    {
      "type": "Feature",
      "properties": {
        "@id": "way/45637279",
        "building": "yes",
        "name": "48- Environmental Horitcultural Science"
      },
      "geometry": {
        "type": "Polygon",
        "coordinates": [
          [
            [
              -120.6637407,
              35.3093802
            ],
            [
              -120.6636921,
              35.3092085
            ],
            [
              -120.6633258,
              35.3092775
            ],
            [
              -120.6633743,
              35.3094492
            ],
            [
              -120.6637407,
              35.3093802
            ]
          ]
        ]
      },
      "id": "way/45637279"
    },
    {
      "type": "Feature",
      "properties": {
        "@id": "way/45637280",
        "building": "yes",
        "name": "48K- EHS Greenhouse"
      },
      "geometry": {
        "type": "Polygon",
        "coordinates": [
          [
            [
              -120.6627476,
              35.3089207
            ],
            [
              -120.6627363,
              35.3088776
            ],
            [
              -120.6626453,
              35.3088934
            ],
            [
              -120.6626223,
              35.3088975
            ],
            [
              -120.6626336,
              35.3089406
            ],
            [
              -120.6627476,
              35.3089207
            ]
          ]
        ]
      },
      "id": "way/45637280"
    },
    {
      "type": "Feature",
      "properties": {
        "@id": "way/45637281",
        "building": "greenhouse",
        "name": "Hoop House"
      },
      "geometry": {
        "type": "Polygon",
        "coordinates": [
          [
            [
              -120.6629048,
              35.3093154
            ],
            [
              -120.6628561,
              35.30915
            ],
            [
              -120.6627648,
              35.3091679
            ],
            [
              -120.6628135,
              35.3093333
            ],
            [
              -120.6629048,
              35.3093154
            ]
          ]
        ]
      },
      "id": "way/45637281"
    },
    {
      "type": "Feature",
      "properties": {
        "@id": "way/45637282",
        "building": "yes",
        "name": "48M- EHS Pesticide Storage"
      },
      "geometry": {
        "type": "Polygon",
        "coordinates": [
          [
            [
              -120.6622538,
              35.308804
            ],
            [
              -120.6624038,
              35.3087741
            ],
            [
              -120.6623998,
              35.3087493
            ],
            [
              -120.6624434,
              35.3087418
            ],
            [
              -120.6624204,
              35.3086501
            ],
            [
              -120.6623354,
              35.3086669
            ],
            [
              -120.6623216,
              35.3086648
            ],
            [
              -120.6622215,
              35.3086834
            ],
            [
              -120.6622538,
              35.308804
            ]
          ]
        ]
      },
      "id": "way/45637282"
    },
    {
      "type": "Feature",
      "properties": {
        "@id": "way/45637283",
        "building": "yes",
        "name": "48N- EHS Bug House"
      },
      "geometry": {
        "type": "Polygon",
        "coordinates": [
          [
            [
              -120.6620752,
              35.3088441
            ],
            [
              -120.6622121,
              35.3088166
            ],
            [
              -120.6621863,
              35.3087312
            ],
            [
              -120.6620494,
              35.3087588
            ],
            [
              -120.6620752,
              35.3088441
            ]
          ]
        ]
      },
      "id": "way/45637283"
    },
    {
      "type": "Feature",
      "properties": {
        "@id": "way/45637284",
        "building": "yes",
        "name": "48I- EHS Shade House"
      },
      "geometry": {
        "type": "Polygon",
        "coordinates": [
          [
            [
              -120.663034,
              35.3090367
            ],
            [
              -120.6629977,
              35.3089115
            ],
            [
              -120.6626874,
              35.3089714
            ],
            [
              -120.6627237,
              35.3090966
            ],
            [
              -120.663034,
              35.3090367
            ]
          ]
        ]
      },
      "id": "way/45637284"
    },
    {
      "type": "Feature",
      "properties": {
        "@id": "way/45637285",
        "building": "yes",
        "name": "48- Environmental Horitcultural Science"
      },
      "geometry": {
        "type": "Polygon",
        "coordinates": [
          [
            [
              -120.6636589,
              35.3091704
            ],
            [
              -120.6635945,
              35.3089457
            ],
            [
              -120.6634566,
              35.308972
            ],
            [
              -120.663463,
              35.3089945
            ],
            [
              -120.6634376,
              35.3089993
            ],
            [
              -120.6634466,
              35.3090305
            ],
            [
              -120.663251,
              35.3090678
            ],
            [
              -120.6633,
              35.3092389
            ],
            [
              -120.6636589,
              35.3091704
            ]
          ]
        ]
      },
      "id": "way/45637285"
    },
    {
      "type": "Feature",
      "properties": {
        "@id": "way/45637286",
        "building": "yes",
        "name": "32- Cal Poly Equine Center"
      },
      "geometry": {
        "type": "Polygon",
        "coordinates": [
          [
            [
              -120.6644061,
              35.3092082
            ],
            [
              -120.6645617,
              35.3091455
            ],
            [
              -120.6643909,
              35.3088633
            ],
            [
              -120.6642353,
              35.308926
            ],
            [
              -120.6644061,
              35.3092082
            ]
          ]
        ]
      },
      "id": "way/45637286"
    },
    {
      "type": "Feature",
      "properties": {
        "@id": "way/45637288",
        "building": "yes"
      },
      "geometry": {
        "type": "Polygon",
        "coordinates": [
          [
            [
              -120.6642478,
              35.3098631
            ],
            [
              -120.6642004,
              35.3097781
            ],
            [
              -120.6642155,
              35.3097725
            ],
            [
              -120.6641867,
              35.3097208
            ],
            [
              -120.664169,
              35.3097274
            ],
            [
              -120.664124,
              35.3096468
            ],
            [
              -120.663951,
              35.3097112
            ],
            [
              -120.6639997,
              35.3097983
            ],
            [
              -120.6639841,
              35.3098041
            ],
            [
              -120.6640117,
              35.3098536
            ],
            [
              -120.6640279,
              35.3098475
            ],
            [
              -120.6640729,
              35.3099281
            ],
            [
              -120.6642478,
              35.3098631
            ]
          ]
        ]
      },
      "id": "way/45637288"
    },
    {
      "type": "Feature",
      "properties": {
        "@id": "way/45637289",
        "building": "yes"
      },
      "geometry": {
        "type": "Polygon",
        "coordinates": [
          [
            [
              -120.6649648,
              35.3092065
            ],
            [
              -120.6649235,
              35.3091365
            ],
            [
              -120.6648658,
              35.3091637
            ],
            [
              -120.6649088,
              35.3092282
            ],
            [
              -120.6649648,
              35.3092065
            ]
          ]
        ]
      },
      "id": "way/45637289"
    },
    {
      "type": "Feature",
      "properties": {
        "@id": "way/45637290",
        "building": "yes"
      },
      "geometry": {
        "type": "Polygon",
        "coordinates": [
          [
            [
              -120.6626886,
              35.3093595
            ],
            [
              -120.662633,
              35.3091609
            ],
            [
              -120.6624974,
              35.3091862
            ],
            [
              -120.662506,
              35.3092168
            ],
            [
              -120.6623734,
              35.3092415
            ],
            [
              -120.6624205,
              35.3094095
            ],
            [
              -120.6626886,
              35.3093595
            ]
          ]
        ]
      },
      "id": "way/45637290"
    },
    {
      "type": "Feature",
      "properties": {
        "@id": "way/45637291",
        "building": "yes",
        "name": "48J- EHS Lath House (AL)"
      },
      "geometry": {
        "type": "Polygon",
        "coordinates": [
          [
            [
              -120.6632748,
              35.309004
            ],
            [
              -120.6632433,
              35.3088943
            ],
            [
              -120.6630465,
              35.3089319
            ],
            [
              -120.663078,
              35.3090416
            ],
            [
              -120.6632748,
              35.309004
            ]
          ]
        ]
      },
      "id": "way/45637291"
    },
    {
      "type": "Feature",
      "properties": {
        "@id": "way/45637292",
        "building": "yes",
        "name": "48D- EHS Tractor Barn"
      },
      "geometry": {
        "type": "Polygon",
        "coordinates": [
          [
            [
              -120.6632044,
              35.3097601
            ],
            [
              -120.6631889,
              35.3096956
            ],
            [
              -120.6629798,
              35.3097291
            ],
            [
              -120.6629953,
              35.3097936
            ],
            [
              -120.6632044,
              35.3097601
            ]
          ]
        ]
      },
      "id": "way/45637292"
    },
    {
      "type": "Feature",
      "properties": {
        "@id": "way/45637293",
        "building": "yes",
        "name": "48E- EHS Garcia Barn"
      },
      "geometry": {
        "type": "Polygon",
        "coordinates": [
          [
            [
              -120.6631934,
              35.3096253
            ],
            [
              -120.6631622,
              35.3095162
            ],
            [
              -120.6630108,
              35.3095451
            ],
            [
              -120.6630425,
              35.3096554
            ],
            [
              -120.6630959,
              35.3096452
            ],
            [
              -120.6631037,
              35.3096724
            ],
            [
              -120.6631812,
              35.3096576
            ],
            [
              -120.663173,
              35.3096292
            ],
            [
              -120.6631934,
              35.3096253
            ]
          ]
        ]
      },
      "id": "way/45637293"
    },
    {
      "type": "Feature",
      "properties": {
        "@id": "way/45637299",
        "building": "yes",
        "name": "32J- Equine Center Mare Barn"
      },
      "geometry": {
        "type": "Polygon",
        "coordinates": [
          [
            [
              -120.6647203,
              35.3097199
            ],
            [
              -120.6644814,
              35.3093153
            ],
            [
              -120.6644265,
              35.30934
            ],
            [
              -120.6646613,
              35.3097392
            ],
            [
              -120.6647203,
              35.3097199
            ]
          ]
        ]
      },
      "id": "way/45637299"
    },
    {
      "type": "Feature",
      "properties": {
        "@id": "way/45637454",
        "addr:city": "San Luis Obispo",
        "addr:postcode": "93407",
        "addr:street": "Grand",
        "building": "residential",
        "name": "Islay",
        "operator": "California Polytechnic State University",
        "ref": "170F",
        "residential": "university"
      },
      "geometry": {
        "type": "Polygon",
        "coordinates": [
          [
            [
              -120.6566886,
              35.3051531
            ],
            [
              -120.656681,
              35.3051396
            ],
            [
              -120.6566334,
              35.3051569
            ],
            [
              -120.6566015,
              35.3050989
            ],
            [
              -120.6566834,
              35.3050707
            ],
            [
              -120.6566742,
              35.3050548
            ],
            [
              -120.6567121,
              35.3050411
            ],
            [
              -120.6566347,
              35.3048968
            ],
            [
              -120.6565963,
              35.3049109
            ],
            [
              -120.6565702,
              35.3048724
            ],
            [
              -120.6565983,
              35.3048505
            ],
            [
              -120.6565413,
              35.304797
            ],
            [
              -120.6565112,
              35.3048176
            ],
            [
              -120.6564984,
              35.304806
            ],
            [
              -120.6565281,
              35.3047841
            ],
            [
              -120.6564705,
              35.3047307
            ],
            [
              -120.6564408,
              35.3047523
            ],
            [
              -120.6564253,
              35.3047386
            ],
            [
              -120.6563593,
              35.304786
            ],
            [
              -120.6562499,
              35.3046839
            ],
            [
              -120.6563211,
              35.3046313
            ],
            [
              -120.6563037,
              35.3046133
            ],
            [
              -120.6562924,
              35.3046016
            ],
            [
              -120.6563045,
              35.3045924
            ],
            [
              -120.6562362,
              35.3045274
            ],
            [
              -120.6562192,
              35.3045405
            ],
            [
              -120.6561938,
              35.3045155
            ],
            [
              -120.6561266,
              35.3045612
            ],
            [
              -120.6561539,
              35.304586
            ],
            [
              -120.6560602,
              35.304652
            ],
            [
              -120.6560736,
              35.3046647
            ],
            [
              -120.6560446,
              35.3046871
            ],
            [
              -120.6563097,
              35.3049374
            ],
            [
              -120.6563428,
              35.304915
            ],
            [
              -120.6563564,
              35.3049281
            ],
            [
              -120.6564223,
              35.3048837
            ],
            [
              -120.6564845,
              35.3049421
            ],
            [
              -120.6565211,
              35.305011
            ],
            [
              -120.6564384,
              35.3050385
            ],
            [
              -120.6564478,
              35.3050548
            ],
            [
              -120.6564105,
              35.3050679
            ],
            [
              -120.6564878,
              35.305213
            ],
            [
              -120.6565248,
              35.3052007
            ],
            [
              -120.656528,
              35.3052065
            ],
            [
              -120.6566886,
              35.3051531
            ]
          ]
        ]
      },
      "id": "way/45637454"
    },
    {
      "type": "Feature",
      "properties": {
        "@id": "way/45637455",
        "addr:city": "San Luis Obispo",
        "addr:postcode": "93407",
        "addr:street": "Grand",
        "building": "residential",
        "name": "Bishop",
        "operator": "California Polytechnic State University",
        "ref": "170E",
        "residential": "university"
      },
      "geometry": {
        "type": "Polygon",
        "coordinates": [
          [
            [
              -120.6570516,
              35.3058421
            ],
            [
              -120.6570439,
              35.3057569
            ],
            [
              -120.657016,
              35.3057592
            ],
            [
              -120.6570148,
              35.3057444
            ],
            [
              -120.6569975,
              35.3057449
            ],
            [
              -120.6569965,
              35.3057279
            ],
            [
              -120.6569822,
              35.3057287
            ],
            [
              -120.6568854,
              35.3057338
            ],
            [
              -120.6568878,
              35.3057578
            ],
            [
              -120.6568225,
              35.3057604
            ],
            [
              -120.6568022,
              35.305599
            ],
            [
              -120.6568893,
              35.3055944
            ],
            [
              -120.6568887,
              35.3055754
            ],
            [
              -120.6569266,
              35.3055729
            ],
            [
              -120.6569107,
              35.3054163
            ],
            [
              -120.6568657,
              35.3054173
            ],
            [
              -120.6568617,
              35.3053729
            ],
            [
              -120.6568915,
              35.3053625
            ],
            [
              -120.6568156,
              35.3052164
            ],
            [
              -120.6567778,
              35.3052297
            ],
            [
              -120.6567685,
              35.3052128
            ],
            [
              -120.6566876,
              35.3052416
            ],
            [
              -120.656658,
              35.3051856
            ],
            [
              -120.6567067,
              35.3051678
            ],
            [
              -120.6566993,
              35.3051539
            ],
            [
              -120.6565406,
              35.3052078
            ],
            [
              -120.656543,
              35.3052132
            ],
            [
              -120.6565061,
              35.3052269
            ],
            [
              -120.6565834,
              35.3053722
            ],
            [
              -120.6566208,
              35.3053594
            ],
            [
              -120.6566302,
              35.3053752
            ],
            [
              -120.6567102,
              35.3053484
            ],
            [
              -120.6567501,
              35.305421
            ],
            [
              -120.6567576,
              35.3054962
            ],
            [
              -120.6566704,
              35.3055016
            ],
            [
              -120.6566711,
              35.3055195
            ],
            [
              -120.656632,
              35.3055214
            ],
            [
              -120.6566729,
              35.3058542
            ],
            [
              -120.6567136,
              35.3058527
            ],
            [
              -120.6567146,
              35.3058698
            ],
            [
              -120.6568384,
              35.3058629
            ],
            [
              -120.6568426,
              35.3058917
            ],
            [
              -120.6569303,
              35.3058863
            ],
            [
              -120.6569266,
              35.3058526
            ],
            [
              -120.6569464,
              35.3058517
            ],
            [
              -120.6569496,
              35.305882
            ],
            [
              -120.6570353,
              35.3058765
            ],
            [
              -120.657032,
              35.3058427
            ],
            [
              -120.6570516,
              35.3058421
            ]
          ]
        ]
      },
      "id": "way/45637455"
    },
    {
      "type": "Feature",
      "properties": {
        "@id": "way/45637456",
        "addr:city": "San Luis Obispo",
        "addr:postcode": "93407",
        "addr:street": "Grand",
        "apartments": "residential",
        "building": "apartments",
        "name": "San Luis (170G)",
        "operator": "California Polytechnic State University",
        "residential": "university"
      },
      "geometry": {
        "type": "Polygon",
        "coordinates": [
          [
            [
              -120.6572594,
              35.3042142
            ],
            [
              -120.657413,
              35.3041427
            ],
            [
              -120.6574693,
              35.3041138
            ],
            [
              -120.6574109,
              35.3040324
            ],
            [
              -120.6573919,
              35.3040415
            ],
            [
              -120.6573764,
              35.3040199
            ],
            [
              -120.6573522,
              35.3039861
            ],
            [
              -120.6573894,
              35.3039683
            ],
            [
              -120.6573433,
              35.3039042
            ],
            [
              -120.6570939,
              35.3040235
            ],
            [
              -120.6571424,
              35.304091
            ],
            [
              -120.65718,
              35.3040731
            ],
            [
              -120.6571958,
              35.3040951
            ],
            [
              -120.6572101,
              35.304115
            ],
            [
              -120.6571938,
              35.3041228
            ],
            [
              -120.6572594,
              35.3042142
            ]
          ]
        ]
      },
      "id": "way/45637456"
    },
    {
      "type": "Feature",
      "properties": {
        "@id": "way/45637457",
        "addr:city": "San Luis Obispo",
        "addr:postcode": "93407",
        "addr:street": "Grand",
        "building": "residential",
        "name": "Morro",
        "operator": "California Polytechnic State University",
        "ref": "170A",
        "residential": "university"
      },
      "geometry": {
        "type": "Polygon",
        "coordinates": [
          [
            [
              -120.6570886,
              35.3041741
            ],
            [
              -120.6570657,
              35.3041545
            ],
            [
              -120.6570781,
              35.3041453
            ],
            [
              -120.6570009,
              35.3040727
            ],
            [
              -120.6569903,
              35.3040823
            ],
            [
              -120.6569681,
              35.3040593
            ],
            [
              -120.6568688,
              35.304128
            ],
            [
              -120.6568782,
              35.3041365
            ],
            [
              -120.6568524,
              35.3041539
            ],
            [
              -120.6568665,
              35.3041665
            ],
            [
              -120.6568215,
              35.3041947
            ],
            [
              -120.6567934,
              35.3041687
            ],
            [
              -120.6565749,
              35.3043221
            ],
            [
              -120.6565954,
              35.3043417
            ],
            [
              -120.656561,
              35.3043675
            ],
            [
              -120.6565384,
              35.304348
            ],
            [
              -120.6564358,
              35.3044214
            ],
            [
              -120.6564639,
              35.304448
            ],
            [
              -120.6564502,
              35.3044585
            ],
            [
              -120.6564947,
              35.3044986
            ],
            [
              -120.656508,
              35.3044904
            ],
            [
              -120.6565173,
              35.304499
            ],
            [
              -120.656605,
              35.3044356
            ],
            [
              -120.6566145,
              35.304444
            ],
            [
              -120.6565477,
              35.3044924
            ],
            [
              -120.656561,
              35.3045051
            ],
            [
              -120.6565317,
              35.3045272
            ],
            [
              -120.6567287,
              35.3047137
            ],
            [
              -120.6567592,
              35.3046917
            ],
            [
              -120.6567747,
              35.3047042
            ],
            [
              -120.6568655,
              35.3046421
            ],
            [
              -120.6567846,
              35.3045654
            ],
            [
              -120.6566299,
              35.3044188
            ],
            [
              -120.6566416,
              35.3044104
            ],
            [
              -120.6566731,
              35.3044398
            ],
            [
              -120.6566868,
              35.304429
            ],
            [
              -120.6567173,
              35.3044567
            ],
            [
              -120.6569372,
              35.3043012
            ],
            [
              -120.6569071,
              35.3042737
            ],
            [
              -120.6569191,
              35.3042646
            ],
            [
              -120.6569486,
              35.3042423
            ],
            [
              -120.6569637,
              35.3042517
            ],
            [
              -120.6569825,
              35.3042371
            ],
            [
              -120.6569925,
              35.3042455
            ],
            [
              -120.6570886,
              35.3041741
            ]
          ]
        ]
      },
      "id": "way/45637457"
    },
    {
      "type": "Feature",
      "properties": {
        "@id": "way/45637466",
        "addr:city": "San Luis Obispo",
        "addr:postcode": "93407",
        "addr:street": "Grand",
        "building": "residential",
        "name": "Romauldo",
        "operator": "California Polytechnic State University",
        "ref": "170D",
        "residential": "university"
      },
      "geometry": {
        "type": "Polygon",
        "coordinates": [
          [
            [
              -120.6576262,
              35.3052153
            ],
            [
              -120.6576051,
              35.3051254
            ],
            [
              -120.6575898,
              35.3051277
            ],
            [
              -120.6575826,
              35.3050987
            ],
            [
              -120.6574569,
              35.305117
            ],
            [
              -120.657459,
              35.3051292
            ],
            [
              -120.6574272,
              35.3051334
            ],
            [
              -120.6574305,
              35.3051493
            ],
            [
              -120.6573869,
              35.3051542
            ],
            [
              -120.6573706,
              35.3051561
            ],
            [
              -120.6573664,
              35.3051212
            ],
            [
              -120.657228,
              35.305141
            ],
            [
              -120.6572362,
              35.3051758
            ],
            [
              -120.6572185,
              35.3051784
            ],
            [
              -120.6572284,
              35.3052215
            ],
            [
              -120.6571767,
              35.3052323
            ],
            [
              -120.6571828,
              35.3052607
            ],
            [
              -120.6571052,
              35.3052713
            ],
            [
              -120.6571089,
              35.3052897
            ],
            [
              -120.6570682,
              35.3052945
            ],
            [
              -120.6571265,
              35.3055384
            ],
            [
              -120.657167,
              35.3055325
            ],
            [
              -120.6571713,
              35.3055482
            ],
            [
              -120.6572574,
              35.3055358
            ],
            [
              -120.6572609,
              35.3055485
            ],
            [
              -120.6571397,
              35.3055712
            ],
            [
              -120.6571211,
              35.3055855
            ],
            [
              -120.6571352,
              35.3056348
            ],
            [
              -120.6571554,
              35.3056319
            ],
            [
              -120.6571627,
              35.3056665
            ],
            [
              -120.6572978,
              35.3056472
            ],
            [
              -120.6572914,
              35.305621
            ],
            [
              -120.6573519,
              35.3056127
            ],
            [
              -120.6573545,
              35.3056241
            ],
            [
              -120.6574799,
              35.3056045
            ],
            [
              -120.6574737,
              35.3055748
            ],
            [
              -120.6574874,
              35.3055723
            ],
            [
              -120.657467,
              35.3054804
            ],
            [
              -120.6574504,
              35.3054828
            ],
            [
              -120.6574447,
              35.3054539
            ],
            [
              -120.6573181,
              35.3054709
            ],
            [
              -120.6573207,
              35.305483
            ],
            [
              -120.6572967,
              35.3054864
            ],
            [
              -120.6572785,
              35.305489
            ],
            [
              -120.6572302,
              35.3052846
            ],
            [
              -120.6572614,
              35.3052811
            ],
            [
              -120.6572685,
              35.3053146
            ],
            [
              -120.6574008,
              35.305295
            ],
            [
              -120.6573935,
              35.3052628
            ],
            [
              -120.657409,
              35.3052567
            ],
            [
              -120.6574534,
              35.3052507
            ],
            [
              -120.657456,
              35.3052626
            ],
            [
              -120.6574903,
              35.3052572
            ],
            [
              -120.6574928,
              35.3052681
            ],
            [
              -120.6576187,
              35.3052492
            ],
            [
              -120.6576103,
              35.3052179
            ],
            [
              -120.6576262,
              35.3052153
            ]
          ]
        ]
      },
      "id": "way/45637466"
    },
    {
      "type": "Feature",
      "properties": {
        "@id": "way/45637468",
        "addr:city": "San Luis Obispo",
        "addr:postcode": "93407",
        "addr:street": "Grand",
        "building": "residential",
        "name": "Cabrillo",
        "operator": "California Polytechnic State University",
        "ref": "170B",
        "residential": "university"
      },
      "geometry": {
        "type": "Polygon",
        "coordinates": [
          [
            [
              -120.6575618,
              35.304377
            ],
            [
              -120.6575053,
              35.3042985
            ],
            [
              -120.6574931,
              35.3043027
            ],
            [
              -120.6574717,
              35.3042776
            ],
            [
              -120.6573667,
              35.3043317
            ],
            [
              -120.657371,
              35.3043409
            ],
            [
              -120.6573247,
              35.3043753
            ],
            [
              -120.657301,
              35.3043872
            ],
            [
              -120.6572784,
              35.304361
            ],
            [
              -120.6571657,
              35.3044166
            ],
            [
              -120.6571846,
              35.3044488
            ],
            [
              -120.6571462,
              35.304464
            ],
            [
              -120.6571227,
              35.3044802
            ],
            [
              -120.657098,
              35.3044513
            ],
            [
              -120.656842,
              35.30457
            ],
            [
              -120.656865,
              35.3046009
            ],
            [
              -120.6568464,
              35.3046078
            ],
            [
              -120.6568749,
              35.3046453
            ],
            [
              -120.6568298,
              35.3046671
            ],
            [
              -120.6568489,
              35.3046956
            ],
            [
              -120.6567807,
              35.3047283
            ],
            [
              -120.6567925,
              35.3047434
            ],
            [
              -120.6567562,
              35.3047603
            ],
            [
              -120.656913,
              35.3049715
            ],
            [
              -120.6569477,
              35.3049557
            ],
            [
              -120.6569584,
              35.3049701
            ],
            [
              -120.6570611,
              35.3049205
            ],
            [
              -120.6569896,
              35.3048219
            ],
            [
              -120.6570363,
              35.3048002
            ],
            [
              -120.6570168,
              35.3047716
            ],
            [
              -120.6569689,
              35.3047938
            ],
            [
              -120.6569036,
              35.3047047
            ],
            [
              -120.6569311,
              35.3046913
            ],
            [
              -120.6569544,
              35.3047209
            ],
            [
              -120.6571996,
              35.3046014
            ],
            [
              -120.6571771,
              35.3045717
            ],
            [
              -120.6571959,
              35.3045633
            ],
            [
              -120.6571738,
              35.3045341
            ],
            [
              -120.657189,
              35.3045268
            ],
            [
              -120.657207,
              35.3045181
            ],
            [
              -120.6572267,
              35.3045451
            ],
            [
              -120.6572433,
              35.3045368
            ],
            [
              -120.6572649,
              35.3045685
            ],
            [
              -120.6573896,
              35.3045095
            ],
            [
              -120.6573681,
              35.3044796
            ],
            [
              -120.657379,
              35.304477
            ],
            [
              -120.6573853,
              35.3044711
            ],
            [
              -120.6573739,
              35.3044567
            ],
            [
              -120.6574081,
              35.3044414
            ],
            [
              -120.6574268,
              35.3044646
            ],
            [
              -120.6574551,
              35.3044522
            ],
            [
              -120.6574639,
              35.3044595
            ],
            [
              -120.6575677,
              35.3044091
            ],
            [
              -120.6575491,
              35.3043827
            ],
            [
              -120.6575618,
              35.304377
            ]
          ]
        ]
      },
      "id": "way/45637468"
    },
    {
      "type": "Feature",
      "properties": {
        "@id": "way/45637469",
        "addr:city": "San Luis Obispo",
        "addr:postcode": "93407",
        "addr:street": "Grand",
        "building": "residential",
        "name": "Hollister",
        "operator": "California Polytechnic State University",
        "ref": "170C",
        "residential": "university"
      },
      "geometry": {
        "type": "Polygon",
        "coordinates": [
          [
            [
              -120.6578109,
              35.3047539
            ],
            [
              -120.657776,
              35.3046652
            ],
            [
              -120.6577603,
              35.3046697
            ],
            [
              -120.6577462,
              35.304642
            ],
            [
              -120.6576253,
              35.3046789
            ],
            [
              -120.6576293,
              35.3046885
            ],
            [
              -120.6575681,
              35.304707
            ],
            [
              -120.657544,
              35.3047142
            ],
            [
              -120.657536,
              35.3046941
            ],
            [
              -120.657407,
              35.3047334
            ],
            [
              -120.6574235,
              35.3047676
            ],
            [
              -120.6573925,
              35.3047766
            ],
            [
              -120.6573534,
              35.3047879
            ],
            [
              -120.657339,
              35.3047598
            ],
            [
              -120.6570672,
              35.3048412
            ],
            [
              -120.6570833,
              35.3048754
            ],
            [
              -120.6570644,
              35.3048804
            ],
            [
              -120.6570826,
              35.3049203
            ],
            [
              -120.6570345,
              35.3049362
            ],
            [
              -120.6570486,
              35.3049643
            ],
            [
              -120.6569723,
              35.3049872
            ],
            [
              -120.6569809,
              35.3050039
            ],
            [
              -120.6569421,
              35.3050161
            ],
            [
              -120.6570503,
              35.3052468
            ],
            [
              -120.657089,
              35.3052349
            ],
            [
              -120.6570964,
              35.3052498
            ],
            [
              -120.6572101,
              35.3052174
            ],
            [
              -120.6571678,
              35.3051264
            ],
            [
              -120.6571608,
              35.3051113
            ],
            [
              -120.6572132,
              35.3050942
            ],
            [
              -120.657198,
              35.3050624
            ],
            [
              -120.6571444,
              35.3050801
            ],
            [
              -120.6571013,
              35.3049838
            ],
            [
              -120.6571301,
              35.3049742
            ],
            [
              -120.6571467,
              35.3050082
            ],
            [
              -120.6574183,
              35.304925
            ],
            [
              -120.6574012,
              35.3048907
            ],
            [
              -120.657419,
              35.304886
            ],
            [
              -120.6574042,
              35.3048537
            ],
            [
              -120.657421,
              35.3048485
            ],
            [
              -120.6574376,
              35.3048433
            ],
            [
              -120.6574516,
              35.3048736
            ],
            [
              -120.6574698,
              35.3048671
            ],
            [
              -120.6574865,
              35.3049005
            ],
            [
              -120.657616,
              35.3048615
            ],
            [
              -120.6575979,
              35.3048278
            ],
            [
              -120.6576217,
              35.3048211
            ],
            [
              -120.6576529,
              35.3048122
            ],
            [
              -120.6576569,
              35.3048209
            ],
            [
              -120.6576869,
              35.3048121
            ],
            [
              -120.6576912,
              35.3048221
            ],
            [
              -120.6578118,
              35.304786
            ],
            [
              -120.6578,
              35.3047574
            ],
            [
              -120.6578109,
              35.3047539
            ]
          ]
        ]
      },
      "id": "way/45637469"
    },
    {
      "type": "Feature",
      "properties": {
        "@id": "way/45637548",
        "building": "yes",
        "name": "48Q- EHS Environmental Horticultural Science D&P"
      },
      "geometry": {
        "type": "Polygon",
        "coordinates": [
          [
            [
              -120.6625568,
              35.3087281
            ],
            [
              -120.6625256,
              35.3086154
            ],
            [
              -120.6624381,
              35.3086315
            ],
            [
              -120.6624692,
              35.3087443
            ],
            [
              -120.6625568,
              35.3087281
            ]
          ]
        ]
      },
      "id": "way/45637548"
    },
    {
      "type": "Feature",
      "properties": {
        "@id": "way/45638383",
        "building": "university"
      },
      "geometry": {
        "type": "Polygon",
        "coordinates": [
          [
            [
              -120.6608619,
              35.3042299
            ],
            [
              -120.660836,
              35.3039762
            ],
            [
              -120.6607086,
              35.3039849
            ],
            [
              -120.6607294,
              35.3041895
            ],
            [
              -120.6607418,
              35.3041887
            ],
            [
              -120.6607468,
              35.3042377
            ],
            [
              -120.6608619,
              35.3042299
            ]
          ]
        ]
      },
      "id": "way/45638383"
    },
    {
      "type": "Feature",
      "properties": {
        "@id": "way/45638385",
        "building": "university"
      },
      "geometry": {
        "type": "Polygon",
        "coordinates": [
          [
            [
              -120.6602219,
              35.3044794
            ],
            [
              -120.6602118,
              35.3043881
            ],
            [
              -120.6600399,
              35.3044008
            ],
            [
              -120.6600477,
              35.3044708
            ],
            [
              -120.660078,
              35.3044685
            ],
            [
              -120.6600803,
              35.3044899
            ],
            [
              -120.6602219,
              35.3044794
            ]
          ]
        ]
      },
      "id": "way/45638385"
    },
    {
      "type": "Feature",
      "properties": {
        "@id": "way/45638386",
        "building": "university"
      },
      "geometry": {
        "type": "Polygon",
        "coordinates": [
          [
            [
              -120.6605306,
              35.3042748
            ],
            [
              -120.6605426,
              35.3039617
            ],
            [
              -120.6604728,
              35.3039599
            ],
            [
              -120.6604608,
              35.304273
            ],
            [
              -120.6605306,
              35.3042748
            ]
          ]
        ]
      },
      "id": "way/45638386"
    },
    {
      "type": "Feature",
      "properties": {
        "@id": "way/45638387",
        "building": "yes"
      },
      "geometry": {
        "type": "Polygon",
        "coordinates": [
          [
            [
              -120.6592711,
              35.3042898
            ],
            [
              -120.6592687,
              35.3042536
            ],
            [
              -120.6592943,
              35.3042525
            ],
            [
              -120.6592899,
              35.3041871
            ],
            [
              -120.6591651,
              35.3041927
            ],
            [
              -120.6591697,
              35.3042605
            ],
            [
              -120.6591965,
              35.3042593
            ],
            [
              -120.6591988,
              35.304293
            ],
            [
              -120.6592711,
              35.3042898
            ]
          ]
        ]
      },
      "id": "way/45638387"
    },
    {
      "type": "Feature",
      "properties": {
        "@id": "way/45638395",
        "building": "university"
      },
      "geometry": {
        "type": "Polygon",
        "coordinates": [
          [
            [
              -120.6611434,
              35.3043986
            ],
            [
              -120.6611265,
              35.3042478
            ],
            [
              -120.6610903,
              35.3042505
            ],
            [
              -120.6610818,
              35.3041741
            ],
            [
              -120.6609697,
              35.3041824
            ],
            [
              -120.6609951,
              35.3044096
            ],
            [
              -120.6611434,
              35.3043986
            ]
          ]
        ]
      },
      "id": "way/45638395"
    },
    {
      "type": "Feature",
      "properties": {
        "@id": "way/45638396",
        "building": "university"
      },
      "geometry": {
        "type": "Polygon",
        "coordinates": [
          [
            [
              -120.66091,
              35.304498
            ],
            [
              -120.6608985,
              35.3043745
            ],
            [
              -120.6607586,
              35.3043833
            ],
            [
              -120.6607702,
              35.3045068
            ],
            [
              -120.66091,
              35.304498
            ]
          ]
        ]
      },
      "id": "way/45638396"
    },
    {
      "type": "Feature",
      "properties": {
        "@id": "way/45638398",
        "building": "university"
      },
      "geometry": {
        "type": "Polygon",
        "coordinates": [
          [
            [
              -120.6620062,
              35.3047219
            ],
            [
              -120.6619953,
              35.3046643
            ],
            [
              -120.6619535,
              35.3046713
            ],
            [
              -120.6619456,
              35.3046374
            ],
            [
              -120.6616568,
              35.3046831
            ],
            [
              -120.6613488,
              35.3047783
            ],
            [
              -120.6613456,
              35.3047717
            ],
            [
              -120.6612768,
              35.3047921
            ],
            [
              -120.6613197,
              35.3048868
            ],
            [
              -120.6616901,
              35.3047743
            ],
            [
              -120.6620062,
              35.3047219
            ]
          ]
        ]
      },
      "id": "way/45638398"
    },
    {
      "type": "Feature",
      "properties": {
        "@id": "way/45644092",
        "building": "yes"
      },
      "geometry": {
        "type": "Polygon",
        "coordinates": [
          [
            [
              -120.6652079,
              35.311003
            ],
            [
              -120.6645552,
              35.3105777
            ],
            [
              -120.6644588,
              35.3106762
            ],
            [
              -120.6651115,
              35.3111015
            ],
            [
              -120.6652079,
              35.311003
            ]
          ]
        ]
      },
      "id": "way/45644092"
    },
    {
      "type": "Feature",
      "properties": {
        "@id": "way/45644093",
        "building": "greenhouse",
        "name": "Temporary Plant Conservatory"
      },
      "geometry": {
        "type": "Polygon",
        "coordinates": [
          [
            [
              -120.6634427,
              35.3101124
            ],
            [
              -120.6636435,
              35.3100573
            ],
            [
              -120.6635476,
              35.3098246
            ],
            [
              -120.6634465,
              35.3098524
            ],
            [
              -120.6635136,
              35.3100152
            ],
            [
              -120.6634139,
              35.3100426
            ],
            [
              -120.6634427,
              35.3101124
            ]
          ]
        ]
      },
      "id": "way/45644093"
    },
    {
      "type": "Feature",
      "properties": {
        "@id": "way/45644103",
        "building": "university"
      },
      "geometry": {
        "type": "Polygon",
        "coordinates": [
          [
            [
              -120.6619636,
              35.3070165
            ],
            [
              -120.6621711,
              35.3069783
            ],
            [
              -120.6621665,
              35.3069617
            ],
            [
              -120.6623997,
              35.3069187
            ],
            [
              -120.6623779,
              35.3068399
            ],
            [
              -120.6623666,
              35.306842
            ],
            [
              -120.6622844,
              35.3065447
            ],
            [
              -120.6622136,
              35.3065578
            ],
            [
              -120.6622964,
              35.3068573
            ],
            [
              -120.6622034,
              35.3068744
            ],
            [
              -120.6621208,
              35.3065755
            ],
            [
              -120.6620478,
              35.3065889
            ],
            [
              -120.6621304,
              35.3068877
            ],
            [
              -120.6619378,
              35.3069231
            ],
            [
              -120.6619636,
              35.3070165
            ]
          ]
        ]
      },
      "id": "way/45644103"
    },
    {
      "type": "Feature",
      "properties": {
        "@id": "way/45644158",
        "access": "permissive",
        "addr:city": "San Luis Obispo",
        "addr:postcode": "93407",
        "addr:state": "CA",
        "addr:street": "Grand",
        "amenity": "parking",
        "building": "parking",
        "capacity": "937",
        "fee": "yes",
        "maxstay": "1.5 hours",
        "name": "Village Drive Parking Structure (271)",
        "operator": "Cal Poly Transportation and Parking Services",
        "park_ride": "no",
        "parking": "multi-storey",
        "supervised": "yes",
        "surface": "paved",
        "website": "https://afd.calpoly.edu/parking/parkingoncampus/parkinglots/#r3lot"
      },
      "geometry": {
        "type": "Polygon",
        "coordinates": [
          [
            [
              -120.6597374,
              35.3066086
            ],
            [
              -120.6598192,
              35.3065714
            ],
            [
              -120.6606497,
              35.3061779
            ],
            [
              -120.6606152,
              35.3061291
            ],
            [
              -120.6606604,
              35.3061078
            ],
            [
              -120.6604063,
              35.3057495
            ],
            [
              -120.6603767,
              35.3057635
            ],
            [
              -120.6603543,
              35.3057319
            ],
            [
              -120.6594511,
              35.3061583
            ],
            [
              -120.6594753,
              35.3061925
            ],
            [
              -120.6593479,
              35.3062621
            ],
            [
              -120.6594568,
              35.3064303
            ],
            [
              -120.6595432,
              35.3063866
            ],
            [
              -120.659687,
              35.3065894
            ],
            [
              -120.6597145,
              35.3065763
            ],
            [
              -120.6597374,
              35.3066086
            ]
          ]
        ]
      },
      "id": "way/45644158"
    },
    {
      "type": "Feature",
      "properties": {
        "@id": "way/45644160",
        "addr:city": "San Luis Obispo",
        "addr:postcode": "93407",
        "addr:state": "CA",
        "addr:street": "Grand",
        "building": "dormitory",
        "building:levels": "5",
        "name": "Foxen (171F)",
        "residential": "university",
        "smoking": "no",
        "wheelchair": "yes"
      },
      "geometry": {
        "type": "Polygon",
        "coordinates": [
          [
            [
              -120.6581705,
              35.3088463
            ],
            [
              -120.6582206,
              35.3088561
            ],
            [
              -120.6582096,
              35.3088932
            ],
            [
              -120.658312,
              35.3089134
            ],
            [
              -120.658315,
              35.3089031
            ],
            [
              -120.6583545,
              35.3089108
            ],
            [
              -120.6583636,
              35.30888
            ],
            [
              -120.6583987,
              35.3088869
            ],
            [
              -120.6584042,
              35.3088682
            ],
            [
              -120.658455,
              35.3088782
            ],
            [
              -120.6585211,
              35.3086546
            ],
            [
              -120.6584776,
              35.308646
            ],
            [
              -120.6584829,
              35.308628
            ],
            [
              -120.6585193,
              35.3086352
            ],
            [
              -120.6585414,
              35.3085608
            ],
            [
              -120.6585148,
              35.3085556
            ],
            [
              -120.6585262,
              35.3085167
            ],
            [
              -120.6584209,
              35.308496
            ],
            [
              -120.6584092,
              35.3085357
            ],
            [
              -120.6583812,
              35.3085302
            ],
            [
              -120.65837,
              35.3085681
            ],
            [
              -120.6583533,
              35.3085648
            ],
            [
              -120.6583436,
              35.3085976
            ],
            [
              -120.6583282,
              35.3085945
            ],
            [
              -120.6583034,
              35.3086784
            ],
            [
              -120.6583521,
              35.308688
            ],
            [
              -120.6583467,
              35.3087064
            ],
            [
              -120.6582972,
              35.3086966
            ],
            [
              -120.6582719,
              35.308782
            ],
            [
              -120.6582851,
              35.3087846
            ],
            [
              -120.6582792,
              35.3088044
            ],
            [
              -120.6582595,
              35.3088005
            ],
            [
              -120.6582627,
              35.3087896
            ],
            [
              -120.658198,
              35.3087768
            ],
            [
              -120.6582009,
              35.3087669
            ],
            [
              -120.6581894,
              35.3087646
            ],
            [
              -120.6581665,
              35.3087601
            ],
            [
              -120.6581911,
              35.308677
            ],
            [
              -120.658147,
              35.3086684
            ],
            [
              -120.6581529,
              35.3086487
            ],
            [
              -120.6581975,
              35.3086575
            ],
            [
              -120.6582228,
              35.3085721
            ],
            [
              -120.6582115,
              35.3085699
            ],
            [
              -120.65822,
              35.3085413
            ],
            [
              -120.6581998,
              35.3085373
            ],
            [
              -120.6582116,
              35.3084978
            ],
            [
              -120.6581833,
              35.3084922
            ],
            [
              -120.6581949,
              35.3084529
            ],
            [
              -120.6580885,
              35.3084319
            ],
            [
              -120.6580769,
              35.308471
            ],
            [
              -120.6580489,
              35.3084655
            ],
            [
              -120.658035,
              35.3085125
            ],
            [
              -120.6580549,
              35.3085164
            ],
            [
              -120.6580478,
              35.3085403
            ],
            [
              -120.6580694,
              35.3085446
            ],
            [
              -120.6580633,
              35.3085652
            ],
            [
              -120.6580155,
              35.3085558
            ],
            [
              -120.6579494,
              35.3087794
            ],
            [
              -120.658,
              35.3087894
            ],
            [
              -120.6579949,
              35.3088067
            ],
            [
              -120.6580303,
              35.3088137
            ],
            [
              -120.6580209,
              35.3088454
            ],
            [
              -120.6580587,
              35.3088529
            ],
            [
              -120.6580558,
              35.3088627
            ],
            [
              -120.6581596,
              35.3088832
            ],
            [
              -120.6581705,
              35.3088463
            ]
          ]
        ]
      },
      "id": "way/45644160"
    },
    {
      "type": "Feature",
      "properties": {
        "@id": "way/45644163",
        "access": "permissive",
        "addr:city": "San Luis Obispo",
        "addr:postcode": "93407",
        "addr:street": "Grand",
        "amenity": "parking",
        "building": "parking",
        "capacity": "958",
        "fee": "yes",
        "maxstay": "1.5 hours",
        "name": "Canyon Circle Parking Structure (371)",
        "operator": "Cal Poly Transportation and Parking Services",
        "parking": "multi-storey",
        "supervised": "yes",
        "surface": "paved",
        "website": "http://afd.calpoly.edu/parking/parkingoncampus/parkinglots/#r4lot"
      },
      "geometry": {
        "type": "Polygon",
        "coordinates": [
          [
            [
              -120.6586487,
              35.3092235
            ],
            [
              -120.6585949,
              35.309514
            ],
            [
              -120.6586719,
              35.3095251
            ],
            [
              -120.6586722,
              35.3095309
            ],
            [
              -120.6587225,
              35.3095403
            ],
            [
              -120.6587155,
              35.3095778
            ],
            [
              -120.6599923,
              35.3097734
            ],
            [
              -120.6600059,
              35.3097273
            ],
            [
              -120.6600538,
              35.3097254
            ],
            [
              -120.6601173,
              35.3094349
            ],
            [
              -120.6599905,
              35.3094165
            ],
            [
              -120.6599176,
              35.309405
            ],
            [
              -120.6589546,
              35.3092631
            ],
            [
              -120.6588726,
              35.3092519
            ],
            [
              -120.6586487,
              35.3092235
            ]
          ]
        ]
      },
      "id": "way/45644163"
    },
    {
      "type": "Feature",
      "properties": {
        "@id": "way/45644181",
        "addr:city": "San Luis Obispo",
        "addr:postcode": "93407",
        "addr:state": "CA",
        "addr:street": "Grand",
        "building": "dormitory",
        "building:levels": "5",
        "name": "Gypsum (171G)",
        "residential": "university",
        "smoking": "no",
        "wheelchair": "yes"
      },
      "geometry": {
        "type": "Polygon",
        "coordinates": [
          [
            [
              -120.6573922,
              35.308207
            ],
            [
              -120.657328,
              35.3081631
            ],
            [
              -120.6573117,
              35.3081787
            ],
            [
              -120.6572564,
              35.3081424
            ],
            [
              -120.6571835,
              35.308217
            ],
            [
              -120.6572372,
              35.3082502
            ],
            [
              -120.6572214,
              35.3082678
            ],
            [
              -120.657266,
              35.3082985
            ],
            [
              -120.6573003,
              35.3082645
            ],
            [
              -120.6573173,
              35.3082762
            ],
            [
              -120.6572929,
              35.3083002
            ],
            [
              -120.6573059,
              35.3083088
            ],
            [
              -120.6572772,
              35.3083393
            ],
            [
              -120.6573822,
              35.30841
            ],
            [
              -120.6573902,
              35.3084015
            ],
            [
              -120.6574451,
              35.3084382
            ],
            [
              -120.6574355,
              35.3084465
            ],
            [
              -120.6575183,
              35.3085001
            ],
            [
              -120.6575509,
              35.3084694
            ],
            [
              -120.6575713,
              35.3084846
            ],
            [
              -120.6575715,
              35.308496
            ],
            [
              -120.6575223,
              35.3085005
            ],
            [
              -120.6575533,
              35.3087284
            ],
            [
              -120.6575987,
              35.3087248
            ],
            [
              -120.6576003,
              35.3087318
            ],
            [
              -120.6575641,
              35.3087346
            ],
            [
              -120.6575669,
              35.3087525
            ],
            [
              -120.6575473,
              35.3087539
            ],
            [
              -120.6575449,
              35.3087324
            ],
            [
              -120.6575035,
              35.3087356
            ],
            [
              -120.6575061,
              35.3087558
            ],
            [
              -120.6574713,
              35.3087595
            ],
            [
              -120.6574054,
              35.3087654
            ],
            [
              -120.6574215,
              35.3087443
            ],
            [
              -120.6574106,
              35.3087366
            ],
            [
              -120.6574414,
              35.3087063
            ],
            [
              -120.6570527,
              35.3084523
            ],
            [
              -120.6569998,
              35.3084177
            ],
            [
              -120.6569829,
              35.3084358
            ],
            [
              -120.6569308,
              35.3084021
            ],
            [
              -120.6568568,
              35.308477
            ],
            [
              -120.6569106,
              35.3085123
            ],
            [
              -120.656895,
              35.3085276
            ],
            [
              -120.6569399,
              35.3085569
            ],
            [
              -120.6569711,
              35.3085252
            ],
            [
              -120.6569894,
              35.308536
            ],
            [
              -120.656945,
              35.3085821
            ],
            [
              -120.6569758,
              35.3086018
            ],
            [
              -120.6569681,
              35.3086105
            ],
            [
              -120.6573169,
              35.3088349
            ],
            [
              -120.6573459,
              35.3088078
            ],
            [
              -120.6573882,
              35.3088341
            ],
            [
              -120.6574188,
              35.3088317
            ],
            [
              -120.6574224,
              35.3088677
            ],
            [
              -120.6574768,
              35.3088635
            ],
            [
              -120.6577021,
              35.3088431
            ],
            [
              -120.6576935,
              35.3088069
            ],
            [
              -120.6577102,
              35.3088066
            ],
            [
              -120.6577056,
              35.308771
            ],
            [
              -120.6577175,
              35.3087701
            ],
            [
              -120.6577116,
              35.3087152
            ],
            [
              -120.6577543,
              35.3087121
            ],
            [
              -120.6577274,
              35.3084833
            ],
            [
              -120.6576882,
              35.3084868
            ],
            [
              -120.657684,
              35.3084611
            ],
            [
              -120.6577119,
              35.3084332
            ],
            [
              -120.6576829,
              35.308413
            ],
            [
              -120.6576692,
              35.3084265
            ],
            [
              -120.6576381,
              35.3084045
            ],
            [
              -120.6576232,
              35.3083955
            ],
            [
              -120.6576533,
              35.3083647
            ],
            [
              -120.657573,
              35.308311
            ],
            [
              -120.6575629,
              35.3083196
            ],
            [
              -120.6575083,
              35.3082831
            ],
            [
              -120.6575173,
              35.308274
            ],
            [
              -120.6574132,
              35.3082034
            ],
            [
              -120.6573827,
              35.3082341
            ],
            [
              -120.657373,
              35.3082269
            ],
            [
              -120.6573922,
              35.308207
            ]
          ]
        ]
      },
      "id": "way/45644181"
    },
    {
      "type": "Feature",
      "properties": {
        "@id": "way/45644184",
        "addr:city": "San Luis Obispo",
        "addr:postcode": "93407",
        "addr:state": "CA",
        "addr:street": "Grand",
        "building": "dormitory",
        "building:levels": "5",
        "ele": "126",
        "name": "Dover (171D)",
        "residential": "university",
        "smoking": "no",
        "wheelchair": "yes"
      },
      "geometry": {
        "type": "Polygon",
        "coordinates": [
          [
            [
              -120.6598638,
              35.30871
            ],
            [
              -120.6599856,
              35.3088718
            ],
            [
              -120.6600328,
              35.3089345
            ],
            [
              -120.6600693,
              35.3089162
            ],
            [
              -120.6600787,
              35.3089287
            ],
            [
              -120.6601444,
              35.3088958
            ],
            [
              -120.6601477,
              35.3089002
            ],
            [
              -120.6602451,
              35.3088514
            ],
            [
              -120.6602204,
              35.3088187
            ],
            [
              -120.6602486,
              35.3088046
            ],
            [
              -120.6602631,
              35.3088239
            ],
            [
              -120.6602813,
              35.3088148
            ],
            [
              -120.6602882,
              35.308824
            ],
            [
              -120.6603427,
              35.3087966
            ],
            [
              -120.660332,
              35.3087824
            ],
            [
              -120.6603874,
              35.3087546
            ],
            [
              -120.6603225,
              35.3086683
            ],
            [
              -120.6602694,
              35.3086948
            ],
            [
              -120.6602578,
              35.3086793
            ],
            [
              -120.6602007,
              35.3087079
            ],
            [
              -120.6601846,
              35.3086865
            ],
            [
              -120.6600773,
              35.3087403
            ],
            [
              -120.6600694,
              35.3087297
            ],
            [
              -120.6600287,
              35.3087501
            ],
            [
              -120.6600132,
              35.3087223
            ],
            [
              -120.6599908,
              35.3086997
            ],
            [
              -120.6599962,
              35.3086971
            ],
            [
              -120.6599744,
              35.3086682
            ],
            [
              -120.6600201,
              35.3086453
            ],
            [
              -120.6600262,
              35.3086533
            ],
            [
              -120.6601229,
              35.3086049
            ],
            [
              -120.6601065,
              35.3085832
            ],
            [
              -120.660163,
              35.3085549
            ],
            [
              -120.6601529,
              35.3085415
            ],
            [
              -120.660209,
              35.3085134
            ],
            [
              -120.6601438,
              35.3084269
            ],
            [
              -120.6600891,
              35.3084543
            ],
            [
              -120.6600781,
              35.3084397
            ],
            [
              -120.6600219,
              35.3084679
            ],
            [
              -120.6600292,
              35.3084775
            ],
            [
              -120.6600081,
              35.3084881
            ],
            [
              -120.6600231,
              35.3085081
            ],
            [
              -120.6599982,
              35.3085205
            ],
            [
              -120.6599714,
              35.308485
            ],
            [
              -120.659871,
              35.3085353
            ],
            [
              -120.6598782,
              35.3085448
            ],
            [
              -120.6598473,
              35.3085603
            ],
            [
              -120.6598614,
              35.3085789
            ],
            [
              -120.6598316,
              35.3085939
            ],
            [
              -120.6598414,
              35.3086069
            ],
            [
              -120.6597991,
              35.3086281
            ],
            [
              -120.6598616,
              35.3087111
            ],
            [
              -120.6598638,
              35.30871
            ]
          ]
        ]
      },
      "id": "way/45644184"
    },
    {
      "type": "Feature",
      "properties": {
        "@id": "way/45644186",
        "addr:city": "San Luis Obispo",
        "addr:postcode": "93407",
        "addr:state": "CA",
        "addr:street": "Grand",
        "building": "dormitory",
        "building:levels": "6",
        "name": "Estrella (171E)",
        "residential": "university",
        "smoking": "no",
        "wheelchair": "yes"
      },
      "geometry": {
        "type": "Polygon",
        "coordinates": [
          [
            [
              -120.6595196,
              35.3088474
            ],
            [
              -120.6593102,
              35.3089521
            ],
            [
              -120.6593147,
              35.3089621
            ],
            [
              -120.659287,
              35.3089773
            ],
            [
              -120.6592924,
              35.3089946
            ],
            [
              -120.6592817,
              35.309001
            ],
            [
              -120.6592579,
              35.3089952
            ],
            [
              -120.6592022,
              35.3089823
            ],
            [
              -120.6592162,
              35.3089442
            ],
            [
              -120.659234,
              35.3089345
            ],
            [
              -120.659252,
              35.3088564
            ],
            [
              -120.6592073,
              35.3088483
            ],
            [
              -120.6592139,
              35.3088206
            ],
            [
              -120.6592297,
              35.3088233
            ],
            [
              -120.6592429,
              35.3087746
            ],
            [
              -120.6592289,
              35.3087721
            ],
            [
              -120.6592436,
              35.3087179
            ],
            [
              -120.6591189,
              35.3086942
            ],
            [
              -120.659108,
              35.3087471
            ],
            [
              -120.6590821,
              35.3087424
            ],
            [
              -120.6590717,
              35.3087911
            ],
            [
              -120.6590935,
              35.3087947
            ],
            [
              -120.6590916,
              35.3088272
            ],
            [
              -120.6590534,
              35.3088257
            ],
            [
              -120.659027,
              35.3089086
            ],
            [
              -120.6590358,
              35.3089101
            ],
            [
              -120.6590288,
              35.3089371
            ],
            [
              -120.6590456,
              35.3089398
            ],
            [
              -120.6590367,
              35.3089701
            ],
            [
              -120.658994,
              35.308963
            ],
            [
              -120.6589978,
              35.3089455
            ],
            [
              -120.6589777,
              35.3089408
            ],
            [
              -120.6588978,
              35.3089286
            ],
            [
              -120.6589016,
              35.3089123
            ],
            [
              -120.6589167,
              35.3089154
            ],
            [
              -120.6589518,
              35.3087982
            ],
            [
              -120.6589031,
              35.3087887
            ],
            [
              -120.6589054,
              35.3087808
            ],
            [
              -120.6589237,
              35.3087839
            ],
            [
              -120.6589383,
              35.3087349
            ],
            [
              -120.6589265,
              35.3087331
            ],
            [
              -120.6589339,
              35.3086792
            ],
            [
              -120.658814,
              35.308656
            ],
            [
              -120.6587976,
              35.3087256
            ],
            [
              -120.6587752,
              35.3087231
            ],
            [
              -120.6587683,
              35.3087542
            ],
            [
              -120.6587863,
              35.3087579
            ],
            [
              -120.6587826,
              35.3087777
            ],
            [
              -120.6587938,
              35.3087794
            ],
            [
              -120.6587873,
              35.3088092
            ],
            [
              -120.6587396,
              35.3087994
            ],
            [
              -120.6587106,
              35.3088921
            ],
            [
              -120.658724,
              35.3088948
            ],
            [
              -120.6587171,
              35.3089209
            ],
            [
              -120.6587397,
              35.3089242
            ],
            [
              -120.6587172,
              35.3089955
            ],
            [
              -120.6592949,
              35.3091095
            ],
            [
              -120.6593081,
              35.3090745
            ],
            [
              -120.6593429,
              35.3090785
            ],
            [
              -120.6594082,
              35.309047
            ],
            [
              -120.6594247,
              35.3090732
            ],
            [
              -120.6594599,
              35.3090591
            ],
            [
              -120.6594679,
              35.3090652
            ],
            [
              -120.6595962,
              35.3089996
            ],
            [
              -120.6596752,
              35.3089641
            ],
            [
              -120.6596667,
              35.3089539
            ],
            [
              -120.6597426,
              35.3089173
            ],
            [
              -120.6597287,
              35.3089013
            ],
            [
              -120.6597711,
              35.3088806
            ],
            [
              -120.6597062,
              35.3087985
            ],
            [
              -120.6596731,
              35.3088167
            ],
            [
              -120.6596604,
              35.3088024
            ],
            [
              -120.6595763,
              35.3088376
            ],
            [
              -120.6595271,
              35.3088561
            ],
            [
              -120.6595196,
              35.3088474
            ]
          ]
        ]
      },
      "id": "way/45644186"
    },
    {
      "type": "Feature",
      "properties": {
        "@id": "way/45644187",
        "addr:city": "San Luis Obispo",
        "addr:postcode": "93407",
        "addr:state": "CA",
        "addr:street": "Grand",
        "building": "dormitory",
        "building:levels": "5",
        "name": "Corralitos (171C)",
        "residential": "university",
        "smoking": "no"
      },
      "geometry": {
        "type": "Polygon",
        "coordinates": [
          [
            [
              -120.6590317,
              35.3084287
            ],
            [
              -120.6590431,
              35.3083904
            ],
            [
              -120.6591237,
              35.3084061
            ],
            [
              -120.659111,
              35.3084445
            ],
            [
              -120.6595198,
              35.3085222
            ],
            [
              -120.6595237,
              35.3085111
            ],
            [
              -120.6595598,
              35.3085184
            ],
            [
              -120.6595952,
              35.3084359
            ],
            [
              -120.659634,
              35.3084894
            ],
            [
              -120.6599026,
              35.3083543
            ],
            [
              -120.6598904,
              35.3083314
            ],
            [
              -120.659947,
              35.3083052
            ],
            [
              -120.6599382,
              35.3082913
            ],
            [
              -120.6599873,
              35.3082603
            ],
            [
              -120.659926,
              35.3081756
            ],
            [
              -120.6598731,
              35.308203
            ],
            [
              -120.6598576,
              35.3081848
            ],
            [
              -120.6598046,
              35.3082127
            ],
            [
              -120.659819,
              35.3082327
            ],
            [
              -120.6597788,
              35.3082525
            ],
            [
              -120.6597599,
              35.3082321
            ],
            [
              -120.6596643,
              35.3082805
            ],
            [
              -120.6596721,
              35.3082889
            ],
            [
              -120.6596159,
              35.3083165
            ],
            [
              -120.6596095,
              35.3083074
            ],
            [
              -120.6595009,
              35.3083627
            ],
            [
              -120.6595174,
              35.3083871
            ],
            [
              -120.6594987,
              35.3083841
            ],
            [
              -120.6594978,
              35.3083921
            ],
            [
              -120.6594763,
              35.3083926
            ],
            [
              -120.6594742,
              35.3084026
            ],
            [
              -120.6593882,
              35.3083854
            ],
            [
              -120.659374,
              35.308383
            ],
            [
              -120.6593783,
              35.3083711
            ],
            [
              -120.6593709,
              35.3083685
            ],
            [
              -120.6593766,
              35.308344
            ],
            [
              -120.6593872,
              35.3083456
            ],
            [
              -120.6594125,
              35.3082574
            ],
            [
              -120.6593658,
              35.3082488
            ],
            [
              -120.659371,
              35.3082342
            ],
            [
              -120.6594092,
              35.3082384
            ],
            [
              -120.6596301,
              35.3081263
            ],
            [
              -120.6597501,
              35.3080659
            ],
            [
              -120.6597382,
              35.3080507
            ],
            [
              -120.6597921,
              35.3080224
            ],
            [
              -120.6597307,
              35.3079342
            ],
            [
              -120.6596755,
              35.3079621
            ],
            [
              -120.6596614,
              35.3079456
            ],
            [
              -120.6596057,
              35.3079714
            ],
            [
              -120.6595917,
              35.3079531
            ],
            [
              -120.659317,
              35.3080898
            ],
            [
              -120.6593437,
              35.3081232
            ],
            [
              -120.659307,
              35.3081399
            ],
            [
              -120.6592988,
              35.3081272
            ],
            [
              -120.6592545,
              35.30815
            ],
            [
              -120.6592397,
              35.3081576
            ],
            [
              -120.6592638,
              35.3081938
            ],
            [
              -120.6592524,
              35.3082273
            ],
            [
              -120.6592084,
              35.30822
            ],
            [
              -120.6591713,
              35.3083448
            ],
            [
              -120.6590785,
              35.308327
            ],
            [
              -120.6590296,
              35.3083176
            ],
            [
              -120.6590892,
              35.308115
            ],
            [
              -120.6590763,
              35.3081122
            ],
            [
              -120.6590824,
              35.3080882
            ],
            [
              -120.6590675,
              35.3080847
            ],
            [
              -120.6590716,
              35.3080688
            ],
            [
              -120.6590978,
              35.3079841
            ],
            [
              -120.6590714,
              35.3079773
            ],
            [
              -120.6590762,
              35.3079573
            ],
            [
              -120.6589755,
              35.3079357
            ],
            [
              -120.658967,
              35.3079622
            ],
            [
              -120.6589262,
              35.3079574
            ],
            [
              -120.6588055,
              35.308366
            ],
            [
              -120.658849,
              35.308377
            ],
            [
              -120.6588476,
              35.3083926
            ],
            [
              -120.6590317,
              35.3084287
            ]
          ]
        ]
      },
      "id": "way/45644187"
    },
    {
      "type": "Feature",
      "properties": {
        "@id": "way/45644189",
        "addr:city": "San Luis Obispo",
        "addr:postcode": "93407",
        "addr:state": "CA",
        "addr:street": "Grand",
        "building": "dormitory",
        "building:levels": "5",
        "name": "Aliso (171A)",
        "residential": "university",
        "smoking": "no",
        "wheelchair": "yes"
      },
      "geometry": {
        "type": "Polygon",
        "coordinates": [
          [
            [
              -120.6589084,
              35.3070111
            ],
            [
              -120.6589504,
              35.3069905
            ],
            [
              -120.6589364,
              35.3069696
            ],
            [
              -120.6589961,
              35.3069299
            ],
            [
              -120.6590034,
              35.3069348
            ],
            [
              -120.6591854,
              35.3069754
            ],
            [
              -120.6591964,
              35.3069382
            ],
            [
              -120.6592654,
              35.3069529
            ],
            [
              -120.6592564,
              35.3069856
            ],
            [
              -120.6594804,
              35.3070296
            ],
            [
              -120.6595784,
              35.3067061
            ],
            [
              -120.6595524,
              35.3067023
            ],
            [
              -120.6595644,
              35.3066621
            ],
            [
              -120.6594444,
              35.3066395
            ],
            [
              -120.6594304,
              35.3066867
            ],
            [
              -120.6593964,
              35.3066798
            ],
            [
              -120.6593824,
              35.306729
            ],
            [
              -120.6593704,
              35.3067271
            ],
            [
              -120.6593244,
              35.3068936
            ],
            [
              -120.6591774,
              35.3068635
            ],
            [
              -120.6592674,
              35.3065634
            ],
            [
              -120.6592464,
              35.3065587
            ],
            [
              -120.6592554,
              35.3065298
            ],
            [
              -120.6591394,
              35.3065054
            ],
            [
              -120.6591314,
              35.3065313
            ],
            [
              -120.6591094,
              35.306527
            ],
            [
              -120.6590934,
              35.3065819
            ],
            [
              -120.6591124,
              35.3065857
            ],
            [
              -120.6591094,
              35.3065966
            ],
            [
              -120.6590654,
              35.3065894
            ],
            [
              -120.6589784,
              35.3068776
            ],
            [
              -120.6589609,
              35.3068838
            ],
            [
              -120.6588934,
              35.3069182
            ],
            [
              -120.6588204,
              35.306818
            ],
            [
              -120.6587974,
              35.3068296
            ],
            [
              -120.6587614,
              35.3067831
            ],
            [
              -120.6587494,
              35.3067906
            ],
            [
              -120.6587194,
              35.3067585
            ],
            [
              -120.6586114,
              35.3068125
            ],
            [
              -120.6586384,
              35.3068438
            ],
            [
              -120.6586204,
              35.3068519
            ],
            [
              -120.6586584,
              35.3069013
            ],
            [
              -120.6586744,
              35.3068929
            ],
            [
              -120.6586974,
              35.3069269
            ],
            [
              -120.6586814,
              35.3069344
            ],
            [
              -120.6587634,
              35.3070473
            ],
            [
              -120.6587974,
              35.3070327
            ],
            [
              -120.6588064,
              35.307042
            ],
            [
              -120.6588504,
              35.3070204
            ],
            [
              -120.6588474,
              35.3070138
            ],
            [
              -120.6588934,
              35.3069906
            ],
            [
              -120.6589084,
              35.3070111
            ]
          ]
        ]
      },
      "id": "way/45644189"
    },
    {
      "type": "Feature",
      "properties": {
        "@id": "way/45644197",
        "building": "yes"
      },
      "geometry": {
        "type": "Polygon",
        "coordinates": [
          [
            [
              -120.6646868,
              35.3114103
            ],
            [
              -120.6648031,
              35.3113014
            ],
            [
              -120.6643869,
              35.3110054
            ],
            [
              -120.6642706,
              35.3111143
            ],
            [
              -120.6646868,
              35.3114103
            ]
          ]
        ]
      },
      "id": "way/45644197"
    },
    {
      "type": "Feature",
      "properties": {
        "@id": "way/45644198",
        "building": "yes"
      },
      "geometry": {
        "type": "Polygon",
        "coordinates": [
          [
            [
              -120.6653273,
              35.3108752
            ],
            [
              -120.6654142,
              35.3107882
            ],
            [
              -120.6647653,
              35.3103569
            ],
            [
              -120.6646784,
              35.3104439
            ],
            [
              -120.6653273,
              35.3108752
            ]
          ]
        ]
      },
      "id": "way/45644198"
    },
    {
      "type": "Feature",
      "properties": {
        "@id": "way/45644208",
        "addr:city": "San Luis Obispo",
        "addr:postcode": "93407",
        "addr:street": "Grand",
        "building": "yes",
        "name": "160B- Baseball Stadium, Team Room"
      },
      "geometry": {
        "type": "Polygon",
        "coordinates": [
          [
            [
              -120.6658308,
              35.3067489
            ],
            [
              -120.6658104,
              35.3065634
            ],
            [
              -120.665738,
              35.3065687
            ],
            [
              -120.6657584,
              35.3067542
            ],
            [
              -120.6658308,
              35.3067489
            ]
          ]
        ]
      },
      "id": "way/45644208"
    },
    {
      "type": "Feature",
      "properties": {
        "@id": "way/45644210",
        "building": "yes",
        "name": "160D- Batting Cages 160 North"
      },
      "geometry": {
        "type": "Polygon",
        "coordinates": [
          [
            [
              -120.6646292,
              35.3072648
            ],
            [
              -120.6646617,
              35.3071489
            ],
            [
              -120.6642789,
              35.3070774
            ],
            [
              -120.6642464,
              35.3071933
            ],
            [
              -120.6646292,
              35.3072648
            ]
          ]
        ]
      },
      "id": "way/45644210"
    },
    {
      "type": "Feature",
      "properties": {
        "@id": "way/45644211",
        "addr:city": "San Luis Obispo",
        "addr:housenumber": "161",
        "addr:postcode": "93407",
        "addr:street": "Grand",
        "building": "yes",
        "name": "161A- Sports Complex Softball Stadium, Lockers"
      },
      "geometry": {
        "type": "Polygon",
        "coordinates": [
          [
            [
              -120.6666493,
              35.3067575
            ],
            [
              -120.6666296,
              35.3068204
            ],
            [
              -120.6668633,
              35.3068692
            ],
            [
              -120.6668831,
              35.3068063
            ],
            [
              -120.6666493,
              35.3067575
            ]
          ]
        ]
      },
      "id": "way/45644211"
    },
    {
      "type": "Feature",
      "properties": {
        "@id": "way/45644220",
        "building": "yes"
      },
      "geometry": {
        "type": "Polygon",
        "coordinates": [
          [
            [
              -120.6583343,
              35.3071394
            ],
            [
              -120.6583044,
              35.307097
            ],
            [
              -120.6582611,
              35.3071173
            ],
            [
              -120.6582911,
              35.3071598
            ],
            [
              -120.6583343,
              35.3071394
            ]
          ]
        ]
      },
      "id": "way/45644220"
    },
    {
      "type": "Feature",
      "properties": {
        "@id": "way/45644221",
        "addr:city": "San Luis Obispo",
        "addr:postcode": "93407",
        "addr:state": "CA",
        "addr:street": "Grand",
        "building": "dormitory",
        "building:levels": "5",
        "name": "Huasna (171H)",
        "residential": "university",
        "smoking": "no",
        "wheelchair": "yes"
      },
      "geometry": {
        "type": "Polygon",
        "coordinates": [
          [
            [
              -120.6587239,
              35.3079061
            ],
            [
              -120.6586169,
              35.3078854
            ],
            [
              -120.6586069,
              35.3079255
            ],
            [
              -120.6585784,
              35.3079209
            ],
            [
              -120.6585713,
              35.3079595
            ],
            [
              -120.6585496,
              35.307955
            ],
            [
              -120.6585418,
              35.3079877
            ],
            [
              -120.658526,
              35.3079851
            ],
            [
              -120.658473,
              35.3081758
            ],
            [
              -120.6583976,
              35.308162
            ],
            [
              -120.6583457,
              35.3081525
            ],
            [
              -120.6583795,
              35.3080319
            ],
            [
              -120.6583362,
              35.3080242
            ],
            [
              -120.6583508,
              35.3079671
            ],
            [
              -120.658363,
              35.3079611
            ],
            [
              -120.6583476,
              35.3079405
            ],
            [
              -120.6583294,
              35.3079162
            ],
            [
              -120.6583522,
              35.3079035
            ],
            [
              -120.6582959,
              35.307831
            ],
            [
              -120.6582053,
              35.3077065
            ],
            [
              -120.6581783,
              35.3077203
            ],
            [
              -120.658127,
              35.3076522
            ],
            [
              -120.6581054,
              35.3076615
            ],
            [
              -120.6580697,
              35.3076146
            ],
            [
              -120.6579719,
              35.3076662
            ],
            [
              -120.6580079,
              35.3077111
            ],
            [
              -120.6579824,
              35.3077265
            ],
            [
              -120.6581707,
              35.3079892
            ],
            [
              -120.6581494,
              35.308038
            ],
            [
              -120.6581416,
              35.3080901
            ],
            [
              -120.6581138,
              35.3080863
            ],
            [
              -120.6581061,
              35.3081134
            ],
            [
              -120.6579863,
              35.3080916
            ],
            [
              -120.6580092,
              35.308078
            ],
            [
              -120.6580013,
              35.3080673
            ],
            [
              -120.6580395,
              35.3080466
            ],
            [
              -120.6579846,
              35.307971
            ],
            [
              -120.6578919,
              35.3078521
            ],
            [
              -120.6578572,
              35.3078696
            ],
            [
              -120.6578381,
              35.3078457
            ],
            [
              -120.6578674,
              35.3078293
            ],
            [
              -120.6578226,
              35.3077651
            ],
            [
              -120.6578023,
              35.3077741
            ],
            [
              -120.6577751,
              35.3077289
            ],
            [
              -120.6576677,
              35.3077805
            ],
            [
              -120.657702,
              35.3078255
            ],
            [
              -120.6576827,
              35.3078367
            ],
            [
              -120.657714,
              35.307878
            ],
            [
              -120.6577573,
              35.3078555
            ],
            [
              -120.6577664,
              35.3078682
            ],
            [
              -120.657735,
              35.3078839
            ],
            [
              -120.6577444,
              35.3078945
            ],
            [
              -120.6577037,
              35.3079174
            ],
            [
              -120.6578673,
              35.308134
            ],
            [
              -120.657906,
              35.3081143
            ],
            [
              -120.6579147,
              35.3081254
            ],
            [
              -120.657955,
              35.3081057
            ],
            [
              -120.657941,
              35.3081526
            ],
            [
              -120.6579593,
              35.3081551
            ],
            [
              -120.6579474,
              35.3081923
            ],
            [
              -120.6585193,
              35.3083051
            ],
            [
              -120.6585372,
              35.3082587
            ],
            [
              -120.6586077,
              35.3082727
            ],
            [
              -120.6586117,
              35.3082587
            ],
            [
              -120.6586543,
              35.3082678
            ],
            [
              -120.6587199,
              35.3080462
            ],
            [
              -120.6586751,
              35.3080378
            ],
            [
              -120.6586798,
              35.3080239
            ],
            [
              -120.658713,
              35.3080309
            ],
            [
              -120.6587414,
              35.3079526
            ],
            [
              -120.658712,
              35.3079483
            ],
            [
              -120.6587239,
              35.3079061
            ]
          ]
        ]
      },
      "id": "way/45644221"
    },
    {
      "type": "Feature",
      "properties": {
        "@id": "way/160281818",
        "building": "university"
      },
      "geometry": {
        "type": "Polygon",
        "coordinates": [
          [
            [
              -120.6603282,
              35.3042321
            ],
            [
              -120.6602986,
              35.3039563
            ],
            [
              -120.6600643,
              35.3039731
            ],
            [
              -120.660079,
              35.3041101
            ],
            [
              -120.6600127,
              35.3041149
            ],
            [
              -120.6600276,
              35.3042536
            ],
            [
              -120.6603282,
              35.3042321
            ]
          ]
        ]
      },
      "id": "way/160281818"
    },
    {
      "type": "Feature",
      "properties": {
        "@id": "way/160990137",
        "addr:city": "San Luis Obispo",
        "addr:postcode": "93407",
        "addr:street": "Grand",
        "building": "yes",
        "name": "171A"
      },
      "geometry": {
        "type": "Polygon",
        "coordinates": [
          [
            [
              -120.6592829,
              35.3073023
            ],
            [
              -120.659111,
              35.3074003
            ],
            [
              -120.6591446,
              35.3074413
            ],
            [
              -120.659324,
              35.3073397
            ],
            [
              -120.6592829,
              35.3073023
            ]
          ]
        ]
      },
      "id": "way/160990137"
    },
    {
      "type": "Feature",
      "properties": {
        "@id": "way/160990139",
        "addr:city": "San Luis Obispo",
        "addr:postcode": "93407",
        "addr:street": "Grand",
        "building": "apartments",
        "name": "171A"
      },
      "geometry": {
        "type": "Polygon",
        "coordinates": [
          [
            [
              -120.6594606,
              35.3074141
            ],
            [
              -120.6594959,
              35.3073853
            ],
            [
              -120.6594537,
              35.3073227
            ],
            [
              -120.6594913,
              35.3073032
            ],
            [
              -120.6595172,
              35.3072235
            ],
            [
              -120.6594397,
              35.3072068
            ],
            [
              -120.6594454,
              35.3071858
            ],
            [
              -120.6593697,
              35.3071708
            ],
            [
              -120.6593668,
              35.3071813
            ],
            [
              -120.6593251,
              35.3071745
            ],
            [
              -120.6593107,
              35.3072318
            ],
            [
              -120.6593407,
              35.3072388
            ],
            [
              -120.6593178,
              35.3072865
            ],
            [
              -120.6592829,
              35.3073023
            ],
            [
              -120.659324,
              35.3073397
            ],
            [
              -120.6593526,
              35.3073495
            ],
            [
              -120.6593636,
              35.3073637
            ],
            [
              -120.6594146,
              35.3073379
            ],
            [
              -120.6594606,
              35.3074141
            ]
          ]
        ]
      },
      "id": "way/160990139"
    },
    {
      "type": "Feature",
      "properties": {
        "@id": "way/160990143",
        "addr:city": "San Luis Obispo",
        "addr:postcode": "93407",
        "addr:street": "Grand",
        "building": "yes"
      },
      "geometry": {
        "type": "Polygon",
        "coordinates": [
          [
            [
              -120.6588755,
              35.3073821
            ],
            [
              -120.6587917,
              35.3072706
            ],
            [
              -120.6587569,
              35.3072881
            ],
            [
              -120.6587743,
              35.3073113
            ],
            [
              -120.6588407,
              35.3073995
            ],
            [
              -120.6588755,
              35.3073821
            ]
          ]
        ]
      },
      "id": "way/160990143"
    },
    {
      "type": "Feature",
      "properties": {
        "@id": "way/160990147",
        "addr:city": "San Luis Obispo",
        "addr:postcode": "93407",
        "addr:state": "CA",
        "addr:street": "Grand",
        "building": "dormitory",
        "building:levels": "5",
        "name": "Buena Vista (171B)",
        "residential": "university",
        "smoking": "no",
        "wheelchair": "yes"
      },
      "geometry": {
        "type": "Polygon",
        "coordinates": [
          [
            [
              -120.6596896,
              35.3076411
            ],
            [
              -120.6596246,
              35.3075551
            ],
            [
              -120.6595766,
              35.3075758
            ],
            [
              -120.6595656,
              35.3075642
            ],
            [
              -120.6595146,
              35.3075923
            ],
            [
              -120.6594996,
              35.3075741
            ],
            [
              -120.6592516,
              35.3076958
            ],
            [
              -120.6592716,
              35.3077263
            ],
            [
              -120.6592216,
              35.3077501
            ],
            [
              -120.6591976,
              35.3077458
            ],
            [
              -120.6591596,
              35.3077395
            ],
            [
              -120.6592026,
              35.3075857
            ],
            [
              -120.6593346,
              35.3075212
            ],
            [
              -120.6593266,
              35.3075091
            ],
            [
              -120.6593856,
              35.3074796
            ],
            [
              -120.6593796,
              35.3074724
            ],
            [
              -120.6594216,
              35.3074531
            ],
            [
              -120.6594106,
              35.3074381
            ],
            [
              -120.6594606,
              35.3074141
            ],
            [
              -120.6594146,
              35.3073379
            ],
            [
              -120.6593636,
              35.3073637
            ],
            [
              -120.6593526,
              35.3073495
            ],
            [
              -120.659324,
              35.3073397
            ],
            [
              -120.6591446,
              35.3074413
            ],
            [
              -120.6590316,
              35.3075
            ],
            [
              -120.6590516,
              35.3075259
            ],
            [
              -120.6590396,
              35.3075318
            ],
            [
              -120.6590576,
              35.3075616
            ],
            [
              -120.6590286,
              35.3075573
            ],
            [
              -120.6590276,
              35.3075649
            ],
            [
              -120.6590146,
              35.3075628
            ],
            [
              -120.6589486,
              35.3077798
            ],
            [
              -120.6589846,
              35.3077883
            ],
            [
              -120.6589816,
              35.3078029
            ],
            [
              -120.6591696,
              35.3078387
            ],
            [
              -120.6591766,
              35.3078126
            ],
            [
              -120.6592076,
              35.3078186
            ],
            [
              -120.6592616,
              35.3078293
            ],
            [
              -120.6592826,
              35.3078182
            ],
            [
              -120.6593036,
              35.3078469
            ],
            [
              -120.6596526,
              35.3076795
            ],
            [
              -120.6596416,
              35.3076651
            ],
            [
              -120.6596896,
              35.3076411
            ]
          ]
        ]
      },
      "id": "way/160990147"
    },
    {
      "type": "Feature",
      "properties": {
        "@id": "way/160990152",
        "addr:city": "San Luis Obispo",
        "addr:postcode": "93407",
        "addr:state": "CA",
        "addr:street": "Grand",
        "building": "dormitory",
        "building:levels": "5",
        "name": "Inyo (171I)",
        "residential": "university",
        "smoking": "no"
      },
      "geometry": {
        "type": "Polygon",
        "coordinates": [
          [
            [
              -120.6586223,
              35.3073334
            ],
            [
              -120.6586498,
              35.3073715
            ],
            [
              -120.6586261,
              35.307384
            ],
            [
              -120.6586762,
              35.3074532
            ],
            [
              -120.6586943,
              35.3074453
            ],
            [
              -120.6587181,
              35.3074757
            ],
            [
              -120.6586732,
              35.3076309
            ],
            [
              -120.6586291,
              35.3076229
            ],
            [
              -120.658604,
              35.3075876
            ],
            [
              -120.6585026,
              35.3074449
            ],
            [
              -120.6584862,
              35.3074538
            ],
            [
              -120.6584577,
              35.3074151
            ],
            [
              -120.6583501,
              35.3074671
            ],
            [
              -120.6583799,
              35.3075084
            ],
            [
              -120.6583601,
              35.3075179
            ],
            [
              -120.6584104,
              35.3075848
            ],
            [
              -120.6583891,
              35.3075955
            ],
            [
              -120.6584699,
              35.3077037
            ],
            [
              -120.6585014,
              35.3076858
            ],
            [
              -120.6585125,
              35.3076994
            ],
            [
              -120.6585897,
              35.3076597
            ],
            [
              -120.6586025,
              35.3076626
            ],
            [
              -120.6585969,
              35.3076854
            ],
            [
              -120.6586129,
              35.3076882
            ],
            [
              -120.6586044,
              35.3077214
            ],
            [
              -120.6587357,
              35.3077465
            ],
            [
              -120.6587324,
              35.3077554
            ],
            [
              -120.6587877,
              35.3077664
            ],
            [
              -120.6587911,
              35.3077517
            ],
            [
              -120.6588308,
              35.3077586
            ],
            [
              -120.6588995,
              35.3075273
            ],
            [
              -120.6588626,
              35.3075201
            ],
            [
              -120.6588641,
              35.3075077
            ],
            [
              -120.6588233,
              35.3074977
            ],
            [
              -120.6588527,
              35.3074822
            ],
            [
              -120.6588436,
              35.3074692
            ],
            [
              -120.6588777,
              35.3074527
            ],
            [
              -120.6588407,
              35.3073995
            ],
            [
              -120.6587743,
              35.3073113
            ],
            [
              -120.6587592,
              35.3073194
            ],
            [
              -120.6587289,
              35.3072802
            ],
            [
              -120.6586223,
              35.3073334
            ]
          ]
        ]
      },
      "id": "way/160990152"
    },
    {
      "type": "Feature",
      "properties": {
        "@id": "way/161617357",
        "addr:city": "San Luis Obispo",
        "addr:state": "CA",
        "building": "riding_hall",
        "name": "Equine Center Pavilion (032-A)",
        "sport": "equestrian"
      },
      "geometry": {
        "type": "Polygon",
        "coordinates": [
          [
            [
              -120.664253,
              35.3106217
            ],
            [
              -120.6638359,
              35.3103882
            ],
            [
              -120.6632041,
              35.3111398
            ],
            [
              -120.6636213,
              35.3113733
            ],
            [
              -120.664253,
              35.3106217
            ]
          ]
        ]
      },
      "id": "way/161617357"
    },
    {
      "type": "Feature",
      "properties": {
        "@id": "way/204428008",
        "building": "yes"
      },
      "geometry": {
        "type": "Polygon",
        "coordinates": [
          [
            [
              -120.6599522,
              35.3072616
            ],
            [
              -120.6601152,
              35.3072118
            ],
            [
              -120.6600132,
              35.3069897
            ],
            [
              -120.6598502,
              35.3070394
            ],
            [
              -120.6599522,
              35.3072616
            ]
          ]
        ]
      },
      "id": "way/204428008"
    },
    {
      "type": "Feature",
      "properties": {
        "@id": "way/205393245",
        "building": "yes"
      },
      "geometry": {
        "type": "Polygon",
        "coordinates": [
          [
            [
              -120.6624794,
              35.3094922
            ],
            [
              -120.6622487,
              35.309539
            ],
            [
              -120.6622672,
              35.3095997
            ],
            [
              -120.6623187,
              35.3095892
            ],
            [
              -120.6623154,
              35.3095784
            ],
            [
              -120.6623681,
              35.3095677
            ],
            [
              -120.6623647,
              35.3095568
            ],
            [
              -120.662417,
              35.3095462
            ],
            [
              -120.662414,
              35.3095363
            ],
            [
              -120.6624883,
              35.3095212
            ],
            [
              -120.6624794,
              35.3094922
            ]
          ]
        ]
      },
      "id": "way/205393245"
    },
    {
      "type": "Feature",
      "properties": {
        "@id": "way/205393246",
        "building": "yes",
        "name": "48L0 EHS Greenhouse"
      },
      "geometry": {
        "type": "Polygon",
        "coordinates": [
          [
            [
              -120.6624974,
              35.3088736
            ],
            [
              -120.662294,
              35.3089145
            ],
            [
              -120.6623237,
              35.3090127
            ],
            [
              -120.662527,
              35.3089719
            ],
            [
              -120.6624974,
              35.3088736
            ]
          ]
        ]
      },
      "id": "way/205393246"
    },
    {
      "type": "Feature",
      "properties": {
        "@id": "way/205393248",
        "building": "yes"
      },
      "geometry": {
        "type": "Polygon",
        "coordinates": [
          [
            [
              -120.6604507,
              35.3070655
            ],
            [
              -120.6603767,
              35.3070883
            ],
            [
              -120.6604107,
              35.3071613
            ],
            [
              -120.6604847,
              35.3071386
            ],
            [
              -120.6604507,
              35.3070655
            ]
          ]
        ]
      },
      "id": "way/205393248"
    },
    {
      "type": "Feature",
      "properties": {
        "@id": "way/205393249",
        "building": "yes"
      },
      "geometry": {
        "type": "Polygon",
        "coordinates": [
          [
            [
              -120.659749,
              35.3070053
            ],
            [
              -120.659697,
              35.3071159
            ],
            [
              -120.659757,
              35.3071345
            ],
            [
              -120.659809,
              35.3070239
            ],
            [
              -120.659749,
              35.3070053
            ]
          ]
        ]
      },
      "id": "way/205393249"
    },
    {
      "type": "Feature",
      "properties": {
        "@id": "way/205393251",
        "building": "yes"
      },
      "geometry": {
        "type": "Polygon",
        "coordinates": [
          [
            [
              -120.6582707,
              35.3072197
            ],
            [
              -120.6581721,
              35.3072694
            ],
            [
              -120.6582067,
              35.3073152
            ],
            [
              -120.6583054,
              35.3072654
            ],
            [
              -120.6582707,
              35.3072197
            ]
          ]
        ]
      },
      "id": "way/205393251"
    },
    {
      "type": "Feature",
      "properties": {
        "@id": "way/205393252",
        "amenity": "bicycle_parking",
        "building": "yes",
        "covered": "no",
        "fee": "no",
        "indoor": "no"
      },
      "geometry": {
        "type": "Polygon",
        "coordinates": [
          [
            [
              -120.6570339,
              35.3087889
            ],
            [
              -120.6569576,
              35.30874
            ],
            [
              -120.6569179,
              35.3087813
            ],
            [
              -120.6569943,
              35.3088301
            ],
            [
              -120.6570339,
              35.3087889
            ]
          ]
        ]
      },
      "id": "way/205393252"
    },
    {
      "type": "Feature",
      "properties": {
        "@id": "way/205393261",
        "building": "yes",
        "name": "04D- Aero Jet Engine Test Facility"
      },
      "geometry": {
        "type": "Polygon",
        "coordinates": [
          [
            [
              -120.6652039,
              35.3055905
            ],
            [
              -120.6651493,
              35.3056372
            ],
            [
              -120.665208,
              35.3056768
            ],
            [
              -120.6652589,
              35.3056274
            ],
            [
              -120.6652039,
              35.3055905
            ]
          ]
        ]
      },
      "id": "way/205393261"
    },
    {
      "type": "Feature",
      "properties": {
        "@id": "way/205393267",
        "building": "yes"
      },
      "geometry": {
        "type": "Polygon",
        "coordinates": [
          [
            [
              -120.665727,
              35.3073794
            ],
            [
              -120.6656943,
              35.3074079
            ],
            [
              -120.6657162,
              35.3074247
            ],
            [
              -120.665749,
              35.3073961
            ],
            [
              -120.665727,
              35.3073794
            ]
          ]
        ]
      },
      "id": "way/205393267"
    },
    {
      "type": "Feature",
      "properties": {
        "@id": "way/205393270",
        "building": "yes"
      },
      "geometry": {
        "type": "Polygon",
        "coordinates": [
          [
            [
              -120.664144,
              35.3057518
            ],
            [
              -120.6641503,
              35.305869
            ],
            [
              -120.6641963,
              35.3058669
            ],
            [
              -120.6641867,
              35.3057535
            ],
            [
              -120.664144,
              35.3057518
            ]
          ]
        ]
      },
      "id": "way/205393270"
    },
    {
      "type": "Feature",
      "properties": {
        "@id": "way/205393278",
        "building": "yes"
      },
      "geometry": {
        "type": "Polygon",
        "coordinates": [
          [
            [
              -120.6623058,
              35.3092073
            ],
            [
              -120.6620525,
              35.3092569
            ],
            [
              -120.6621103,
              35.3094535
            ],
            [
              -120.6623636,
              35.309404
            ],
            [
              -120.6623058,
              35.3092073
            ]
          ]
        ]
      },
      "id": "way/205393278"
    },
    {
      "type": "Feature",
      "properties": {
        "@id": "way/205393280",
        "building": "yes"
      },
      "geometry": {
        "type": "Polygon",
        "coordinates": [
          [
            [
              -120.6604434,
              35.3066875
            ],
            [
              -120.6603872,
              35.3067038
            ],
            [
              -120.6604093,
              35.3067514
            ],
            [
              -120.6604659,
              35.3067342
            ],
            [
              -120.6604434,
              35.3066875
            ]
          ]
        ]
      },
      "id": "way/205393280"
    },
    {
      "type": "Feature",
      "properties": {
        "@id": "way/205393286",
        "building": "greenhouse",
        "name": "48B- EHS Lath House"
      },
      "geometry": {
        "type": "Polygon",
        "coordinates": [
          [
            [
              -120.6635264,
              35.309458
            ],
            [
              -120.6633518,
              35.3094902
            ],
            [
              -120.6633834,
              35.3096047
            ],
            [
              -120.6635581,
              35.3095726
            ],
            [
              -120.6635264,
              35.309458
            ]
          ]
        ]
      },
      "id": "way/205393286"
    },
    {
      "type": "Feature",
      "properties": {
        "@id": "way/205393288",
        "amenity": "bicycle_parking",
        "building": "yes"
      },
      "geometry": {
        "type": "Polygon",
        "coordinates": [
          [
            [
              -120.6603537,
              35.3084298
            ],
            [
              -120.6603021,
              35.3084615
            ],
            [
              -120.660371,
              35.3085306
            ],
            [
              -120.6604203,
              35.308499
            ],
            [
              -120.6603537,
              35.3084298
            ]
          ]
        ]
      },
      "id": "way/205393288"
    },
    {
      "type": "Feature",
      "properties": {
        "@id": "way/205393291",
        "amenity": "bicycle_parking",
        "building": "yes",
        "covered": "yes",
        "fee": "no"
      },
      "geometry": {
        "type": "Polygon",
        "coordinates": [
          [
            [
              -120.659873,
              35.3090231
            ],
            [
              -120.6597912,
              35.3090643
            ],
            [
              -120.6598237,
              35.3091087
            ],
            [
              -120.6599051,
              35.3090688
            ],
            [
              -120.659873,
              35.3090231
            ]
          ]
        ]
      },
      "id": "way/205393291"
    },
    {
      "type": "Feature",
      "properties": {
        "@id": "way/205393294",
        "amenity": "bicycle_parking",
        "building": "roof",
        "covered": "yes"
      },
      "geometry": {
        "type": "Polygon",
        "coordinates": [
          [
            [
              -120.6576772,
              35.3075378
            ],
            [
              -120.6575807,
              35.3075859
            ],
            [
              -120.6576142,
              35.3076327
            ],
            [
              -120.6577122,
              35.3075841
            ],
            [
              -120.6576772,
              35.3075378
            ]
          ]
        ]
      },
      "id": "way/205393294"
    },
    {
      "type": "Feature",
      "properties": {
        "@id": "way/205393296",
        "amenity": "bicycle_parking",
        "building": "yes"
      },
      "geometry": {
        "type": "Polygon",
        "coordinates": [
          [
            [
              -120.6598931,
              35.3079494
            ],
            [
              -120.6598368,
              35.3079764
            ],
            [
              -120.6598933,
              35.3080517
            ],
            [
              -120.65995,
              35.3080226
            ],
            [
              -120.6598931,
              35.3079494
            ]
          ]
        ]
      },
      "id": "way/205393296"
    },
    {
      "type": "Feature",
      "properties": {
        "@id": "way/205393298",
        "building": "yes"
      },
      "geometry": {
        "type": "Polygon",
        "coordinates": [
          [
            [
              -120.6678284,
              35.3080157
            ],
            [
              -120.6677722,
              35.3080565
            ],
            [
              -120.6678437,
              35.3081219
            ],
            [
              -120.6678999,
              35.3080811
            ],
            [
              -120.6678284,
              35.3080157
            ]
          ]
        ]
      },
      "id": "way/205393298"
    },
    {
      "type": "Feature",
      "properties": {
        "@id": "way/205393303",
        "building": "yes"
      },
      "geometry": {
        "type": "Polygon",
        "coordinates": [
          [
            [
              -120.6656043,
              35.3073014
            ],
            [
              -120.665523,
              35.3073533
            ],
            [
              -120.665548,
              35.3073795
            ],
            [
              -120.6656294,
              35.3073275
            ],
            [
              -120.6656043,
              35.3073014
            ]
          ]
        ]
      },
      "id": "way/205393303"
    },
    {
      "type": "Feature",
      "properties": {
        "@id": "way/205393305",
        "building": "yes"
      },
      "geometry": {
        "type": "Polygon",
        "coordinates": [
          [
            [
              -120.6659388,
              35.306743
            ],
            [
              -120.6659056,
              35.3067425
            ],
            [
              -120.6659044,
              35.3067904
            ],
            [
              -120.6659376,
              35.3067909
            ],
            [
              -120.6659388,
              35.306743
            ]
          ]
        ]
      },
      "id": "way/205393305"
    },
    {
      "type": "Feature",
      "properties": {
        "@id": "way/205393307",
        "building": "yes"
      },
      "geometry": {
        "type": "Polygon",
        "coordinates": [
          [
            [
              -120.6583325,
              35.3071501
            ],
            [
              -120.6582906,
              35.3071706
            ],
            [
              -120.6583419,
              35.3072407
            ],
            [
              -120.6583839,
              35.3072203
            ],
            [
              -120.6583325,
              35.3071501
            ]
          ]
        ]
      },
      "id": "way/205393307"
    },
    {
      "type": "Feature",
      "properties": {
        "@id": "way/205393309",
        "building": "yes",
        "name": "160F- Sport Complex Maintenance Building"
      },
      "geometry": {
        "type": "Polygon",
        "coordinates": [
          [
            [
              -120.6643004,
              35.3058638
            ],
            [
              -120.6642575,
              35.3059317
            ],
            [
              -120.6643842,
              35.3060264
            ],
            [
              -120.6644539,
              35.3059547
            ],
            [
              -120.6643004,
              35.3058638
            ]
          ]
        ]
      },
      "id": "way/205393309"
    },
    {
      "type": "Feature",
      "properties": {
        "@id": "way/205393312",
        "building": "yes"
      },
      "geometry": {
        "type": "Polygon",
        "coordinates": [
          [
            [
              -120.6646617,
              35.3050414
            ],
            [
              -120.664696,
              35.3050649
            ],
            [
              -120.6647227,
              35.3050389
            ],
            [
              -120.6646883,
              35.3050155
            ],
            [
              -120.6646617,
              35.3050414
            ]
          ]
        ]
      },
      "id": "way/205393312"
    },
    {
      "type": "Feature",
      "properties": {
        "@id": "way/205393314",
        "amenity": "bicycle_parking",
        "building": "yes"
      },
      "geometry": {
        "type": "Polygon",
        "coordinates": [
          [
            [
              -120.657063,
              35.3082
            ],
            [
              -120.6569934,
              35.3082709
            ],
            [
              -120.6570433,
              35.3083036
            ],
            [
              -120.6571129,
              35.3082326
            ],
            [
              -120.657063,
              35.3082
            ]
          ]
        ]
      },
      "id": "way/205393314"
    },
    {
      "type": "Feature",
      "properties": {
        "@id": "way/205393318",
        "building": "yes",
        "man_made": "storage_tank"
      },
      "geometry": {
        "type": "Polygon",
        "coordinates": [
          [
            [
              -120.6622353,
              35.309446
            ],
            [
              -120.6622376,
              35.3094544
            ],
            [
              -120.6622465,
              35.3094591
            ],
            [
              -120.6622568,
              35.3094572
            ],
            [
              -120.6622625,
              35.3094499
            ],
            [
              -120.6622602,
              35.3094415
            ],
            [
              -120.6622513,
              35.3094369
            ],
            [
              -120.662241,
              35.3094388
            ],
            [
              -120.6622353,
              35.309446
            ]
          ]
        ]
      },
      "id": "way/205393318"
    },
    {
      "type": "Feature",
      "properties": {
        "@id": "way/205407035",
        "amenity": "bicycle_parking",
        "building": "yes"
      },
      "geometry": {
        "type": "Polygon",
        "coordinates": [
          [
            [
              -120.6595993,
              35.3065278
            ],
            [
              -120.6594596,
              35.3065005
            ],
            [
              -120.6594445,
              35.306552
            ],
            [
              -120.6595841,
              35.3065794
            ],
            [
              -120.6595993,
              35.3065278
            ]
          ]
        ]
      },
      "id": "way/205407035"
    },
    {
      "type": "Feature",
      "properties": {
        "@id": "way/321174412",
        "building": "yes"
      },
      "geometry": {
        "type": "Polygon",
        "coordinates": [
          [
            [
              -120.6666785,
              35.3097323
            ],
            [
              -120.6666649,
              35.3096773
            ],
            [
              -120.6666008,
              35.3096879
            ],
            [
              -120.6666144,
              35.3097429
            ],
            [
              -120.6666785,
              35.3097323
            ]
          ]
        ]
      },
      "id": "way/321174412"
    },
    {
      "type": "Feature",
      "properties": {
        "@id": "way/329352917",
        "amenity": "bicycle_parking",
        "building": "yes",
        "covered": "yes",
        "fee": "no",
        "indoor": "no"
      },
      "geometry": {
        "type": "Polygon",
        "coordinates": [
          [
            [
              -120.6585997,
              35.3089511
            ],
            [
              -120.658562,
              35.3089439
            ],
            [
              -120.6585465,
              35.3089932
            ],
            [
              -120.6585859,
              35.3090014
            ],
            [
              -120.6585997,
              35.3089511
            ]
          ]
        ]
      },
      "id": "way/329352917"
    },
    {
      "type": "Feature",
      "properties": {
        "@id": "way/329352918",
        "amenity": "bicycle_parking",
        "building": "yes",
        "covered": "no",
        "fee": "no",
        "indoor": "no"
      },
      "geometry": {
        "type": "Polygon",
        "coordinates": [
          [
            [
              -120.6585003,
              35.3089263
            ],
            [
              -120.6584601,
              35.3089188
            ],
            [
              -120.6584458,
              35.3089701
            ],
            [
              -120.658486,
              35.3089776
            ],
            [
              -120.6585003,
              35.3089263
            ]
          ]
        ]
      },
      "id": "way/329352918"
    },
    {
      "type": "Feature",
      "properties": {
        "@id": "way/329357369",
        "building": "yes"
      },
      "geometry": {
        "type": "Polygon",
        "coordinates": [
          [
            [
              -120.6661967,
              35.3068873
            ],
            [
              -120.6661757,
              35.306868
            ],
            [
              -120.6661243,
              35.3069051
            ],
            [
              -120.6661452,
              35.3069244
            ],
            [
              -120.6661967,
              35.3068873
            ]
          ]
        ]
      },
      "id": "way/329357369"
    },
    {
      "type": "Feature",
      "properties": {
        "@id": "way/385185687",
        "building": "yes"
      },
      "geometry": {
        "type": "Polygon",
        "coordinates": [
          [
            [
              -120.6610007,
              35.3093461
            ],
            [
              -120.6609289,
              35.3092846
            ],
            [
              -120.6608673,
              35.3093326
            ],
            [
              -120.6607834,
              35.3092609
            ],
            [
              -120.6607045,
              35.3093223
            ],
            [
              -120.6606607,
              35.3092848
            ],
            [
              -120.6605639,
              35.3093602
            ],
            [
              -120.6605966,
              35.3093882
            ],
            [
              -120.6605293,
              35.3094405
            ],
            [
              -120.6606962,
              35.3095832
            ],
            [
              -120.6610007,
              35.3093461
            ]
          ]
        ]
      },
      "id": "way/385185687"
    },
    {
      "type": "Feature",
      "properties": {
        "@id": "way/779673605",
        "building": "yes",
        "name": "161C- Batting Cages 161 North"
      },
      "geometry": {
        "type": "Polygon",
        "coordinates": [
          [
            [
              -120.666089,
              35.3076436
            ],
            [
              -120.6662368,
              35.3076223
            ],
            [
              -120.6661723,
              35.3073621
            ],
            [
              -120.6660369,
              35.3073845
            ],
            [
              -120.666089,
              35.3076436
            ]
          ]
        ]
      },
      "id": "way/779673605"
    },
    {
      "type": "Feature",
      "properties": {
        "@id": "way/779674243",
        "building": "yes"
      },
      "geometry": {
        "type": "Polygon",
        "coordinates": [
          [
            [
              -120.6642915,
              35.3060483
            ],
            [
              -120.6641964,
              35.3059761
            ],
            [
              -120.6641763,
              35.3059932
            ],
            [
              -120.664274,
              35.3060667
            ],
            [
              -120.6642915,
              35.3060483
            ]
          ]
        ]
      },
      "id": "way/779674243"
    },
    {
      "type": "Feature",
      "properties": {
        "@id": "way/865443089",
        "building": "yes"
      },
      "geometry": {
        "type": "Polygon",
        "coordinates": [
          [
            [
              -120.6648237,
              35.3074501
            ],
            [
              -120.6648706,
              35.3073062
            ],
            [
              -120.6646486,
              35.307258
            ],
            [
              -120.6646017,
              35.3074019
            ],
            [
              -120.6648237,
              35.3074501
            ]
          ]
        ]
      },
      "id": "way/865443089"
    },
    {
      "type": "Feature",
      "properties": {
        "@id": "way/865449530",
        "building": "yes"
      },
      "geometry": {
        "type": "Polygon",
        "coordinates": [
          [
            [
              -120.6635138,
              35.3102482
            ],
            [
              -120.6634969,
              35.3102048
            ],
            [
              -120.6634636,
              35.3102135
            ],
            [
              -120.6634805,
              35.3102568
            ],
            [
              -120.6635138,
              35.3102482
            ]
          ]
        ]
      },
      "id": "way/865449530"
    },
    {
      "type": "Feature",
      "properties": {
        "@id": "way/865449531",
        "building": "yes"
      },
      "geometry": {
        "type": "Polygon",
        "coordinates": [
          [
            [
              -120.6634662,
              35.3102595
            ],
            [
              -120.6634526,
              35.3102141
            ],
            [
              -120.6634016,
              35.3102243
            ],
            [
              -120.6634152,
              35.3102697
            ],
            [
              -120.6634662,
              35.3102595
            ]
          ]
        ]
      },
      "id": "way/865449531"
    },
    {
      "type": "Feature",
      "properties": {
        "@id": "way/865449542",
        "building": "yes"
      },
      "geometry": {
        "type": "Polygon",
        "coordinates": [
          [
            [
              -120.6626435,
              35.3094711
            ],
            [
              -120.6626379,
              35.3094532
            ],
            [
              -120.6626076,
              35.3094595
            ],
            [
              -120.6626132,
              35.3094774
            ],
            [
              -120.6626435,
              35.3094711
            ]
          ]
        ]
      },
      "id": "way/865449542"
    },
    {
      "type": "Feature",
      "properties": {
        "@id": "way/865449543",
        "building": "yes"
      },
      "geometry": {
        "type": "Polygon",
        "coordinates": [
          [
            [
              -120.6627061,
              35.3094627
            ],
            [
              -120.6627013,
              35.3094418
            ],
            [
              -120.6626446,
              35.3094505
            ],
            [
              -120.6626494,
              35.3094714
            ],
            [
              -120.6627061,
              35.3094627
            ]
          ]
        ]
      },
      "id": "way/865449543"
    },
    {
      "type": "Feature",
      "properties": {
        "@id": "way/865472918",
        "building": "greenhouse",
        "name": "48- Environmental Horitcultural Science"
      },
      "geometry": {
        "type": "Polygon",
        "coordinates": [
          [
            [
              -120.663342,
              35.3094552
            ],
            [
              -120.6632969,
              35.3092865
            ],
            [
              -120.6631073,
              35.3093203
            ],
            [
              -120.6631525,
              35.309489
            ],
            [
              -120.663342,
              35.3094552
            ]
          ]
        ]
      },
      "id": "way/865472918"
    },
    {
      "type": "Feature",
      "properties": {
        "@id": "way/941993005",
        "building": "shed"
      },
      "geometry": {
        "type": "Polygon",
        "coordinates": [
          [
            [
              -120.6614713,
              35.3056366
            ],
            [
              -120.6614566,
              35.3056178
            ],
            [
              -120.6614312,
              35.3056292
            ],
            [
              -120.6614451,
              35.3056486
            ],
            [
              -120.6614713,
              35.3056366
            ]
          ]
        ]
      },
      "id": "way/941993005"
    },
    {
      "type": "Feature",
      "properties": {
        "@id": "way/960271028",
        "building": "greenhouse",
        "name": "Cal Poly Plant Conservatory"
      },
      "geometry": {
        "type": "Polygon",
        "coordinates": [
          [
            [
              -120.6587203,
              35.3046043
            ],
            [
              -120.6586408,
              35.304789
            ],
            [
              -120.6590988,
              35.3049075
            ],
            [
              -120.6591409,
              35.3048066
            ],
            [
              -120.659029,
              35.3047767
            ],
            [
              -120.6590587,
              35.3046998
            ],
            [
              -120.6587203,
              35.3046043
            ]
          ]
        ]
      },
      "id": "way/960271028"
    },
    {
      "type": "Feature",
      "properties": {
        "@id": "way/1115832121",
        "building": "university",
        "building:levels": "1",
        "name": "Building 072 Offices"
      },
      "geometry": {
        "type": "Polygon",
        "coordinates": [
          [
            [
              -120.6590988,
              35.3049075
            ],
            [
              -120.6591409,
              35.3048066
            ],
            [
              -120.659029,
              35.3047767
            ],
            [
              -120.6589885,
              35.3048776
            ],
            [
              -120.6590988,
              35.3049075
            ]
          ]
        ]
      },
      "id": "way/1115832121"
    },
    {
      "type": "Feature",
      "properties": {
        "@id": "way/1115832123",
        "building": "greenhouse",
        "name": "Oceano Dunes Project Hoop House"
      },
      "geometry": {
        "type": "Polygon",
        "coordinates": [
          [
            [
              -120.6624133,
              35.3098421
            ],
            [
              -120.6628137,
              35.3097383
            ],
            [
              -120.6627352,
              35.3095366
            ],
            [
              -120.6624114,
              35.3096205
            ],
            [
              -120.6624226,
              35.3096493
            ],
            [
              -120.6623459,
              35.3096691
            ],
            [
              -120.6624133,
              35.3098421
            ]
          ]
        ]
      },
      "id": "way/1115832123"
    },
    {
      "type": "Feature",
      "properties": {
        "@id": "node/993419706",
        "amenity": "post_office",
        "name": "Canyon Post"
      },
      "geometry": {
        "type": "Point",
        "coordinates": [
          -120.659437,
          35.3068951
        ]
      },
      "id": "node/993419706"
    },
    {
      "type": "Feature",
      "properties": {
        "@id": "node/1562064601",
        "amenity": "bench",
        "backrest": "no"
      },
      "geometry": {
        "type": "Point",
        "coordinates": [
          -120.659721,
          35.3068051
        ]
      },
      "id": "node/1562064601"
    },
    {
      "type": "Feature",
      "properties": {
        "@id": "node/2205784729",
        "addr:city": "San Luis Obispo",
        "amenity": "toilets",
        "wheelchair": "yes"
      },
      "geometry": {
        "type": "Point",
        "coordinates": [
          -120.665795,
          35.306666
        ]
      },
      "id": "node/2205784729"
    },
    {
      "type": "Feature",
      "properties": {
        "@id": "node/3362203550",
        "amenity": "waste_disposal"
      },
      "geometry": {
        "type": "Point",
        "coordinates": [
          -120.6575148,
          35.3042278
        ]
      },
      "id": "node/3362203550"
    },
    {
      "type": "Feature",
      "properties": {
        "@id": "node/3362203630",
        "amenity": "waste_disposal"
      },
      "geometry": {
        "type": "Point",
        "coordinates": [
          -120.6576303,
          35.3050837
        ]
      },
      "id": "node/3362203630"
    },
    {
      "type": "Feature",
      "properties": {
        "@id": "node/3362203646",
        "amenity": "waste_disposal"
      },
      "geometry": {
        "type": "Point",
        "coordinates": [
          -120.6568313,
          35.3052317
        ]
      },
      "id": "node/3362203646"
    },
    {
      "type": "Feature",
      "properties": {
        "@id": "node/4368699003",
        "amenity": "atm",
        "brand": "Bank of America",
        "brand:wikidata": "Q487907",
        "name": "Bank of America",
        "operator": "Bank of America",
        "operator:wikidata": "Q487907",
        "operator:wikipedia": "en:Bank of America"
      },
      "geometry": {
        "type": "Point",
        "coordinates": [
          -120.659274,
          35.3069341
        ]
      },
      "id": "node/4368699003"
    },
    {
      "type": "Feature",
      "properties": {
        "@id": "node/6223945612",
        "amenity": "bicycle_repair_station",
        "covered": "no",
        "fee": "no",
        "indoor": "no",
        "opening_hours": "24/7",
        "operator": "California Polytechnic State University",
        "service:bicycle:pump": "yes",
        "service:bicycle:tools": "yes"
      },
      "geometry": {
        "type": "Point",
        "coordinates": [
          -120.658651,
          35.3091269
        ]
      },
      "id": "node/6223945612"
    },
    {
      "type": "Feature",
      "properties": {
        "@id": "node/6237289418",
        "amenity": "recycling",
        "recycling_type": "container"
      },
      "geometry": {
        "type": "Point",
        "coordinates": [
          -120.6578175,
          35.3088492
        ]
      },
      "id": "node/6237289418"
    },
    {
      "type": "Feature",
      "properties": {
        "@id": "node/6635965683",
        "amenity": "bicycle_repair_station",
        "fee": "no",
        "opening_hours": "24/7",
        "operator": "California Polytechnic State University",
        "service:bicycle:pump": "yes",
        "service:bicycle:tools": "yes"
      },
      "geometry": {
        "type": "Point",
        "coordinates": [
          -120.6605843,
          35.3049712
        ]
      },
      "id": "node/6635965683"
    },
    {
      "type": "Feature",
      "properties": {
        "@id": "node/8921093981",
        "amenity": "bicycle_parking",
        "bicycle_parking": "lockers"
      },
      "geometry": {
        "type": "Point",
        "coordinates": [
          -120.6601332,
          35.309406
        ]
      },
      "id": "node/8921093981"
    },
    {
      "type": "Feature",
      "properties": {
        "@id": "node/8921093982",
        "amenity": "bicycle_parking"
      },
      "geometry": {
        "type": "Point",
        "coordinates": [
          -120.6587733,
          35.309181
        ]
      },
      "id": "node/8921093982"
    },
    {
      "type": "Feature",
      "properties": {
        "@id": "node/8921093994",
        "amenity": "bicycle_parking"
      },
      "geometry": {
        "type": "Point",
        "coordinates": [
          -120.6583177,
          35.3090556
        ]
      },
      "id": "node/8921093994"
    },
    {
      "type": "Feature",
      "properties": {
        "@id": "node/8921093995",
        "access": "yes",
        "amenity": "bicycle_parking",
        "bicycle_parking": "lockers",
        "covered": "yes",
        "fee": "no",
        "indoor": "no",
        "lit": "yes"
      },
      "geometry": {
        "type": "Point",
        "coordinates": [
          -120.660681,
          35.3062849
        ]
      },
      "id": "node/8921093995"
    },
    {
      "type": "Feature",
      "properties": {
        "@id": "node/8921115922",
        "amenity": "bicycle_parking"
      },
      "geometry": {
        "type": "Point",
        "coordinates": [
          -120.6577761,
          35.3085386
        ]
      },
      "id": "node/8921115922"
    },
    {
      "type": "Feature",
      "properties": {
        "@id": "node/8921115925",
        "amenity": "bicycle_parking"
      },
      "geometry": {
        "type": "Point",
        "coordinates": [
          -120.6569985,
          35.3082326
        ]
      },
      "id": "node/8921115925"
    },
    {
      "type": "Feature",
      "properties": {
        "@id": "node/8921115928",
        "amenity": "bicycle_parking",
        "covered": "no",
        "fee": "no",
        "indoor": "no"
      },
      "geometry": {
        "type": "Point",
        "coordinates": [
          -120.657427,
          35.3078003
        ]
      },
      "id": "node/8921115928"
    },
    {
      "type": "Feature",
      "properties": {
        "@id": "node/8923641768",
        "amenity": "bicycle_parking",
        "covered": "no",
        "fee": "no",
        "indoor": "no",
        "lit": "yes"
      },
      "geometry": {
        "type": "Point",
        "coordinates": [
          -120.65894,
          35.3066015
        ]
      },
      "id": "node/8923641768"
    },
    {
      "type": "Feature",
      "properties": {
        "@id": "node/8923641803",
        "amenity": "bicycle_parking"
      },
      "geometry": {
        "type": "Point",
        "coordinates": [
          -120.659525,
          35.3087557
        ]
      },
      "id": "node/8923641803"
    },
    {
      "type": "Feature",
      "properties": {
        "@id": "node/9661207970",
        "amenity": "recycling",
        "indoor": "no",
        "recycling_type": "container"
      },
      "geometry": {
        "type": "Point",
        "coordinates": [
          -120.6595128,
          35.3070518
        ]
      },
      "id": "node/9661207970"
    },
    {
      "type": "Feature",
      "properties": {
        "@id": "node/9661207971",
        "amenity": "waste_basket",
        "indoor": "no"
      },
      "geometry": {
        "type": "Point",
        "coordinates": [
          -120.659493,
          35.3070461
        ]
      },
      "id": "node/9661207971"
    },
    {
      "type": "Feature",
      "properties": {
        "@id": "node/9661207972",
        "amenity": "vending_machine",
        "description": "Mustang News",
        "fee": "no",
        "indoor": "no",
        "operator": "Cal Poly",
        "vending": "newspapers"
      },
      "geometry": {
        "type": "Point",
        "coordinates": [
          -120.6594517,
          35.3070408
        ]
      },
      "id": "node/9661207972"
    },
    {
      "type": "Feature",
      "properties": {
        "@id": "node/9661207975",
        "amenity": "car_sharing",
        "operator": "Zipcar",
        "operator:wikidata": "Q1069924",
        "operator:wikipedia": "en:Zipcar",
        "supervised": "no"
      },
      "geometry": {
        "type": "Point",
        "coordinates": [
          -120.6581961,
          35.3076261
        ]
      },
      "id": "node/9661207975"
    },
    {
      "type": "Feature",
      "properties": {
        "@id": "node/9661207976",
        "amenity": "drinking_water",
        "bottle": "yes",
        "covered": "no",
        "fee": "no",
        "indoor": "no",
        "lit": "yes",
        "wheelchair": "yes"
      },
      "geometry": {
        "type": "Point",
        "coordinates": [
          -120.6579375,
          35.3074545
        ]
      },
      "id": "node/9661207976"
    },
    {
      "type": "Feature",
      "properties": {
        "@id": "node/9661207977",
        "amenity": "bench",
        "backrest": "yes"
      },
      "geometry": {
        "type": "Point",
        "coordinates": [
          -120.6575779,
          35.3076338
        ]
      },
      "id": "node/9661207977"
    },
    {
      "type": "Feature",
      "properties": {
        "@id": "node/9661207978",
        "amenity": "bicycle_repair_station",
        "colour": "green",
        "covered": "no",
        "fee": "no",
        "indoor": "no",
        "opening_hours": "24/7"
      },
      "geometry": {
        "type": "Point",
        "coordinates": [
          -120.6574633,
          35.3077104
        ]
      },
      "id": "node/9661207978"
    },
    {
      "type": "Feature",
      "properties": {
        "@id": "node/9661207980",
        "amenity": "vending_machine",
        "covered": "no",
        "indoor": "no",
        "vending": "parking_tickets"
      },
      "geometry": {
        "type": "Point",
        "coordinates": [
          -120.6639724,
          35.307556
        ]
      },
      "id": "node/9661207980"
    },
    {
      "type": "Feature",
      "properties": {
        "@id": "node/9661207981",
        "amenity": "waste_basket",
        "covered": "no",
        "indoor": "no"
      },
      "geometry": {
        "type": "Point",
        "coordinates": [
          -120.6656794,
          35.3076366
        ]
      },
      "id": "node/9661207981"
    },
    {
      "type": "Feature",
      "properties": {
        "@id": "node/9661207982",
        "amenity": "recycling",
        "covered": "no",
        "indoor": "no",
        "recycling_type": "container"
      },
      "geometry": {
        "type": "Point",
        "coordinates": [
          -120.6656713,
          35.3076283
        ]
      },
      "id": "node/9661207982"
    },
    {
      "type": "Feature",
      "properties": {
        "@id": "node/9661207983",
        "amenity": "vending_machine",
        "covered": "no",
        "indoor": "no",
        "vending": "parking_tickets"
      },
      "geometry": {
        "type": "Point",
        "coordinates": [
          -120.6671694,
          35.3076952
        ]
      },
      "id": "node/9661207983"
    },
    {
      "type": "Feature",
      "properties": {
        "@id": "node/9662164675",
        "amenity": "recycling",
        "covered": "no",
        "indoor": "no",
        "recycling_type": "container"
      },
      "geometry": {
        "type": "Point",
        "coordinates": [
          -120.6592391,
          35.3061082
        ]
      },
      "id": "node/9662164675"
    },
    {
      "type": "Feature",
      "properties": {
        "@id": "node/9662164676",
        "amenity": "waste_basket",
        "covered": "no",
        "indoor": "no"
      },
      "geometry": {
        "type": "Point",
        "coordinates": [
          -120.659252,
          35.3061069
        ]
      },
      "id": "node/9662164676"
    },
    {
      "type": "Feature",
      "properties": {
        "@id": "node/9662164677",
        "amenity": "bench",
        "backrest": "yes"
      },
      "geometry": {
        "type": "Point",
        "coordinates": [
          -120.658871,
          35.306642
        ]
      },
      "id": "node/9662164677"
    },
    {
      "type": "Feature",
      "properties": {
        "@id": "node/9662164678",
        "amenity": "bench",
        "backrest": "no"
      },
      "geometry": {
        "type": "Point",
        "coordinates": [
          -120.6589367,
          35.3068805
        ]
      },
      "id": "node/9662164678"
    },
    {
      "type": "Feature",
      "properties": {
        "@id": "node/9662164679",
        "amenity": "bench",
        "backrest": "yes"
      },
      "geometry": {
        "type": "Point",
        "coordinates": [
          -120.6593852,
          35.3066471
        ]
      },
      "id": "node/9662164679"
    },
    {
      "type": "Feature",
      "properties": {
        "@id": "node/9662164680",
        "amenity": "bench",
        "backrest": "yes"
      },
      "geometry": {
        "type": "Point",
        "coordinates": [
          -120.6593464,
          35.30678
        ]
      },
      "id": "node/9662164680"
    },
    {
      "type": "Feature",
      "properties": {
        "@id": "node/9662164681",
        "amenity": "bench",
        "backrest": "yes"
      },
      "geometry": {
        "type": "Point",
        "coordinates": [
          -120.6592873,
          35.3066342
        ]
      },
      "id": "node/9662164681"
    },
    {
      "type": "Feature",
      "properties": {
        "@id": "node/9662164682",
        "amenity": "bench",
        "backrest": "yes"
      },
      "geometry": {
        "type": "Point",
        "coordinates": [
          -120.6592427,
          35.3067726
        ]
      },
      "id": "node/9662164682"
    },
    {
      "type": "Feature",
      "properties": {
        "@id": "node/9662164683",
        "amenity": "bbq",
        "covered": "no",
        "fuel": "charcoal",
        "lit": "yes"
      },
      "geometry": {
        "type": "Point",
        "coordinates": [
          -120.6593185,
          35.3066232
        ]
      },
      "id": "node/9662164683"
    },
    {
      "type": "Feature",
      "properties": {
        "@id": "node/9663572681",
        "amenity": "vending_machine",
        "bin": "no",
        "covered": "no",
        "fee": "no",
        "indoor": "no",
        "vending": "excrement_bags"
      },
      "geometry": {
        "type": "Point",
        "coordinates": [
          -120.6670408,
          35.3075579
        ]
      },
      "id": "node/9663572681"
    },
    {
      "type": "Feature",
      "properties": {
        "@id": "node/9663572682",
        "amenity": "drinking_water",
        "bottle": "no",
        "covered": "no",
        "fee": "no",
        "indoor": "no",
        "lit": "yes",
        "wheelchair": "yes"
      },
      "geometry": {
        "type": "Point",
        "coordinates": [
          -120.66758,
          35.3081129
        ]
      },
      "id": "node/9663572682"
    },
    {
      "type": "Feature",
      "properties": {
        "@id": "node/9663572683",
        "amenity": "waste_basket",
        "covered": "no",
        "indoor": "no"
      },
      "geometry": {
        "type": "Point",
        "coordinates": [
          -120.6677809,
          35.3079727
        ]
      },
      "id": "node/9663572683"
    },
    {
      "type": "Feature",
      "properties": {
        "@id": "node/9663572684",
        "amenity": "recycling",
        "covered": "no",
        "indoor": "no",
        "recycling_type": "container"
      },
      "geometry": {
        "type": "Point",
        "coordinates": [
          -120.6677944,
          35.307983
        ]
      },
      "id": "node/9663572684"
    },
    {
      "type": "Feature",
      "properties": {
        "@id": "node/9663572687",
        "amenity": "waste_basket",
        "covered": "no",
        "indoor": "no"
      },
      "geometry": {
        "type": "Point",
        "coordinates": [
          -120.6679566,
          35.3082011
        ]
      },
      "id": "node/9663572687"
    },
    {
      "type": "Feature",
      "properties": {
        "@id": "node/9668219955",
        "amenity": "bench",
        "backrest": "yes",
        "colour": "white",
        "lit": "yes",
        "material": "concrete"
      },
      "geometry": {
        "type": "Point",
        "coordinates": [
          -120.6572852,
          35.3042591
        ]
      },
      "id": "node/9668219955"
    },
    {
      "type": "Feature",
      "properties": {
        "@id": "node/9668219956",
        "amenity": "bench",
        "backrest": "yes",
        "colour": "white",
        "lit": "yes",
        "material": "concrete"
      },
      "geometry": {
        "type": "Point",
        "coordinates": [
          -120.6572644,
          35.3042296
        ]
      },
      "id": "node/9668219956"
    },
    {
      "type": "Feature",
      "properties": {
        "@id": "node/9668219957",
        "amenity": "bench",
        "backrest": "yes",
        "colour": "white",
        "lit": "yes",
        "material": "concrete"
      },
      "geometry": {
        "type": "Point",
        "coordinates": [
          -120.6572143,
          35.3042753
        ]
      },
      "id": "node/9668219957"
    },
    {
      "type": "Feature",
      "properties": {
        "@id": "node/9668219958",
        "amenity": "bench",
        "backrest": "yes",
        "colour": "white",
        "lit": "yes",
        "material": "concrete"
      },
      "geometry": {
        "type": "Point",
        "coordinates": [
          -120.6571548,
          35.3041943
        ]
      },
      "id": "node/9668219958"
    },
    {
      "type": "Feature",
      "properties": {
        "@id": "node/9668219960",
        "amenity": "vending_machine",
        "bin": "no",
        "covered": "no",
        "fee": "no",
        "indoor": "no",
        "vending": "excrement_bags"
      },
      "geometry": {
        "type": "Point",
        "coordinates": [
          -120.6572274,
          35.3043021
        ]
      },
      "id": "node/9668219960"
    },
    {
      "type": "Feature",
      "properties": {
        "@id": "node/9668219961",
        "amenity": "bench",
        "backrest": "yes",
        "colour": "white",
        "lit": "yes",
        "material": "concrete"
      },
      "geometry": {
        "type": "Point",
        "coordinates": [
          -120.65725,
          35.3043445
        ]
      },
      "id": "node/9668219961"
    },
    {
      "type": "Feature",
      "properties": {
        "@id": "node/9668219962",
        "amenity": "waste_basket",
        "covered": "no",
        "indoor": "no"
      },
      "geometry": {
        "type": "Point",
        "coordinates": [
          -120.6572527,
          35.3042138
        ]
      },
      "id": "node/9668219962"
    },
    {
      "type": "Feature",
      "properties": {
        "@id": "node/9668219963",
        "amenity": "recycling",
        "covered": "no",
        "indoor": "no",
        "recycling_type": "container"
      },
      "geometry": {
        "type": "Point",
        "coordinates": [
          -120.6572464,
          35.3042053
        ]
      },
      "id": "node/9668219963"
    },
    {
      "type": "Feature",
      "properties": {
        "@id": "node/9668219964",
        "amenity": "bench",
        "backrest": "yes",
        "colour": "white",
        "lit": "yes",
        "material": "concrete"
      },
      "geometry": {
        "type": "Point",
        "coordinates": [
          -120.6573083,
          35.304707
        ]
      },
      "id": "node/9668219964"
    },
    {
      "type": "Feature",
      "properties": {
        "@id": "node/9668219965",
        "amenity": "bench",
        "backrest": "yes",
        "colour": "white",
        "lit": "yes",
        "material": "concrete"
      },
      "geometry": {
        "type": "Point",
        "coordinates": [
          -120.6593912,
          35.3075949
        ]
      },
      "id": "node/9668219965"
    },
    {
      "type": "Feature",
      "properties": {
        "@id": "node/9668219966",
        "amenity": "bench",
        "backrest": "yes",
        "colour": "white",
        "lit": "yes",
        "material": "concrete"
      },
      "geometry": {
        "type": "Point",
        "coordinates": [
          -120.6594148,
          35.3075902
        ]
      },
      "id": "node/9668219966"
    },
    {
      "type": "Feature",
      "properties": {
        "@id": "node/9668219967",
        "amenity": "bbq",
        "covered": "no",
        "fuel": "charcoal",
        "lit": "yes"
      },
      "geometry": {
        "type": "Point",
        "coordinates": [
          -120.6593593,
          35.3075171
        ]
      },
      "id": "node/9668219967"
    },
    {
      "type": "Feature",
      "properties": {
        "@id": "node/9668219968",
        "amenity": "waste_basket",
        "covered": "no",
        "indoor": "no"
      },
      "geometry": {
        "type": "Point",
        "coordinates": [
          -120.65935,
          35.3075379
        ]
      },
      "id": "node/9668219968"
    },
    {
      "type": "Feature",
      "properties": {
        "@id": "node/9668219969",
        "amenity": "recycling",
        "covered": "no",
        "indoor": "no",
        "recycling_type": "container"
      },
      "geometry": {
        "type": "Point",
        "coordinates": [
          -120.6593567,
          35.3075473
        ]
      },
      "id": "node/9668219969"
    },
    {
      "type": "Feature",
      "properties": {
        "@id": "node/9668219970",
        "amenity": "bench",
        "backrest": "yes",
        "lit": "yes"
      },
      "geometry": {
        "type": "Point",
        "coordinates": [
          -120.6571683,
          35.3084962
        ]
      },
      "id": "node/9668219970"
    },
    {
      "type": "Feature",
      "properties": {
        "@id": "node/9668219971",
        "amenity": "bench",
        "backrest": "yes",
        "lit": "yes"
      },
      "geometry": {
        "type": "Point",
        "coordinates": [
          -120.6572441,
          35.308547
        ]
      },
      "id": "node/9668219971"
    },
    {
      "type": "Feature",
      "properties": {
        "@id": "node/9668219972",
        "amenity": "bench",
        "backrest": "yes",
        "lit": "yes"
      },
      "geometry": {
        "type": "Point",
        "coordinates": [
          -120.657374,
          35.3084505
        ]
      },
      "id": "node/9668219972"
    },
    {
      "type": "Feature",
      "properties": {
        "@id": "node/9668219973",
        "amenity": "bench",
        "backrest": "yes",
        "lit": "yes"
      },
      "geometry": {
        "type": "Point",
        "coordinates": [
          -120.6572815,
          35.3084013
        ]
      },
      "id": "node/9668219973"
    },
    {
      "type": "Feature",
      "properties": {
        "@id": "node/9668219974",
        "amenity": "bbq",
        "covered": "no",
        "fuel": "charcoal",
        "lit": "yes"
      },
      "geometry": {
        "type": "Point",
        "coordinates": [
          -120.6571607,
          35.3082974
        ]
      },
      "id": "node/9668219974"
    },
    {
      "type": "Feature",
      "properties": {
        "@id": "node/9668219976",
        "amenity": "bicycle_parking",
        "covered": "no",
        "fee": "no",
        "indoor": "no",
        "lit": "yes"
      },
      "geometry": {
        "type": "Point",
        "coordinates": [
          -120.6592998,
          35.3080193
        ]
      },
      "id": "node/9668219976"
    },
    {
      "type": "Feature",
      "properties": {
        "@id": "node/9668219977",
        "amenity": "bench",
        "backrest": "yes",
        "colour": "white",
        "lit": "yes",
        "material": "concrete"
      },
      "geometry": {
        "type": "Point",
        "coordinates": [
          -120.659263,
          35.3080118
        ]
      },
      "id": "node/9668219977"
    },
    {
      "type": "Feature",
      "properties": {
        "@id": "node/9668219980",
        "amenity": "bench",
        "backrest": "yes",
        "colour": "white",
        "lit": "yes",
        "material": "concrete"
      },
      "geometry": {
        "type": "Point",
        "coordinates": [
          -120.6591744,
          35.3081154
        ]
      },
      "id": "node/9668219980"
    },
    {
      "type": "Feature",
      "properties": {
        "@id": "node/9668219981",
        "amenity": "bench",
        "backrest": "yes",
        "colour": "white",
        "lit": "yes",
        "material": "concrete"
      },
      "geometry": {
        "type": "Point",
        "coordinates": [
          -120.6591117,
          35.3081031
        ]
      },
      "id": "node/9668219981"
    },
    {
      "type": "Feature",
      "properties": {
        "@id": "node/9668219982",
        "amenity": "bench",
        "backrest": "no",
        "lit": "yes"
      },
      "geometry": {
        "type": "Point",
        "coordinates": [
          -120.6591896,
          35.3078186
        ]
      },
      "id": "node/9668219982"
    },
    {
      "type": "Feature",
      "properties": {
        "@id": "node/10205352042",
        "amenity": "fast_food",
        "brand": "Subway",
        "brand:wikidata": "Q244457",
        "cuisine": "sandwich",
        "fixme:atp": "no ATP match, check if still exists",
        "name": "Subway",
        "takeaway": "yes"
      },
      "geometry": {
        "type": "Point",
        "coordinates": [
          -120.6593383,
          35.3072205
        ]
      },
      "id": "node/10205352042"
    },
    {
      "type": "Feature",
      "properties": {
        "@id": "node/10205352043",
        "addr:city": "San Luis Obispo",
        "addr:housenumber": "1",
        "addr:postcode": "93407",
        "addr:state": "CA",
        "addr:street": "Grand Avenue",
        "addr:unit": "171B",
        "alt_name": "Einstein Brothers Bagels",
        "amenity": "fast_food",
        "branch": "Cal Poly Tech",
        "brand": "Einstein Bros. Bagels",
        "brand:wikidata": "Q5349788",
        "cuisine": "bagel",
        "name": "Einstein Bros. Bagels",
        "opening_hours": "Mo-Fr 06:00-20:00; Sa-Su 08:00-20:00",
        "phone": "+1 805-756-1953",
        "takeaway": "yes",
        "website": "https://locations.einsteinbros.com/us/ca/san-luis-obispo/1-grand-ave"
      },
      "geometry": {
        "type": "Point",
        "coordinates": [
          -120.6592536,
          35.3073523
        ]
      },
      "id": "node/10205352043"
    },
    {
      "type": "Feature",
      "properties": {
        "@id": "node/10205352044",
        "amenity": "marketplace",
        "name": "Village Market"
      },
      "geometry": {
        "type": "Point",
        "coordinates": [
          -120.659242,
          35.3073361
        ]
      },
      "id": "node/10205352044"
    },
    {
      "type": "Feature",
      "properties": {
        "@id": "node/10205352045",
        "addr:city": "San Luis Obispo",
        "addr:housenumber": "1",
        "addr:postcode": "93407",
        "addr:state": "CA",
        "addr:street": "Grand Avenue",
        "amenity": "fast_food",
        "brand": "Taco Bell",
        "brand:wikidata": "Q752941",
        "cuisine": "tex-mex",
        "name": "Taco Bell",
        "takeaway": "yes",
        "website": "https://locations.tacobell.com/ca/san-luis-obispo/1-grand-avenue.html"
      },
      "geometry": {
        "type": "Point",
        "coordinates": [
          -120.6588459,
          35.3073695
        ]
      },
      "id": "node/10205352045"
    }
  ]
}